# header of file: dynStDiag
# frequency (s):        480.000000
# phase (s)    :        240.000000
# Regions      :   0
# Fields       : ETAN     UVEL     VVEL     WVEL     THETA    PHIHYD   PHI_NH  
# Nb of levels :    1 198 198 198 198 198 198
# end of header ------------------------------------------------------------
 
 field : ETAN     ; Iter =       240 ; region #   0 ; nb.Lev =   1
 k | --   Average    -- | --   Std.Dev    -- | --     min      -- | --     max      -- | --    Vol
  0 -3.1880961049591E-13  1.6510431824137E-12 -3.3832738703861E-12  3.6807500558190E-12  3.4560000000000E+04
 
 field : UVEL     ; Iter =       240 ; region #   0 ; nb.Lev = 198
 k | --   Average    -- | --   Std.Dev    -- | --     min      -- | --     max      -- | --    Vol
  0  1.9203086704138E-25  1.6893882083949E-13 -1.5562057584967E-12  1.0940360084443E-12  1.3685760000000E+07
  1 -3.7259570422935E-23  4.7266543964461E-13 -1.5562057584967E-12  1.0940360084443E-12  6.9120000000000E+04
  2 -1.1431251390081E-23  2.4321450666917E-13 -8.3994342521725E-13  6.8002887056874E-13  6.9120000000000E+04
  3  1.4024534139173E-23  2.1547239969916E-13 -6.7511326232367E-13  9.7989552979555E-13  6.9120000000000E+04
  4  1.6071637483816E-23  2.7904109813659E-13 -8.2435134850398E-13  9.0731697235518E-13  6.9120000000000E+04
  5 -2.2689642606777E-24  1.4084919461988E-13 -5.1779224078880E-13  3.8042659536903E-13  6.9120000000000E+04
  6 -1.0751180839297E-23  2.8088511185841E-13 -8.5076553298797E-13  8.8351144040730E-13  6.9120000000000E+04
  7  2.1609548299629E-23  1.6261065514104E-13 -5.6595476264846E-13  5.6722238556574E-13  6.9120000000000E+04
  8  4.9436844170947E-23  2.8269591117439E-13 -1.0433691187514E-12  8.0004431202128E-13  6.9120000000000E+04
  9  3.1211948839763E-23  2.3119158428405E-13 -8.7941270131224E-13  8.9991482250390E-13  6.9120000000000E+04
 10 -7.7081640981359E-24  2.7330092046949E-13 -6.4652292612021E-13  8.6059537943662E-13  6.9120000000000E+04
 11 -1.8835471306611E-23  3.4453737956046E-13 -1.1358268965850E-12  7.9839867852711E-13  6.9120000000000E+04
 12  4.8996889441321E-24  1.4717953444237E-13 -3.6082508913944E-13  5.5453511820623E-13  6.9120000000000E+04
 13  1.2081214539696E-23  2.8333959829181E-13 -9.0911063833157E-13  9.6017982945099E-13  6.9120000000000E+04
 14 -1.2052692376772E-23  1.4773768522135E-13 -4.7078196484131E-13  3.8632721280881E-13  6.9120000000000E+04
 15 -2.1213739127697E-23  2.7033979621681E-13 -8.9135233576050E-13  9.3412369367152E-13  6.9120000000000E+04
 16 -4.0019452847117E-24  1.4969287515635E-13 -4.1851685869887E-13  5.0469712041906E-13  6.9120000000000E+04
 17  1.3801464757256E-23  2.2492199691839E-13 -7.1322331641778E-13  5.7589462938264E-13  6.9120000000000E+04
 18  1.4735867757195E-23  1.9098083491894E-13 -5.3807700121884E-13  6.2783279906343E-13  6.9120000000000E+04
 19  7.1581970098680E-25  2.7659328475411E-13 -6.5361794187001E-13  7.7380177242547E-13  6.9120000000000E+04
 20 -4.2932973829053E-24  2.2036455464421E-13 -5.4559126457371E-13  8.2691835041597E-13  6.9120000000000E+04
 21  1.1952190100802E-23  1.6667953182651E-13 -5.5536713196984E-13  4.5125661855607E-13  6.9120000000000E+04
 22  2.0725600264325E-23  1.9042291458879E-13 -7.6438580639338E-13  5.3328108106800E-13  6.9120000000000E+04
 23  4.0610683993323E-25  1.3285716986982E-13 -4.0451627872998E-13  4.4704875012582E-13  6.9120000000000E+04
 24 -2.2331832587863E-23  1.7269508950057E-13 -4.2626543257697E-13  5.5246003363799E-13  6.9120000000000E+04
 25 -8.3200263273848E-24  1.4598517489812E-13 -4.6734277067637E-13  4.0013459276677E-13  6.9120000000000E+04
 26  1.4993244503578E-23  1.7341775666990E-13 -4.6828353020651E-13  4.0478661094956E-13  6.9120000000000E+04
 27  1.2712367092261E-23  1.3686808451504E-13 -3.9241321531025E-13  6.2943929263801E-13  6.9120000000000E+04
 28 -4.8044673832492E-24  1.4720999968859E-13 -3.7011875803118E-13  5.1875077649358E-13  6.9120000000000E+04
 29 -1.0078291129279E-23  1.5352034736335E-13 -5.3630611682952E-13  4.6464118889232E-13  6.9120000000000E+04
 30  1.1323890282053E-23  1.3830799149723E-13 -5.0844399544910E-13  4.7679725869809E-13  6.9120000000000E+04
 31  3.2890872547578E-23  1.2531526767587E-13 -3.7030567429995E-13  4.8119689066888E-13  6.9120000000000E+04
 32  2.4021357560223E-23  1.1078577509618E-13 -4.0846585633749E-13  4.4724815011952E-13  6.9120000000000E+04
 33 -4.9446180701960E-24  1.5900700572069E-13 -4.0573173934925E-13  4.1789962962012E-13  6.9120000000000E+04
 34 -1.2005762495093E-23  1.4502204734210E-13 -4.0343374690229E-13  4.5425637737770E-13  6.9120000000000E+04
 35  5.8973462658674E-24  1.3925701617568E-13 -4.4945445794587E-13  3.6583295528147E-13  6.9120000000000E+04
 36  1.5861158522768E-23  1.2286252027829E-13 -4.5124656861555E-13  3.7565803573841E-13  6.9120000000000E+04
 37 -5.3806207193549E-25  1.3108364427449E-13 -3.9904746831166E-13  4.1227171266318E-13  6.9120000000000E+04
 38 -2.4589435466480E-23  1.3400551295978E-13 -3.6462960078035E-13  4.5428164513065E-13  6.9120000000000E+04
 39 -1.9920102251798E-23  1.3135554278480E-13 -5.4777204970504E-13  4.3672683560927E-13  6.9120000000000E+04
 40  3.7913387398383E-24  1.3531718996942E-13 -5.2734832532532E-13  4.3842522371538E-13  6.9120000000000E+04
 41  6.6071130940561E-24  1.0625763203010E-13 -3.4461901595941E-13  4.0147370334723E-13  6.9120000000000E+04
 42 -7.2087101615770E-24  1.6360980859434E-13 -4.6886401145560E-13  5.5443820338073E-13  6.9120000000000E+04
 43 -3.8826800110249E-24  1.5007388743838E-13 -6.6384074364332E-13  4.3855385678102E-13  6.9120000000000E+04
 44  2.3228601311439E-23  1.4930536622533E-13 -5.7325033324924E-13  4.5967902650164E-13  6.9120000000000E+04
 45  3.6188077012824E-23  1.2327820879045E-13 -3.8166025313926E-13  4.6598836625643E-13  6.9120000000000E+04
 46  1.3479264787854E-23  1.0261098788005E-13 -3.3313055348540E-13  3.7241925144196E-13  6.9120000000000E+04
 47 -2.8007902021768E-24  1.4141978600940E-13 -5.0281215928045E-13  4.4101330238453E-13  6.9120000000000E+04
 48  1.6035830910519E-23  1.0672024619685E-13 -4.2613779450244E-13  3.3834063160525E-13  6.9120000000000E+04
 49  3.3854291085484E-23  1.4670370727108E-13 -5.6239699320246E-13  4.2540568758562E-13  6.9120000000000E+04
 50  1.2703553544939E-23  1.0079129710404E-13 -3.4307102299943E-13  3.1217362986319E-13  6.9120000000000E+04
 51 -2.3097326271374E-23  1.6158254763016E-13 -4.3882731747824E-13  5.1847944671992E-13  6.9120000000000E+04
 52 -2.4983471896764E-23  1.4192685928514E-13 -5.7584948916277E-13  4.2821347118892E-13  6.9120000000000E+04
 53  3.6960398794431E-24  1.0893600747549E-13 -3.9523735178931E-13  3.8184196842841E-13  6.9120000000000E+04
 54  1.2974346711782E-23  1.5127418323397E-13 -4.6937120009448E-13  5.9483441612560E-13  6.9120000000000E+04
 55 -7.6397876902467E-24  1.0642858866807E-13 -3.4618866238851E-13  4.2074496802837E-13  6.9120000000000E+04
 56 -2.3021419562405E-23  1.3961043919726E-13 -5.9999855914392E-13  3.7932488769219E-13  6.9120000000000E+04
 57 -9.0086346015533E-24  1.1477336376465E-13 -5.0092530180404E-13  3.8077884095024E-13  6.9120000000000E+04
 58  6.2612126707946E-24  1.2752692767288E-13 -3.9229257868477E-13  4.5426255384124E-13  6.9120000000000E+04
 59  6.9213432368392E-24  1.5152101300663E-13 -4.9056047130631E-13  5.4318745269349E-13  6.9120000000000E+04
 60 -1.6962524426654E-25  1.2791541618851E-13 -3.9238494430581E-13  3.6520185944564E-13  6.9120000000000E+04
 61  3.7476635479914E-24  1.5514240993432E-13 -5.8261886787060E-13  5.1564130351536E-13  6.9120000000000E+04
 62  1.7641225427346E-23  1.1527729116108E-13 -2.9559946383689E-13  3.7222117118912E-13  6.9120000000000E+04
 63  1.4792663818244E-23  1.6052600860133E-13 -4.3612087560220E-13  5.1358797642796E-13  6.9120000000000E+04
 64 -3.5796232690863E-24  1.4274454534172E-13 -4.1316129441041E-13  4.8059350713879E-13  6.9120000000000E+04
 65 -1.3470342904867E-23  1.5531437948833E-13 -6.3304748293071E-13  5.6209417955540E-13  6.9120000000000E+04
 66 -2.9869820183541E-24  1.4805301185972E-13 -7.4936828667677E-13  4.3502101732491E-13  6.9120000000000E+04
 67  1.5687450164905E-23  1.0959740044396E-13 -3.1707075393893E-13  4.0201288683075E-13  6.9120000000000E+04
 68  1.0648635597217E-23  1.7599798651965E-13 -4.4965344675682E-13  6.4353470831866E-13  6.9120000000000E+04
 69 -1.6437530953805E-23  1.2294667486770E-13 -5.0506105892835E-13  3.6979081753536E-13  6.9120000000000E+04
 70 -1.8223756034617E-23  1.7555007888173E-13 -6.1354190651956E-13  5.9268996005713E-13  6.9120000000000E+04
 71  9.5795374356483E-24  1.4945311093648E-13 -5.0801892121894E-13  5.0142683906874E-13  6.9120000000000E+04
 72  1.2002558259512E-23  1.3536398034447E-13 -4.2293416457063E-13  3.8376889627449E-13  6.9120000000000E+04
 73 -1.2442739047684E-23  1.9097602706957E-13 -5.7498375027015E-13  5.7395144567318E-13  6.9120000000000E+04
 74 -1.9266838470036E-23  1.2251893022479E-13 -3.9684262376626E-13  3.2487523108469E-13  6.9120000000000E+04
 75  3.6045253139588E-24  1.9090840516214E-13 -6.1583781001708E-13  5.6039849011089E-13  6.9120000000000E+04
 76  1.9585457299813E-23  1.2553384347994E-13 -3.8969030893213E-13  4.3901059521163E-13  6.9120000000000E+04
 77  5.1570303622832E-24  1.4950442162640E-13 -5.0487444564023E-13  4.7041681448949E-13  6.9120000000000E+04
 78 -1.7980143652504E-23  1.7356445771347E-13 -4.4802923478856E-13  5.0339893497187E-13  6.9120000000000E+04
 79 -1.2088296384626E-23  1.2304502362145E-13 -4.6041324903749E-13  3.1933468563081E-13  6.9120000000000E+04
 80  1.9655557348191E-23  1.7938693167179E-13 -6.2387565290026E-13  5.0056527429958E-13  6.9120000000000E+04
 81  3.5475599688741E-23  1.1283372361613E-13 -3.6264437552671E-13  3.2766815467764E-13  6.9120000000000E+04
 82  6.7928396707494E-24  1.6388776721210E-13 -6.0875385029813E-13  5.6958184842012E-13  6.9120000000000E+04
 83 -2.8744305177088E-23  1.6505652702131E-13 -5.2061867358978E-13  6.9353825357073E-13  6.9120000000000E+04
 84 -1.6666824893825E-23  1.5403417566399E-13 -6.2642534888449E-13  3.9970690469223E-13  6.9120000000000E+04
 85  1.5850352205426E-23  1.5695972459584E-13 -6.3587371026097E-13  4.9801624456231E-13  6.9120000000000E+04
 86  1.9299765085142E-23  1.3250760128589E-13 -4.3370475292601E-13  4.2802929067410E-13  6.9120000000000E+04
 87 -1.7213975633390E-24  1.8325993364106E-13 -6.4685960635044E-13  5.4925569209098E-13  6.9120000000000E+04
 88 -2.0786481251752E-23  1.6682564419825E-13 -6.3857018496062E-13  4.9064911786194E-13  6.9120000000000E+04
 89 -2.0100019924213E-23  1.7460916282103E-13 -6.4262670403019E-13  6.0118293916180E-13  6.9120000000000E+04
 90 -9.4756564585380E-26  1.5294710806565E-13 -5.1472232616879E-13  4.6562422126453E-13  6.9120000000000E+04
 91  1.4124432389666E-23  1.4584567337048E-13 -5.2463874699643E-13  3.5007296636771E-13  6.9120000000000E+04
 92 -3.8497203063994E-24  1.9823792395157E-13 -4.8138090971018E-13  7.0799482874996E-13  6.9120000000000E+04
 93 -2.9986267428635E-23  1.4436244034791E-13 -4.3528096064363E-13  5.1036963865247E-13  6.9120000000000E+04
 94 -2.0991589380558E-23  1.9042217115065E-13 -5.7821275798758E-13  6.1850434575366E-13  6.9120000000000E+04
 95  5.7206272751880E-24  1.4717159965936E-13 -6.0928508805835E-13  4.0787239972599E-13  6.9120000000000E+04
 96  1.0220343254139E-23  1.4781209570859E-13 -4.7741202648926E-13  3.5556209028611E-13  6.9120000000000E+04
 97 -1.4065006802766E-23  2.0398512043697E-13 -5.4714157627825E-13  6.1892575336205E-13  6.9120000000000E+04
 98 -2.4727616706025E-23  1.5895131899457E-13 -3.6517988516842E-13  4.1163875172627E-13  6.9120000000000E+04
 99  1.1707266092263E-24  1.8477299356837E-13 -6.4278334692240E-13  4.9743561218450E-13  6.9120000000000E+04
100  3.4600490639104E-23  1.5517756277613E-13 -4.9125201621355E-13  3.7352832925777E-13  6.9120000000000E+04
101  3.3014612209413E-23  1.8993442185603E-13 -4.8135371804980E-13  4.8979032009628E-13  6.9120000000000E+04
102  7.0792154229856E-24  1.6810811196016E-13 -6.7253082581202E-13  5.7777964706301E-13  6.9120000000000E+04
103 -6.3842554037848E-24  1.6722112027156E-13 -5.8657294173651E-13  4.4985769462944E-13  6.9120000000000E+04
104  8.0811689862553E-24  1.9630593442022E-13 -7.9463540769074E-13  4.8003909340092E-13  6.9120000000000E+04
105  1.2097855196922E-23  1.7535570352207E-13 -4.6534416168503E-13  4.5796397038973E-13  6.9120000000000E+04
106 -1.4161204212665E-23  2.0077029164784E-13 -5.8993356475530E-13  6.3913128849066E-13  6.9120000000000E+04
107 -3.0721362569124E-23  1.9577045950089E-13 -5.1853374917112E-13  5.9229019761354E-13  6.9120000000000E+04
108 -1.3337305364650E-23  2.4388756710620E-13 -5.5804225055206E-13  7.5687475993123E-13  6.9120000000000E+04
109  4.1754647223936E-24  1.9392711471537E-13 -6.0838953805641E-13  5.0241199511651E-13  6.9120000000000E+04
110 -7.9547615253939E-24  2.0942863563835E-13 -5.5570231125872E-13  4.5723230335444E-13  6.9120000000000E+04
111 -3.2093361064248E-23  1.9821157997735E-13 -5.1458510755587E-13  5.2310599160787E-13  6.9120000000000E+04
112 -2.5496092444588E-23  2.0190052695888E-13 -4.9726118766687E-13  5.8453848069216E-13  6.9120000000000E+04
113 -1.5423025792168E-24  2.0372523026093E-13 -5.4812815508796E-13  6.8238615087080E-13  6.9120000000000E+04
114  1.1786505098520E-23  1.9804243133324E-13 -6.3894771445410E-13  6.4769881122886E-13  6.9120000000000E+04
115  1.8193047492678E-24  1.9879923177633E-13 -7.3245544141211E-13  4.7112105884722E-13  6.9120000000000E+04
116 -1.0760127904101E-23  2.0375889307882E-13 -5.7636158907222E-13  5.1607148304589E-13  6.9120000000000E+04
117 -5.9552699314510E-24  2.1441616861093E-13 -6.2141132507382E-13  5.4317100487475E-13  6.9120000000000E+04
118  3.0585802791974E-23  2.2022900855945E-13 -7.4260393194647E-13  5.8179704706607E-13  6.9120000000000E+04
119  3.1968571875478E-23  1.8158872535391E-13 -4.6794981886639E-13  5.8732434492989E-13  6.9120000000000E+04
120 -8.7118540828109E-24  1.6448923121599E-13 -4.5315485209457E-13  5.3321495450203E-13  6.9120000000000E+04
121 -3.2686435219476E-23  1.8732877755100E-13 -4.8374978068533E-13  5.9119422494630E-13  6.9120000000000E+04
122 -1.1482772230610E-23  1.5288890727618E-13 -3.9013545336313E-13  3.8528661197023E-13  6.9120000000000E+04
123  1.5898063374147E-23  2.1230607779464E-13 -6.6015389728185E-13  4.8657980846528E-13  6.9120000000000E+04
124  1.1020325654435E-23  1.5570452553113E-13 -4.7341864589433E-13  3.5405022460604E-13  6.9120000000000E+04
125 -1.0425028554870E-23  1.8937941564151E-13 -5.2497445991937E-13  5.6514935992173E-13  6.9120000000000E+04
126 -1.5668425683971E-23  1.8721533586844E-13 -5.5686451069999E-13  6.2427206556992E-13  6.9120000000000E+04
127 -1.0059596876476E-24  1.7612147696768E-13 -5.6656463540855E-13  6.3601569730239E-13  6.9120000000000E+04
128  1.9322708421622E-23  2.0845078295711E-13 -5.7353064726674E-13  5.6226136893655E-13  6.9120000000000E+04
129  1.3956876926139E-23  1.5393468669501E-13 -5.1798901497136E-13  5.4042454229120E-13  6.9120000000000E+04
130 -7.2120075593939E-24  2.0330202870204E-13 -4.6101753138512E-13  5.3516775575867E-13  6.9120000000000E+04
131 -1.4500828538363E-23  1.5035935905089E-13 -5.0785170953504E-13  5.6272889095457E-13  6.9120000000000E+04
132 -5.4532379898300E-24  1.7177880287475E-13 -5.7001295156076E-13  4.4393855721451E-13  6.9120000000000E+04
133 -4.8750562445396E-26  1.6476992188534E-13 -5.3708554001106E-13  4.4707892284721E-13  6.9120000000000E+04
134 -8.0785489368699E-24  1.7349491661181E-13 -6.8649950021300E-13  4.4309381533120E-13  6.9120000000000E+04
135 -1.8913987369874E-23  2.1382336726858E-13 -6.5443061719814E-13  5.1871439811052E-13  6.9120000000000E+04
136 -1.5177213619562E-23  1.3919467930054E-13 -4.9942335736391E-13  4.7889378106151E-13  6.9120000000000E+04
137  3.5130001347346E-24  1.9210632611750E-13 -6.0138997450276E-13  4.8767382773811E-13  6.9120000000000E+04
138  6.7025488057490E-24  1.0163898297902E-13 -3.4907269220452E-13  3.9294280098328E-13  6.9120000000000E+04
139  3.9489287962275E-24  1.8509468071366E-13 -4.3055520966297E-13  4.9500647995934E-13  6.9120000000000E+04
140  1.3775700974335E-23  1.3981302005477E-13 -4.8819917645850E-13  5.1303838919023E-13  6.9120000000000E+04
141  2.0141857624134E-23  1.5278199185460E-13 -5.2363833465740E-13  5.2475360049704E-13  6.9120000000000E+04
142  6.9352482109099E-24  1.6583598300402E-13 -7.2888708988238E-13  4.3412746306025E-13  6.9120000000000E+04
143 -4.7070595671819E-24  1.1292942831540E-13 -5.2821716044149E-13  4.9309782557779E-13  6.9120000000000E+04
144  6.9470750733590E-25  2.0060562105213E-13 -5.9751734164274E-13  6.6102547394831E-13  6.9120000000000E+04
145  1.6237594739847E-23  1.3111862187868E-13 -5.2290592109524E-13  4.9623302327465E-13  6.9120000000000E+04
146  1.9500058294954E-23  1.4923915605085E-13 -4.5890808021878E-13  4.7803781558713E-13  6.9120000000000E+04
147 -9.4013785985144E-25  1.4508483158690E-13 -5.5211731730828E-13  4.0646143278805E-13  6.9120000000000E+04
148 -1.2916225434898E-23  1.5602100447068E-13 -5.4816782485279E-13  5.3923019838269E-13  6.9120000000000E+04
149  3.1000276615799E-24  1.7857787910237E-13 -4.5969535919435E-13  6.7809717057905E-13  6.9120000000000E+04
150  3.0769696844922E-23  1.3762811712120E-13 -5.6876007406523E-13  6.5616696399437E-13  6.9120000000000E+04
151  2.2408117147784E-23  1.6161811892585E-13 -4.9199712837577E-13  5.3580613633212E-13  6.9120000000000E+04
152 -1.0797957711201E-23  1.3864019179628E-13 -5.2529265279044E-13  4.3459369134691E-13  6.9120000000000E+04
153 -1.6745043178165E-23  1.3770843915120E-13 -5.1864116322727E-13  4.4655438351364E-13  6.9120000000000E+04
154  1.1375297913099E-23  1.6648357513572E-13 -5.3410551364962E-13  6.8888679244506E-13  6.9120000000000E+04
155  1.6906537595738E-23  1.6684858381298E-13 -4.7579757851579E-13  6.1474219706012E-13  6.9120000000000E+04
156 -1.3102110873432E-23  1.7645327681805E-13 -6.3069225042883E-13  6.6819014729131E-13  6.9120000000000E+04
157 -3.5870542675147E-23  1.2490267902458E-13 -6.0893527966920E-13  4.1893283357880E-13  6.9120000000000E+04
158 -3.4195438599513E-23  2.0202587918092E-13 -7.2899864684115E-13  5.5820560376416E-13  6.9120000000000E+04
159 -3.7321602578190E-25  1.3777642806697E-13 -5.1662408312354E-13  5.1865449540968E-13  6.9120000000000E+04
160  2.7390227088606E-23  2.3199392797619E-13 -6.8995623725380E-13  7.9920009642642E-13  6.9120000000000E+04
161  1.4080872179912E-23  1.6777440004644E-13 -4.8021970635792E-13  6.0761409994118E-13  6.9120000000000E+04
162 -8.8663633297528E-24  1.5567185038847E-13 -7.2821621716981E-13  5.2023170039555E-13  6.9120000000000E+04
163  8.9453607454968E-24  1.5346304417397E-13 -6.1422966995072E-13  3.7123781252757E-13  6.9120000000000E+04
164  3.9531087536566E-23  1.4809440332916E-13 -5.3462978754318E-13  6.0942851635750E-13  6.9120000000000E+04
165  2.8482721238374E-23  2.1257083015097E-13 -6.1530760969162E-13  9.4192843574782E-13  6.9120000000000E+04
166 -6.8119545697981E-24  9.5412419800529E-14 -5.4818945377465E-13  2.8934261460442E-13  6.9120000000000E+04
167 -1.4506052100820E-23  1.6155328208164E-13 -5.7190959289136E-13  4.0603307983556E-13  6.9120000000000E+04
168 -1.9720546092854E-24  1.0032607796310E-13 -3.6640248580053E-13  3.9814764803623E-13  6.9120000000000E+04
169 -1.0201887046049E-23  1.6902236079800E-13 -4.1143778382680E-13  4.9859997653484E-13  6.9120000000000E+04
170 -2.9469115447291E-23  1.5309302659342E-13 -4.3715225383870E-13  5.1405329481142E-13  6.9120000000000E+04
171 -2.6681581379082E-23  1.3533428671845E-13 -6.1084363457635E-13  3.7697471514451E-13  6.9120000000000E+04
172 -6.0828652786024E-24  1.5036458990952E-13 -5.3597082885493E-13  4.5452425074716E-13  6.9120000000000E+04
173  8.4553985462803E-24  1.1566989904361E-13 -3.1748156856785E-13  4.2375424585941E-13  6.9120000000000E+04
174  7.1537171050347E-24  1.6327834598229E-13 -5.4343184207787E-13  6.1532355910952E-13  6.9120000000000E+04
175 -4.8327259886348E-24  1.0993187080785E-13 -3.2028748305015E-13  3.7787015938639E-13  6.9120000000000E+04
176  7.4526520126331E-24  1.3880266131352E-13 -5.9190564999931E-13  4.4214966028424E-13  6.9120000000000E+04
177  4.0281347502347E-23  1.0911052815569E-13 -6.6346217813475E-13  3.1739740855443E-13  6.9120000000000E+04
178  4.0876326522696E-23  1.5969461753886E-13 -4.9744555644595E-13  5.4718963454373E-13  6.9120000000000E+04
179 -1.5807891326390E-25  1.4707964990227E-13 -4.8284341519772E-13  7.3489855001223E-13  6.9120000000000E+04
180 -2.3996600290227E-23  1.4470404515178E-13 -3.1110987492708E-13  4.8006627226904E-13  6.9120000000000E+04
181 -5.7160918549076E-24  1.4553258812461E-13 -8.1838925845452E-13  3.1184016246916E-13  6.9120000000000E+04
182  9.9040319040490E-24  1.0205951437867E-13 -3.1225030179801E-13  3.7325839156391E-13  6.9120000000000E+04
183 -1.0310385586594E-23  1.7594612969239E-13 -4.4619839427421E-13  7.6748341475845E-13  6.9120000000000E+04
184 -4.0571698434248E-23  1.1231149658052E-13 -3.2496656711734E-13  3.6390598544766E-13  6.9120000000000E+04
185 -3.8376727344878E-23  1.0479257049718E-13 -5.0236796978020E-13  3.0744823240257E-13  6.9120000000000E+04
186 -1.1310993538231E-23  1.4713823904808E-13 -4.8375354679125E-13  4.6528838937268E-13  6.9120000000000E+04
187  2.3158338708501E-24  9.1054114569447E-14 -3.6817511986593E-13  3.4350866807665E-13  6.9120000000000E+04
188 -1.0723450495438E-23  1.3527339898429E-13 -3.8364887914076E-13  4.6879994753902E-13  6.9120000000000E+04
189 -2.2143811081220E-23  9.1342441880221E-14 -2.3953533376451E-13  2.9284365831183E-13  6.9120000000000E+04
190 -1.3999650877590E-24  1.2926251225471E-13 -4.8909949442005E-13  4.7524671191109E-13  6.9120000000000E+04
191  2.2055482842348E-23  1.0810867775726E-13 -5.5684153067166E-13  3.5410298446514E-13  6.9120000000000E+04
192  1.4464423910851E-23  1.2666881121999E-13 -3.6576044154375E-13  4.4748362667077E-13  6.9120000000000E+04
193 -1.4599240572354E-23  1.0259439829487E-13 -3.2347076203819E-13  5.1224233860348E-13  6.9120000000000E+04
194 -2.4682731307279E-23  8.1665947999158E-14 -3.0488543305531E-13  3.0400391137630E-13  6.9120000000000E+04
195 -3.9247090035294E-24  9.4836531195313E-14 -3.7812804107221E-13  3.2555413396705E-13  6.9120000000000E+04
196  1.1456608478501E-23  9.1234523228564E-14 -3.9508646858404E-13  3.4763731994831E-13  6.9120000000000E+04
197 -7.0847201604858E-25  1.1138061755681E-13 -3.1698709689261E-13  4.3813610730558E-13  6.9120000000000E+04
198 -1.9273035596870E-23  9.2076291047036E-14 -3.3553773979087E-13  3.2100856561767E-13  6.9120000000000E+04
 
 field : VVEL     ; Iter =       240 ; region #   0 ; nb.Lev = 198
 k | --   Average    -- | --   Std.Dev    -- | --     min      -- | --     max      -- | --    Vol
  0  6.7567716118189E-27  1.4754781346856E-13 -1.4060831023464E-12  1.7672765490167E-12  1.3685760000000E+07
  1 -4.4374618258036E-25  4.7847382827451E-13 -1.4060831023464E-12  1.7672765490167E-12  6.9120000000000E+04
  2 -3.5582065204167E-25  2.4099895910225E-13 -8.6372594704534E-13  7.7209056126467E-13  6.9120000000000E+04
  3  2.1620489985030E-25  1.8842408202623E-13 -6.0166301416693E-13  8.1688983165079E-13  6.9120000000000E+04
  4  5.6321344043097E-25  2.4648438123884E-13 -6.4192684567405E-13  7.3246929018195E-13  6.9120000000000E+04
  5 -4.0052986713030E-26  1.1421770618275E-13 -3.6719986372666E-13  4.0559822736689E-13  6.9120000000000E+04
  6 -3.2023603407215E-25  2.1997659885283E-13 -7.7726869131691E-13  7.0992205345558E-13  6.9120000000000E+04
  7  1.5444839222574E-25  1.5916627470709E-13 -5.0852920761679E-13  5.5184445466367E-13  6.9120000000000E+04
  8  2.3542187407668E-25  2.0949358372268E-13 -4.8508493128664E-13  7.5744294592353E-13  6.9120000000000E+04
  9  3.9667793376682E-25  2.2566159429034E-13 -7.5131407257945E-13  7.4383855130774E-13  6.9120000000000E+04
 10  6.4045349723479E-25  1.6177950553709E-13 -5.0383790477458E-13  4.9540047999940E-13  6.9120000000000E+04
 11  1.6378338653056E-26  1.8847957689541E-13 -6.2423570719843E-13  7.0481026616909E-13  6.9120000000000E+04
 12 -2.3589212049441E-25  1.2473035776256E-13 -5.4446417406967E-13  4.0608523311213E-13  6.9120000000000E+04
 13 -1.0411790657344E-25  1.6737337777077E-13 -6.7333621278499E-13  4.7947646210173E-13  6.9120000000000E+04
 14 -1.5291334267330E-25  1.3847511779533E-13 -5.1978623374034E-13  3.6071108157513E-13  6.9120000000000E+04
 15 -8.8593266871313E-26  1.5286596874936E-13 -5.1565800188801E-13  5.8473188178305E-13  6.9120000000000E+04
 16 -1.9320871562084E-25  1.4259450981248E-13 -5.4771510717101E-13  4.2965985386098E-13  6.9120000000000E+04
 17 -1.0343537656287E-25  1.2657775399529E-13 -3.8506685535695E-13  4.3858858500950E-13  6.9120000000000E+04
 18  2.3191750075099E-25  1.7517015613378E-13 -5.9009978154866E-13  5.1398403635182E-13  6.9120000000000E+04
 19  2.5253705966859E-25  1.6431364830121E-13 -4.8666544628442E-13  5.2313948959088E-13  6.9120000000000E+04
 20 -1.2820592384622E-25  1.5230401224426E-13 -7.2841775669724E-13  5.1404606497940E-13  6.9120000000000E+04
 21 -9.2887437166372E-26  1.4270387835991E-13 -3.6910343548438E-13  4.7712563037707E-13  6.9120000000000E+04
 22  5.0185598724838E-25  1.4354119379246E-13 -4.5637684688686E-13  5.9156364861504E-13  6.9120000000000E+04
 23 -3.3725946903889E-27  1.2281961702242E-13 -4.9260228605637E-13  3.5899968861950E-13  6.9120000000000E+04
 24 -8.9113546273480E-25  1.0458063087371E-13 -3.1231266404958E-13  3.8453815403980E-13  6.9120000000000E+04
 25 -7.6971385066314E-26  1.4256298691864E-13 -4.4648394113291E-13  4.4746600901832E-13  6.9120000000000E+04
 26  8.7167167847462E-25  1.1305991995801E-13 -3.7760346700453E-13  3.1872793509372E-13  6.9120000000000E+04
 27 -5.8965194685046E-26  1.2336575338209E-13 -4.8111984106740E-13  3.2268891329556E-13  6.9120000000000E+04
 28 -6.5446984360198E-25  1.1001014062946E-13 -4.1668615052903E-13  2.6788849988417E-13  6.9120000000000E+04
 29  4.5343336404058E-25  1.2163761875187E-13 -4.1288331287084E-13  3.9251727333382E-13  6.9120000000000E+04
 30  5.6207605115687E-25  1.2978889894729E-13 -3.9166954316305E-13  3.3992923972260E-13  6.9120000000000E+04
 31 -3.2782489412781E-25  1.1162577694952E-13 -5.0786906822131E-13  2.8720227481107E-13  6.9120000000000E+04
 32  3.7459611470103E-25  9.3432119527042E-14 -2.7792052320182E-13  3.2089630136051E-13  6.9120000000000E+04
 33  8.0606847550072E-25  1.2324832921291E-13 -3.1016553553177E-13  3.3428409916497E-13  6.9120000000000E+04
 34 -7.8545591462686E-25  1.4225843229910E-13 -4.1335155908916E-13  3.3861435439389E-13  6.9120000000000E+04
 35 -6.0464978766298E-25  1.2247300677018E-13 -3.1769481271723E-13  4.0196554398052E-13  6.9120000000000E+04
 36  1.2688305020520E-24  1.1222318077963E-13 -2.9897552017427E-13  4.7317717756379E-13  6.9120000000000E+04
 37  2.3356752885365E-25  1.0434497852155E-13 -3.0620137949875E-13  3.8668335375712E-13  6.9120000000000E+04
 38 -1.6396656389356E-24  1.2500060998722E-13 -4.7873955698950E-13  3.8416952475629E-13  6.9120000000000E+04
 39  3.9064601638419E-26  1.1471977172581E-13 -3.4311825145870E-13  4.6339734954387E-13  6.9120000000000E+04
 40  1.1455829507782E-24  1.1753080037083E-13 -3.9379152798704E-13  3.8556336150800E-13  6.9120000000000E+04
 41 -1.1325448091756E-24  1.0309487172851E-13 -3.7489236506919E-13  2.8464680726156E-13  6.9120000000000E+04
 42 -7.8087271925417E-25  1.2675635741592E-13 -5.0750852972035E-13  3.5102221239029E-13  6.9120000000000E+04
 43  1.7312636699194E-24  1.2767076104596E-13 -3.9612970247662E-13  5.8803191069312E-13  6.9120000000000E+04
 44  2.8164719589127E-25  1.3331652125063E-13 -3.6033268241983E-13  3.5328253400624E-13  6.9120000000000E+04
 45 -1.2288372873873E-24  1.1420150709336E-13 -5.4570780631420E-13  3.3177094844798E-13  6.9120000000000E+04
 46  1.1811930614848E-24  8.8107648143705E-14 -2.9813798445358E-13  2.2046454691456E-13  6.9120000000000E+04
 47  1.3752188182738E-24  1.3236966565645E-13 -4.0560279290113E-13  3.5793341879638E-13  6.9120000000000E+04
 48 -1.5370369899406E-24  1.0323797639311E-13 -3.5075467883896E-13  3.9720741082892E-13  6.9120000000000E+04
 49 -2.2428861905805E-25  1.3826306166046E-13 -3.0729929210364E-13  3.6190658480516E-13  6.9120000000000E+04
 50  2.4851424641155E-24  1.0042141149782E-13 -2.9964894689631E-13  3.3272254154199E-13  6.9120000000000E+04
 51 -3.3988234073377E-25  1.1857843116967E-13 -3.4338162194464E-13  3.2176656791311E-13  6.9120000000000E+04
 52 -2.1401596373483E-24  1.4484096385485E-13 -4.9903242209570E-13  4.3139758194315E-13  6.9120000000000E+04
 53  1.2882918464182E-24  8.8886277482605E-14 -2.8829224309652E-13  2.7357530769644E-13  6.9120000000000E+04
 54  9.3454760919203E-25  1.4901736265374E-13 -4.1772579960332E-13  4.9491536927149E-13  6.9120000000000E+04
 55 -2.3229770102281E-24  8.7203652856105E-14 -3.6721228786874E-13  3.4640579644419E-13  6.9120000000000E+04
 56 -3.5872496031039E-26  1.3650324096670E-13 -4.0064150079915E-13  4.0948058796624E-13  6.9120000000000E+04
 57  1.7729916942216E-24  1.1920861612985E-13 -4.5144914527990E-13  4.1332032270037E-13  6.9120000000000E+04
 58 -1.7426669168539E-24  1.2000017920047E-13 -3.7804675574370E-13  3.1985977907109E-13  6.9120000000000E+04
 59 -1.5184253249920E-24  1.7035379515197E-13 -5.9125567335411E-13  5.2344799420787E-13  6.9120000000000E+04
 60  2.5318086636603E-24  8.3085102751553E-14 -3.2150781316169E-13  2.4225468591151E-13  6.9120000000000E+04
 61  2.5951865286390E-25  1.5435209267036E-13 -5.7308872664111E-13  4.8396243096889E-13  6.9120000000000E+04
 62 -2.4913235663622E-24  1.1560157466165E-13 -5.0880360038836E-13  3.3270603002746E-13  6.9120000000000E+04
 63  2.0821066242937E-24  1.5037413639379E-13 -3.6622062958495E-13  4.7694254277568E-13  6.9120000000000E+04
 64  2.5896778233726E-24  1.5352149002248E-13 -5.5346938922252E-13  6.0416503703207E-13  6.9120000000000E+04
 65 -3.0170892332841E-24  1.3910291856883E-13 -5.0637750006798E-13  3.2450976251484E-13  6.9120000000000E+04
 66 -1.0210692645749E-24  1.6506751772120E-13 -6.9031298262477E-13  4.3775942668680E-13  6.9120000000000E+04
 67  3.7118685846478E-24  9.2463576373581E-14 -4.3573526824994E-13  1.9939176636480E-13  6.9120000000000E+04
 68 -2.8108676164012E-25  1.8997423265091E-13 -4.5636586234895E-13  5.5930878081920E-13  6.9120000000000E+04
 69 -3.1386386494425E-24  1.1644781716469E-13 -4.0856793579056E-13  4.1833234315071E-13  6.9120000000000E+04
 70  1.9199565363858E-24  1.5975225103833E-13 -4.3284875073136E-13  4.3796678904087E-13  6.9120000000000E+04
 71  1.9377601087784E-24  1.6465488344475E-13 -5.6071020532918E-13  4.1331640483201E-13  6.9120000000000E+04
 72 -3.9672929480720E-24  1.1097834738181E-13 -3.0017069398035E-13  3.1172905361198E-13  6.9120000000000E+04
 73 -7.4231021747284E-25  2.0559874151844E-13 -6.2910458540832E-13  6.4576354184480E-13  6.9120000000000E+04
 74  4.0545045753022E-24  1.0712800850535E-13 -3.0036561242254E-13  4.0792483102885E-13  6.9120000000000E+04
 75 -1.8243534736106E-24  1.8543953087381E-13 -6.1603878137990E-13  5.2618144467980E-13  6.9120000000000E+04
 76 -3.9675541009078E-24  1.2662650518103E-13 -5.5250998554251E-13  2.8074622264631E-13  6.9120000000000E+04
 77  3.7960240885913E-24  1.5915738741548E-13 -4.5756320888198E-13  3.7217181403484E-13  6.9120000000000E+04
 78  3.1793666161504E-24  1.9080897210119E-13 -4.3337954926794E-13  7.3977487017754E-13  6.9120000000000E+04
 79 -4.1717130247692E-24  1.1266724019413E-13 -3.3479685176120E-13  3.4015458570501E-13  6.9120000000000E+04
 80 -6.1866246816920E-25  1.9574908946678E-13 -8.0653439467104E-13  4.9746033266373E-13  6.9120000000000E+04
 81  4.6497735779697E-24  1.1409948956433E-13 -4.1524576917621E-13  3.9428301769715E-13  6.9120000000000E+04
 82 -1.3327270529632E-24  1.8112046303902E-13 -5.3799195303573E-13  5.5454072514176E-13  6.9120000000000E+04
 83 -4.1399208155469E-24  1.6970399136142E-13 -4.3826551952685E-13  7.3896416540987E-13  6.9120000000000E+04
 84  2.5955834048148E-24  1.6025332815087E-13 -4.0152247403085E-13  4.7550284632745E-13  6.9120000000000E+04
 85  1.6927234864882E-24  1.4777861169833E-13 -5.2209915703989E-13  4.7280164411809E-13  6.9120000000000E+04
 86 -4.6009716786673E-24  1.2730320495121E-13 -3.8131040614963E-13  4.2824401629234E-13  6.9120000000000E+04
 87  3.5543640641285E-25  1.9391428844522E-13 -4.6684564584969E-13  5.5482522169196E-13  6.9120000000000E+04
 88  5.6395569728416E-24  1.4147443843912E-13 -4.2871810025060E-13  4.9961149712141E-13  6.9120000000000E+04
 89 -1.4446380400690E-24  1.9273379288461E-13 -6.5533174119682E-13  5.1612423642494E-13  6.9120000000000E+04
 90 -4.1989425861545E-24  1.1740676558648E-13 -5.4153762247838E-13  3.3682619679881E-13  6.9120000000000E+04
 91  3.1188984176204E-24  1.4015206854719E-13 -4.1066024926924E-13  3.8472705781073E-13  6.9120000000000E+04
 92  1.8608429257637E-24  2.0516953877859E-13 -4.9121387566038E-13  6.7582474176434E-13  6.9120000000000E+04
 93 -4.8352803154840E-24  1.3683933214184E-13 -3.7550353007642E-13  5.5863109075176E-13  6.9120000000000E+04
 94 -2.2315092662235E-25  2.1244967136651E-13 -6.5541763276609E-13  6.6273408401618E-13  6.9120000000000E+04
 95  3.9347123492874E-24  1.2475505867632E-13 -4.3646349426184E-13  3.8623296661965E-13  6.9120000000000E+04
 96 -3.0078380182334E-24  1.4832017821357E-13 -4.2245781642031E-13  5.7077780511764E-13  6.9120000000000E+04
 97 -3.5407442683969E-24  1.8892139330258E-13 -4.2218142275328E-13  6.6695859859622E-13  6.9120000000000E+04
 98  4.6707332031230E-24  1.4072936894725E-13 -5.2879097727998E-13  2.8466309721211E-13  6.9120000000000E+04
 99  1.9390552393050E-24  1.9388659140411E-13 -6.6853945561232E-13  4.9840265663133E-13  6.9120000000000E+04
100 -4.6954412321452E-24  1.0307566121255E-13 -3.7871889205989E-13  3.7057149616811E-13  6.9120000000000E+04
101  1.3190313005199E-24  1.8631993640794E-13 -5.3350992283601E-13  4.7783603791303E-13  6.9120000000000E+04
102  4.9876875433948E-24  1.6276381234546E-13 -5.2675841103173E-13  4.7308172306241E-13  6.9120000000000E+04
103 -2.9978376678160E-24  1.6815526468874E-13 -5.2291448831819E-13  4.7398595493592E-13  6.9120000000000E+04
104 -3.5004645022449E-24  1.7977241477279E-13 -5.1288247752284E-13  4.2340307702193E-13  6.9120000000000E+04
105  4.3319736474771E-24  1.0842996544347E-13 -3.3118406078671E-13  4.1051976367914E-13  6.9120000000000E+04
106  7.1204692638691E-25  1.9829287156977E-13 -5.5904122271192E-13  5.1875761904405E-13  6.9120000000000E+04
107 -5.8552734099091E-24  1.2735025742677E-13 -4.5499781142490E-13  3.7009074880568E-13  6.9120000000000E+04
108  1.2047059387622E-24  2.1852371542553E-13 -6.4822782948375E-13  5.3886345684803E-13  6.9120000000000E+04
109  5.4217046047272E-24  1.6020222438036E-13 -5.4455769612845E-13  4.5314963564946E-13  6.9120000000000E+04
110 -3.0702096590770E-24  1.4777351110757E-13 -2.8367579914069E-13  4.8403924205479E-13  6.9120000000000E+04
111 -3.3018394105071E-24  2.0134570517875E-13 -6.3580764895786E-13  7.8234315592407E-13  6.9120000000000E+04
112  4.5966147622518E-24  1.1488002628826E-13 -4.1505556451749E-13  3.7642685309331E-13  6.9120000000000E+04
113  1.2797843390162E-25  2.0759016684763E-13 -7.8756839839591E-13  5.2794363258423E-13  6.9120000000000E+04
114 -5.3180190151643E-24  1.2374053804805E-13 -4.6688826802365E-13  3.1246607996178E-13  6.9120000000000E+04
115  1.4662389463988E-24  1.6802024361179E-13 -3.9386808131600E-13  5.4305706745618E-13  6.9120000000000E+04
116  2.9020422254424E-24  1.8882596329428E-13 -5.5754776645723E-13  5.5985779851136E-13  6.9120000000000E+04
117 -3.3542888689348E-24  1.1537430861194E-13 -4.5273096874981E-13  2.7465818692847E-13  6.9120000000000E+04
118 -3.6279081513050E-25  2.1728266598888E-13 -6.8793529699480E-13  5.2743206109189E-13  6.9120000000000E+04
119  4.7109531462418E-24  1.0753781469483E-13 -3.7351866461894E-13  4.2678421833782E-13  6.9120000000000E+04
120 -7.0155791382700E-25  1.6936207440473E-13 -5.2674864104082E-13  7.3015492976141E-13  6.9120000000000E+04
121 -3.3979859134958E-24  1.6371302006061E-13 -4.0300631159736E-13  6.2706836795889E-13  6.9120000000000E+04
122  2.7820703280828E-24  1.3144185085731E-13 -4.2756703043598E-13  4.0626982633486E-13  6.9120000000000E+04
123  1.3142778725023E-24  2.0692168298494E-13 -5.9243874604550E-13  6.1526794988080E-13  6.9120000000000E+04
124 -4.8604417518546E-24  1.1709631181283E-13 -4.6312560997247E-13  3.9942410621498E-13  6.9120000000000E+04
125 -3.5532390677998E-25  1.8658180251904E-13 -4.5502938753938E-13  7.1534122903946E-13  6.9120000000000E+04
126  4.5175545810438E-24  1.2798417127649E-13 -3.4639854920074E-13  5.2363140261947E-13  6.9120000000000E+04
127 -1.0603686652167E-24  1.6390033395450E-13 -6.5762176717722E-13  4.6480764928389E-13  6.9120000000000E+04
128 -2.7543526400495E-24  1.6449527092446E-13 -5.2931150451500E-13  4.6924887225330E-13  6.9120000000000E+04
129  3.4038590022510E-24  1.3993942387579E-13 -3.8371738390467E-13  4.9590130157440E-13  6.9120000000000E+04
130  1.8168418903956E-24  1.6015250620341E-13 -3.5804741976605E-13  5.3960400875934E-13  6.9120000000000E+04
131 -4.1591173415316E-24  1.0704673790738E-13 -2.9669997832483E-13  4.1790565861102E-13  6.9120000000000E+04
132 -4.9679695350646E-25  1.7155758991063E-13 -6.9214560069126E-13  4.6842740741811E-13  6.9120000000000E+04
133  2.8400523924662E-24  1.3136215140276E-13 -4.2899235351180E-13  3.1034591568520E-13  6.9120000000000E+04
134 -1.8733744090523E-24  1.7104873440124E-13 -5.3039060412756E-13  5.4204690182732E-13  6.9120000000000E+04
135 -2.4100531408561E-24  1.4533814033776E-13 -4.8956437308274E-13  4.6273162357002E-13  6.9120000000000E+04
136  2.2385685405143E-24  1.4340567750631E-13 -4.3095510285386E-13  4.8925566188774E-13  6.9120000000000E+04
137  1.3478829547971E-24  1.8295762136866E-13 -6.0295943339644E-13  6.2238294047169E-13  6.9120000000000E+04
138 -1.9804884286446E-24  1.0032731157284E-13 -3.2126594658378E-13  3.4968546437169E-13  6.9120000000000E+04
139  2.0780021759478E-25  1.8106844655229E-13 -6.2227537924889E-13  5.7003604585629E-13  6.9120000000000E+04
140  2.2755691478326E-24  1.0765491779361E-13 -4.3120963776509E-13  3.1422641393317E-13  6.9120000000000E+04
141 -1.0650275864534E-24  1.6194280424328E-13 -5.7801945928986E-13  7.2182079368683E-13  6.9120000000000E+04
142 -1.6201356389554E-24  1.4346743647581E-13 -5.1226299574637E-13  5.8406332434000E-13  6.9120000000000E+04
143  2.3295343554682E-24  1.1856341946430E-13 -2.7592707788737E-13  4.5893514023607E-13  6.9120000000000E+04
144  1.1099314501878E-24  1.9115950127526E-13 -6.0600168426172E-13  7.7573210795208E-13  6.9120000000000E+04
145 -2.3194203961497E-24  1.2686638594264E-13 -4.8863061446617E-13  4.0223694348656E-13  6.9120000000000E+04
146  3.9438678921021E-26  1.5282824105837E-13 -4.5727864127223E-13  4.7391371784632E-13  6.9120000000000E+04
147  2.1341589320563E-24  1.2970538327499E-13 -3.6009105496163E-13  5.4328528669745E-13  6.9120000000000E+04
148 -7.8217511164266E-25  1.4033569011168E-13 -3.9975091161644E-13  4.2762393121339E-13  6.9120000000000E+04
149 -1.4286069026933E-24  1.4784555688169E-13 -5.2864138333314E-13  3.9016043341939E-13  6.9120000000000E+04
150  1.3305206205693E-24  1.2600861592438E-13 -6.1328049242913E-13  4.4059332601465E-13  6.9120000000000E+04
151  9.9891433470803E-25  1.5338969609371E-13 -5.4335467953821E-13  4.9231955479940E-13  6.9120000000000E+04
152 -1.0161294871258E-24  1.1424764466422E-13 -4.1212797641109E-13  3.4773677470378E-13  6.9120000000000E+04
153  3.1940230983648E-25  1.3818451185130E-13 -5.5799014363391E-13  4.6870274567219E-13  6.9120000000000E+04
154  1.6075477330982E-24  1.2827614018109E-13 -4.5682661488518E-13  4.1821436843387E-13  6.9120000000000E+04
155 -6.4463099515748E-25  1.4777335372489E-13 -6.4345185526495E-13  4.1403188428985E-13  6.9120000000000E+04
156 -1.3270414322205E-24  1.3301971867015E-13 -3.8522360837691E-13  6.7373194459297E-13  6.9120000000000E+04
157  5.2669962153751E-25  1.0657277986669E-13 -3.7501390225519E-13  4.3432477483005E-13  6.9120000000000E+04
158 -7.1092658194761E-26  1.3616719047654E-13 -5.9811846636655E-13  4.7368055714397E-13  6.9120000000000E+04
159 -1.4024138279229E-24  1.0738831750979E-13 -5.0654624121728E-13  4.1416077433521E-13  6.9120000000000E+04
160  2.5083499860009E-25  1.6114733654838E-13 -7.7396991459325E-13  4.9567524697987E-13  6.9120000000000E+04
161  1.3843688989399E-24  1.0668040297828E-13 -3.1785328232019E-13  4.2447581007260E-13  6.9120000000000E+04
162 -1.4596970958580E-25  1.2454384014779E-13 -4.6632753052301E-13  5.5069501662878E-13  6.9120000000000E+04
163 -3.5323312072957E-25  1.0544155331468E-13 -4.4729994383441E-13  3.9183564785880E-13  6.9120000000000E+04
164  1.0851458024722E-24  1.1522180538699E-13 -3.5898584081754E-13  4.8316079111667E-13  6.9120000000000E+04
165  7.2234353965721E-25  1.5986773244720E-13 -5.7094449301362E-13  6.1021505631850E-13  6.9120000000000E+04
166 -5.8551181488906E-25  9.4513801166173E-14 -4.2231841865946E-13  2.6129315425316E-13  6.9120000000000E+04
167 -2.9121169222613E-25  1.0500400873584E-13 -3.0047744542600E-13  3.8070084097700E-13  6.9120000000000E+04
168  1.7427455820252E-25  1.0568874040646E-13 -3.8216891298776E-13  3.9704363873897E-13  6.9120000000000E+04
169 -4.0064423935818E-25  1.1347913973206E-13 -3.8395262735073E-13  3.5669459823864E-13  6.9120000000000E+04
170 -4.1283159893807E-25  1.4226976900448E-13 -4.9188613305116E-13  4.6614996201080E-13  6.9120000000000E+04
171  1.5445095244055E-25  1.2634236700868E-13 -5.1599176206054E-13  4.0964440088666E-13  6.9120000000000E+04
172  7.2578172718565E-26  1.2358420114197E-13 -5.1414907639655E-13  4.3863290686388E-13  6.9120000000000E+04
173 -9.9576983930624E-26  1.1234152512700E-13 -3.6862443237150E-13  4.3711407249293E-13  6.9120000000000E+04
174  3.2372350600737E-25  1.1622144452567E-13 -4.4698571054810E-13  3.7771923448381E-13  6.9120000000000E+04
175  2.6072646372464E-25  1.2885546935159E-13 -5.3140649662497E-13  4.1507188907880E-13  6.9120000000000E+04
176 -3.5746884880327E-25  1.1139161243997E-13 -3.9938451329656E-13  4.3379434331601E-13  6.9120000000000E+04
177  5.1405663369842E-27  1.2810906929965E-13 -4.5676598746317E-13  6.0071310662606E-13  6.9120000000000E+04
178  7.3333200582668E-25  1.2182847109928E-13 -3.9662031783885E-13  4.6114324479417E-13  6.9120000000000E+04
179  3.0072664598268E-25  1.2249111586967E-13 -3.9371999186471E-13  4.4680116556393E-13  6.9120000000000E+04
180 -3.3269376118373E-25  1.2136544331513E-13 -3.8201612504171E-13  4.8165666132120E-13  6.9120000000000E+04
181 -3.5359504181866E-26  1.0405574194410E-13 -4.8178447737594E-13  3.7390782558034E-13  6.9120000000000E+04
182  4.1095440229648E-25  1.2240161365050E-13 -3.6284688703281E-13  5.2164157133746E-13  6.9120000000000E+04
183 -1.3391870482339E-25  1.2103904181182E-13 -4.3867255396992E-13  4.2348607023583E-13  6.9120000000000E+04
184 -8.6536029684899E-25  1.0644141638202E-13 -4.2772681812494E-13  4.1855809750918E-13  6.9120000000000E+04
185 -5.7171414122327E-25  1.0161411159480E-13 -3.4444683207378E-13  3.4896365684511E-13  6.9120000000000E+04
186 -8.0909445576514E-26  1.1054875697784E-13 -3.5923433902226E-13  4.2131621940940E-13  6.9120000000000E+04
187 -1.3425830204297E-25  1.0463347526153E-13 -3.8931744554647E-13  4.2473090087544E-13  6.9120000000000E+04
188 -1.7209288706877E-25  9.9685962230627E-14 -3.7558460082609E-13  3.7325224689192E-13  6.9120000000000E+04
189 -5.9647542448886E-26  1.1217584829070E-13 -4.9855778690660E-13  3.7753411472408E-13  6.9120000000000E+04
190  1.2813252199044E-25  1.0403456981501E-13 -3.7796205140483E-13  4.2464370886465E-13  6.9120000000000E+04
191  3.1455929072714E-25  9.9626775509834E-14 -3.4369464308888E-13  4.2074779008372E-13  6.9120000000000E+04
192  2.5238589543115E-25  9.0380427681477E-14 -3.5209235789056E-13  3.2761373011029E-13  6.9120000000000E+04
193 -1.2004260183617E-25  1.0746228153227E-13 -3.1632506108954E-13  4.3044864604074E-13  6.9120000000000E+04
194 -3.4382773316153E-25  9.8691496157439E-14 -3.6790423945203E-13  3.1724879139626E-13  6.9120000000000E+04
195 -4.1656820161259E-26  9.3769943647870E-14 -4.2907295742745E-13  3.0516687947839E-13  6.9120000000000E+04
196  2.0249859581110E-25  1.0387390867795E-13 -3.2695745613533E-13  3.3570839748971E-13  6.9120000000000E+04
197 -3.0143422829173E-26  9.9183249241119E-14 -3.0356516273061E-13  3.9880028644511E-13  6.9120000000000E+04
198 -2.7287820878552E-25  1.0010749159782E-13 -4.0778559648279E-13  3.1242731550878E-13  6.9120000000000E+04
 
 field : WVEL     ; Iter =       240 ; region #   0 ; nb.Lev = 198
 k | --   Average    -- | --   Std.Dev    -- | --     min      -- | --     max      -- | --    Vol
  0  7.9180544303146E-15  2.1113477089360E-12 -9.6832311114371E-12  8.7274678851514E-12  1.3651200000000E+07
  1  8.6328064038905E-15  3.6699450351569E-13 -2.1589189900895E-12  2.4347044124874E-12  3.4560000000000E+04
  2  8.6292405834092E-15  1.7765510350555E-12 -5.3370962328419E-12  5.2348715726477E-12  6.9120000000000E+04
  3  8.6219226203045E-15  1.8777307888856E-12 -4.6292318958645E-12  4.5619808198602E-12  6.9120000000000E+04
  4  8.6175022878936E-15  2.0009235265701E-12 -4.8941842598568E-12  4.8876172879725E-12  6.9120000000000E+04
  5  8.6123238170714E-15  1.8799378823551E-12 -4.7191085604322E-12  4.6979824471583E-12  6.9120000000000E+04
  6  8.5951307799537E-15  1.8514803866311E-12 -4.3890369183367E-12  4.5041902985885E-12  6.9120000000000E+04
  7  8.5762929679841E-15  1.7844012513676E-12 -4.2936182051050E-12  4.6635973366429E-12  6.9120000000000E+04
  8  8.5592027292938E-15  1.7296114177052E-12 -4.8267443497574E-12  4.6862935564977E-12  6.9120000000000E+04
  9  8.5357646876636E-15  2.2043780463858E-12 -5.9128578123996E-12  5.6010326989354E-12  6.9120000000000E+04
 10  8.5114014601777E-15  2.3749677400521E-12 -4.8606148817775E-12  5.2045538357126E-12  6.9120000000000E+04
 11  8.4889914028248E-15  2.0912511273929E-12 -4.3667091670248E-12  4.6483622121056E-12  6.9120000000000E+04
 12  8.4685859148233E-15  2.1422883727954E-12 -5.4498608702254E-12  4.4896979908717E-12  6.9120000000000E+04
 13  8.4579976767172E-15  2.2513690133311E-12 -6.0633912308005E-12  4.8990794894169E-12  6.9120000000000E+04
 14  8.4508017867420E-15  1.9633420237962E-12 -5.0141357647904E-12  4.7647319509829E-12  6.9120000000000E+04
 15  8.4435030983399E-15  1.7997886410744E-12 -4.9172281078644E-12  4.4119562229456E-12  6.9120000000000E+04
 16  8.4421153195600E-15  2.0340921548945E-12 -5.8463766209659E-12  4.5989890524812E-12  6.9120000000000E+04
 17  8.4411901337048E-15  2.0572612378351E-12 -5.1793214906348E-12  5.6332372645996E-12  6.9120000000000E+04
 18  8.4362558091490E-15  1.7571596464605E-12 -4.6694505493598E-12  4.0630219884995E-12  6.9120000000000E+04
 19  8.4292655160317E-15  1.5003526069380E-12 -4.7593350088881E-12  3.7532519219308E-12  6.9120000000000E+04
 20  8.4219668276305E-15  1.3661447316758E-12 -4.5512842140443E-12  3.5121613937778E-12  6.9120000000000E+04
 21  8.4141541470862E-15  1.4112737327019E-12 -4.2883473356298E-12  4.1791926795511E-12  6.9120000000000E+04
 22  8.4061358696840E-15  1.3734768310615E-12 -4.9749647364803E-12  3.7536368391191E-12  6.9120000000000E+04
 23  8.3956504300060E-15  1.5136213137236E-12 -5.9181197347760E-12  3.4690643691056E-12  6.9120000000000E+04
 24  8.3877349510351E-15  1.5427774802187E-12 -5.4868961812899E-12  4.2085040463973E-12  6.9120000000000E+04
 25  8.3878377494647E-15  1.5152799102029E-12 -4.6330641533607E-12  4.5667077538112E-12  6.9120000000000E+04
 26  8.3897909196002E-15  1.4161649575618E-12 -4.7343991825686E-12  3.6659010019378E-12  6.9120000000000E+04
 27  8.3930804693005E-15  1.2332439652147E-12 -4.6594877480044E-12  3.8094974145691E-12  6.9120000000000E+04
 28  8.4015099404125E-15  1.2240199382457E-12 -4.1741060771469E-12  3.8566355075863E-12  6.9120000000000E+04
 29  8.4080890398196E-15  1.2707153998812E-12 -4.2942208312801E-12  4.3038106725828E-12  6.9120000000000E+04
 30  8.4113785895227E-15  1.3674753810930E-12 -4.9995535260558E-12  4.7491554986451E-12  6.9120000000000E+04
 31  8.4146681392218E-15  1.4440709984739E-12 -5.2921513206569E-12  5.0784863383497E-12  6.9120000000000E+04
 32  8.4113785895155E-15  1.5233864833854E-12 -5.0726178596081E-12  5.4572672605409E-12  6.9120000000000E+04
 33  8.4058274743922E-15  1.5254101460077E-12 -5.0890613277757E-12  5.4887450199063E-12  6.9120000000000E+04
 34  8.4050050869679E-15  1.5020455841552E-12 -5.4667541534553E-12  4.8170132075567E-12  6.9120000000000E+04
 35  8.4091170240946E-15  1.4652345195118E-12 -5.1433806755410E-12  4.3899650605899E-12  6.9120000000000E+04
 36  8.4054162806755E-15  1.3958332366467E-12 -4.5187375935814E-12  4.5218813701029E-12  6.9120000000000E+04
 37  8.3906133070130E-15  1.3989292513070E-12 -5.1656942788821E-12  4.8178294749254E-12  6.9120000000000E+04
 38  8.3704648150880E-15  1.5364563143706E-12 -5.2464922188446E-12  4.9575126686972E-12  6.9120000000000E+04
 39  8.3472323703166E-15  1.6287851017445E-12 -5.2112104775290E-12  5.0960565134369E-12  6.9120000000000E+04
 40  8.3225607475457E-15  1.5880630417089E-12 -5.7541862513169E-12  4.7985008917568E-12  6.9120000000000E+04
 41  8.2985059153435E-15  1.5588229356813E-12 -6.2427336446751E-12  4.5461379233169E-12  6.9120000000000E+04
 42  8.2789742139862E-15  1.6191462161032E-12 -6.4833317074956E-12  5.1478327857692E-12  6.9120000000000E+04
 43  8.2561529629274E-15  1.6630016008710E-12 -6.2224504152429E-12  4.9875942996737E-12  6.9120000000000E+04
 44  8.2277805967420E-15  1.6468452120446E-12 -5.7476592446298E-12  4.4592398624785E-12  6.9120000000000E+04
 45  8.1981746494138E-15  1.5798399657998E-12 -5.7698780060086E-12  4.8653357125395E-12  6.9120000000000E+04
 46  8.1716526549318E-15  1.6014866446519E-12 -5.5127780229360E-12  5.2019284940156E-12  6.9120000000000E+04
 47  8.1498593881508E-15  1.6541709825958E-12 -5.9321136833265E-12  5.1583115416664E-12  6.9120000000000E+04
 48  8.1309444773613E-15  1.7633440735550E-12 -6.8890326004292E-12  5.1376265409813E-12  6.9120000000000E+04
 49  8.1153191162716E-15  1.9049539216123E-12 -7.3734486155272E-12  5.8441698374238E-12  6.9120000000000E+04
 50  8.0994881583234E-15  1.9258605179321E-12 -7.0776905347635E-12  6.2330431289988E-12  6.9120000000000E+04
 51  8.0855075720858E-15  1.9029477091321E-12 -7.0948877824803E-12  5.9888869788997E-12  6.9120000000000E+04
 52  8.0746109386986E-15  2.0117061380448E-12 -7.5784777526022E-12  5.8051240755964E-12  6.9120000000000E+04
 53  8.0707045984301E-15  2.1277770002088E-12 -7.3056859549951E-12  5.9843009504755E-12  6.9120000000000E+04
 54  8.0764613104103E-15  2.0962913007196E-12 -6.6128263716386E-12  5.8087832787221E-12  6.9120000000000E+04
 55  8.0848907815230E-15  2.0291455113532E-12 -6.4742687441892E-12  5.7046094491881E-12  6.9120000000000E+04
 56  8.0914698809300E-15  2.0922186568799E-12 -7.0785199587874E-12  5.9289887521991E-12  6.9120000000000E+04
 57  8.0968153991994E-15  2.1559403313802E-12 -7.5817325706377E-12  6.4561225063839E-12  6.9120000000000E+04
 58  8.1031889017476E-15  2.1022373220544E-12 -7.6266603579582E-12  6.4417028761009E-12  6.9120000000000E+04
 59  8.1062728545884E-15  2.0422098744797E-12 -7.3288155098005E-12  6.5326823618318E-12  6.9120000000000E+04
 60  8.1025721111673E-15  2.1444661839444E-12 -7.3250842122010E-12  6.8974498874443E-12  6.9120000000000E+04
 61  8.1001049488898E-15  2.2208005354651E-12 -7.8375829980210E-12  6.9746795607251E-12  6.9120000000000E+04
 62  8.1062728545840E-15  2.2701325430321E-12 -8.4560698369307E-12  7.2222690656409E-12  6.9120000000000E+04
 63  8.1038056923057E-15  2.2963515445894E-12 -8.5506743594937E-12  7.6115080303621E-12  6.9120000000000E+04
 64  8.1021609174497E-15  2.2569384826717E-12 -8.0615214881149E-12  7.2342066540191E-12  6.9120000000000E+04
 65  8.1083288231400E-15  2.1817359657427E-12 -7.8327387692647E-12  6.4777557842188E-12  6.9120000000000E+04
 66  8.1128519539848E-15  2.2454310084718E-12 -8.1991388559288E-12  6.8021359936374E-12  6.9120000000000E+04
 67  8.1214870219588E-15  2.3406424403424E-12 -8.3474308638365E-12  6.9972762015097E-12  6.9120000000000E+04
 68  8.1441026761640E-15  2.2715337070135E-12 -7.8430212570357E-12  6.9051755266100E-12  6.9120000000000E+04
 69  8.1741198171961E-15  2.1785045118627E-12 -7.2725875392581E-12  6.6845364079254E-12  6.9120000000000E+04
 70  8.2053705393690E-15  2.2626711322748E-12 -7.3866066907678E-12  6.7609900346362E-12  6.9120000000000E+04
 71  8.2415555861007E-15  2.3598892238878E-12 -7.3980347467069E-12  6.8352619673993E-12  6.9120000000000E+04
 72  8.2719839208523E-15  2.3067049281519E-12 -7.0648894182574E-12  6.5414404612000E-12  6.9120000000000E+04
 73  8.2896652505001E-15  2.1972026781712E-12 -6.8681807736490E-12  6.3549985840890E-12  6.9120000000000E+04
 74  8.3081689675705E-15  2.2322780778263E-12 -7.3021256012632E-12  6.2774522908357E-12  6.9120000000000E+04
 75  8.3398308834555E-15  2.2893938228227E-12 -7.9282749716600E-12  6.1455545684481E-12  6.9120000000000E+04
 76  8.3698480244935E-15  2.3821022110683E-12 -8.5719760569393E-12  6.3685632900753E-12  6.9120000000000E+04
 77  8.4072666523605E-15  2.4157339427375E-12 -8.7609616192580E-12  6.3798776922687E-12  6.9120000000000E+04
 78  8.4652449658647E-15  2.3818423086182E-12 -8.3863089485460E-12  6.6916368540770E-12  6.9120000000000E+04
 79  8.5404934153088E-15  2.3572349810328E-12 -8.5080616206115E-12  6.3736082763760E-12  6.9120000000000E+04
 80  8.6112187339176E-15  2.4784995074039E-12 -9.2988371529383E-12  6.4471863345350E-12  6.9120000000000E+04
 81  8.6622067543138E-15  2.5924556781659E-12 -9.6832311114371E-12  6.9187348558357E-12  6.9120000000000E+04
 82  8.7111388061411E-15  2.5337464070069E-12 -9.0425335952831E-12  7.0187287725432E-12  6.9120000000000E+04
 83  8.7691171196445E-15  2.4809168062006E-12 -8.6379053522874E-12  7.0079213183170E-12  6.9120000000000E+04
 84  8.8307961765640E-15  2.5195389589977E-12 -9.1614640964580E-12  7.2550349237192E-12  6.9120000000000E+04
 85  8.8813730032438E-15  2.5635787808910E-12 -9.5197323780766E-12  7.4543324079727E-12  6.9120000000000E+04
 86  8.9327722173520E-15  2.5590214484729E-12 -9.3237469012328E-12  7.2202743653706E-12  6.9120000000000E+04
 87  8.9891057560071E-15  2.6699996080707E-12 -9.3751233168180E-12  7.4763078098918E-12  6.9120000000000E+04
 88  9.0454392946578E-15  2.7112933195047E-12 -9.2728007082784E-12  7.6237457913712E-12  6.9120000000000E+04
 89  9.1099967075703E-15  2.5744894802672E-12 -8.9274733685148E-12  7.2777544307964E-12  6.9120000000000E+04
 90  9.1770212827661E-15  2.5193986362635E-12 -8.8807569732041E-12  6.9264877757934E-12  6.9120000000000E+04
 91  9.2378779522681E-15  2.6630541400534E-12 -9.2770784715034E-12  7.2076717750738E-12  6.9120000000000E+04
 92  9.2859876166662E-15  2.7725076981827E-12 -9.1552991557549E-12  7.4634969639986E-12  6.9120000000000E+04
 93  9.3361532496259E-15  2.7037270398840E-12 -8.3240503447064E-12  7.2488895275300E-12  6.9120000000000E+04
 94  9.4093457305085E-15  2.7374097784345E-12 -7.9356574610681E-12  7.6898196313514E-12  6.9120000000000E+04
 95  9.4878837296626E-15  2.8308304297129E-12 -7.6952359611085E-12  7.9413961207055E-12  6.9120000000000E+04
 96  9.5507963677273E-15  2.9489160229159E-12 -7.4129640781668E-12  8.1386272697500E-12  6.9120000000000E+04
 97  9.6021955818273E-15  3.1124124397022E-12 -7.8156393027978E-12  8.4228951906009E-12  6.9120000000000E+04
 98  9.6597627016195E-15  3.1466846960652E-12 -8.3251955253241E-12  8.7274678851514E-12  6.9120000000000E+04
 99  9.7226753396835E-15  3.0445148730303E-12 -7.6836365939832E-12  8.2992589373859E-12  6.9120000000000E+04
100  9.7851767840363E-15  2.9611930163892E-12 -7.0147360749398E-12  7.9263303958763E-12  6.9120000000000E+04
101  9.8382207729906E-15  3.0204752031409E-12 -7.2939434828902E-12  8.2108428198074E-12  6.9120000000000E+04
102  9.8834520813985E-15  3.1037723827995E-12 -7.9820724431308E-12  8.5089567498619E-12  6.9120000000000E+04
103  9.9323841332248E-15  2.9693219407000E-12 -7.8789438142868E-12  8.1540539753322E-12  6.9120000000000E+04
104  9.9804937976299E-15  2.8116244134200E-12 -7.4362025057800E-12  8.0348011472234E-12  6.9120000000000E+04
105  1.0040939273419E-14  2.8735283110073E-12 -7.4521014933371E-12  8.2432490528583E-12  6.9120000000000E+04
106  1.0121122047419E-14  3.0507471824353E-12 -7.6924304551216E-12  8.4881486663164E-12  6.9120000000000E+04
107  1.0209939889387E-14  2.9671698204891E-12 -7.5341612693713E-12  8.2303266601880E-12  6.9120000000000E+04
108  1.0295879375369E-14  2.8210503631919E-12 -8.1960268516913E-12  7.9699276009770E-12  6.9120000000000E+04
109  1.0385108411056E-14  2.6662670566303E-12 -8.5092410159884E-12  7.6959648252450E-12  6.9120000000000E+04
110  1.0493252357529E-14  2.6798091186395E-12 -8.5207064011628E-12  7.3517524082448E-12  6.9120000000000E+04
111  1.0615376890233E-14  2.8328786323359E-12 -8.6781421196117E-12  7.4574497524304E-12  6.9120000000000E+04
112  1.0733389485810E-14  2.9380996072628E-12 -9.5286482646224E-12  7.4044437118598E-12  6.9120000000000E+04
113  1.0839477463720E-14  2.7131141154568E-12 -9.2269527313339E-12  6.9535270742774E-12  6.9120000000000E+04
114  1.0937752761089E-14  2.5751556959108E-12 -8.2052430014135E-12  6.8899587097999E-12  6.9120000000000E+04
115  1.1032738508752E-14  2.7180308645279E-12 -7.7505261185903E-12  7.5604971138516E-12  6.9120000000000E+04
116  1.1117033219879E-14  2.8690733167093E-12 -8.2937468703040E-12  8.0808515267116E-12  6.9120000000000E+04
117  1.1190225700763E-14  2.6886419030223E-12 -8.6598999574729E-12  7.3938001754339E-12  6.9120000000000E+04
118  1.1280688317589E-14  2.5231298133729E-12 -8.7961447888189E-12  7.0677435072194E-12  6.9120000000000E+04
119  1.1363749447584E-14  2.6229470705477E-12 -8.4033994431660E-12  7.4867494238567E-12  6.9120000000000E+04
120  1.1442698640448E-14  2.8017695274744E-12 -8.1616539102952E-12  7.6905660930383E-12  6.9120000000000E+04
121  1.1520003058457E-14  2.7931495213621E-12 -8.7145727928743E-12  7.4049948858517E-12  6.9120000000000E+04
122  1.1586616439934E-14  2.7700789909263E-12 -9.2678196491976E-12  7.1317946912861E-12  6.9120000000000E+04
123  1.1633492523197E-14  2.7219936034224E-12 -8.5487978126936E-12  7.4250337912094E-12  6.9120000000000E+04
124  1.1653229821414E-14  2.7544220616343E-12 -7.5945238698905E-12  7.7661720600518E-12  6.9120000000000E+04
125  1.1633492523198E-14  2.8728030814150E-12 -7.6776686087182E-12  8.1527003118979E-12  6.9120000000000E+04
126  1.1575925403399E-14  2.8995279160400E-12 -8.1904450360611E-12  7.9491940730135E-12  6.9120000000000E+04
127  1.1498620985387E-14  2.7040631420059E-12 -7.6402379370478E-12  6.9101599011459E-12  6.9120000000000E+04
128  1.1390888232629E-14  2.7103635519566E-12 -6.9129955447648E-12  6.8958738936212E-12  6.9120000000000E+04
129  1.1257661469676E-14  2.8978541312263E-12 -7.1869891153490E-12  8.0791702727858E-12  6.9120000000000E+04
130  1.1111276507910E-14  3.0003313129859E-12 -7.1885690842670E-12  8.5512016454668E-12  6.9120000000000E+04
131  1.0967358708420E-14  2.9154812344132E-12 -7.1334687996134E-12  7.5350529128908E-12  6.9120000000000E+04
132  1.0842355819724E-14  2.9102190914609E-12 -7.1236318234204E-12  7.1565882011904E-12  6.9120000000000E+04
133  1.0723932030436E-14  2.9761036021630E-12 -7.2286910088352E-12  7.9036558559209E-12  6.9120000000000E+04
134  1.0594817204611E-14  2.9358565437285E-12 -7.2846731059930E-12  7.5722535660993E-12  6.9120000000000E+04
135  1.0476393415316E-14  2.7403958750393E-12 -6.9743529269886E-12  6.7061943135417E-12  6.9120000000000E+04
136  1.0366193500277E-14  2.5290806523029E-12 -7.4575473883140E-12  6.5751331091277E-12  6.9120000000000E+04
137  1.0254348810389E-14  2.4807656783853E-12 -7.3987079827112E-12  7.0594225775855E-12  6.9120000000000E+04
138  1.0155662319315E-14  2.4789035047765E-12 -6.9676029867849E-12  6.8096357945919E-12  6.9120000000000E+04
139  1.0056153440812E-14  2.4949666983002E-12 -7.4251198816120E-12  6.7968574877634E-12  6.9120000000000E+04
140  9.9459535257724E-15  2.4830515482826E-12 -7.8447714700708E-12  7.1088027143044E-12  6.9120000000000E+04
141  9.8061476634112E-15  2.3285692694173E-12 -6.6369062905473E-12  6.5414164095751E-12  6.9120000000000E+04
142  9.6515388273912E-15  2.2680222167609E-12 -6.0299983098669E-12  6.3484541720716E-12  6.9120000000000E+04
143  9.4919956668167E-15  2.3779050238403E-12 -6.9576827267717E-12  6.9874462278696E-12  6.9120000000000E+04
144  9.3308077313890E-15  2.3548710099372E-12 -7.5748518669657E-12  6.8009709900596E-12  6.9120000000000E+04
145  9.1910018690280E-15  2.1427586672806E-12 -6.1677932077700E-12  5.9888109508682E-12  6.9120000000000E+04
146  9.0569527186477E-15  2.0635640132853E-12 -5.4064088894085E-12  6.4006322455097E-12  6.9120000000000E+04
147  8.9245483431196E-15  2.1192249367809E-12 -6.1496272175263E-12  6.8966887859081E-12  6.9120000000000E+04
148  8.7904991927404E-15  2.1016302377583E-12 -6.7489710071078E-12  6.3151331240205E-12  6.9120000000000E+04
149  8.6334231944420E-15  2.0143881803888E-12 -6.7369245054912E-12  5.3113700326287E-12  6.9120000000000E+04
150  8.4541427356517E-15  2.0072848574804E-12 -6.9904398685869E-12  5.5657198390911E-12  6.9120000000000E+04
151  8.2699279523086E-15  2.0692704601375E-12 -7.0006858926683E-12  6.2078562021120E-12  6.9120000000000E+04
152  8.0783116821345E-15  1.9579982137864E-12 -6.5755878851406E-12  5.6756993863992E-12  6.9120000000000E+04
153  7.8669581137436E-15  1.8640883285691E-12 -7.0366930963573E-12  5.5025243699547E-12  6.9120000000000E+04
154  7.6605388699059E-15  1.9354612596504E-12 -8.0825421311190E-12  5.7103923026455E-12  6.9120000000000E+04
155  7.4779688614109E-15  1.9419100000017E-12 -7.3657195079967E-12  5.6063281817494E-12  6.9120000000000E+04
156  7.3077346642997E-15  1.8244839500400E-12 -5.4154940699573E-12  5.1747936211530E-12  6.9120000000000E+04
157  7.1276318180819E-15  1.6627497872781E-12 -4.6884892819947E-12  4.8709121326688E-12  6.9120000000000E+04
158  6.9286140610747E-15  1.6769012391960E-12 -5.3616690609808E-12  5.1786255855245E-12  6.9120000000000E+04
159  6.7328858537690E-15  1.8304605389135E-12 -5.8008737787953E-12  5.2167935179755E-12  6.9120000000000E+04
160  6.5601844943818E-15  1.8887296384862E-12 -5.5010090283545E-12  4.9298171207758E-12  6.9120000000000E+04
161  6.3883055224221E-15  1.7667644034512E-12 -5.0979521256281E-12  4.7006242000253E-12  6.9120000000000E+04
162  6.2065579013558E-15  1.6664240457653E-12 -4.8841651367749E-12  4.4162504165301E-12  6.9120000000000E+04
163  6.0330341545472E-15  1.7242241270221E-12 -4.7176430397356E-12  4.5356613525042E-12  6.9120000000000E+04
164  5.8586880203124E-15  1.8244597885571E-12 -4.9723030933288E-12  5.1587523031334E-12  6.9120000000000E+04
165  5.6851642735014E-15  1.6696626206086E-12 -4.8762263571819E-12  5.2861409679241E-12  6.9120000000000E+04
166  5.5173972386689E-15  1.4430774686859E-12 -4.1248498169185E-12  4.0474343064999E-12  6.9120000000000E+04
167  5.3685451146277E-15  1.4283964659806E-12 -3.9825538158038E-12  3.5972613033493E-12  6.9120000000000E+04
168  5.2394302888031E-15  1.5566772738756E-12 -4.5267372601495E-12  4.0943942106070E-12  6.9120000000000E+04
169  5.1177169498064E-15  1.5162151537781E-12 -4.1063512206794E-12  3.6893798009012E-12  6.9120000000000E+04
170  5.0058722599149E-15  1.3289812976489E-12 -4.2114676518161E-12  3.6067169490817E-12  6.9120000000000E+04
171  4.8858036957686E-15  1.2134819246391E-12 -3.5378111985227E-12  3.0698920697185E-12  6.9120000000000E+04
172  4.7550440950923E-15  1.2664244796768E-12 -4.8565920889593E-12  3.4560571667229E-12  6.9120000000000E+04
173  4.6127710704569E-15  1.3289341346488E-12 -4.8817958715258E-12  3.6621958120850E-12  6.9120000000000E+04
174  4.4408920984952E-15  1.2606674453773E-12 -3.6334725841809E-12  3.9854420233877E-12  6.9120000000000E+04
175  4.2459862786149E-15  1.1568167256481E-12 -3.4554797662767E-12  3.3772110709572E-12  6.9120000000000E+04
176  4.0428565844812E-15  1.1007611392535E-12 -3.5907812817621E-12  3.1216148062645E-12  6.9120000000000E+04
177  3.8167000424312E-15  1.1800485448548E-12 -4.0428015761414E-12  2.6323265372584E-12  6.9120000000000E+04
178  3.5847867883994E-15  1.1377029244730E-12 -3.3752603560871E-12  3.0613845082826E-12  6.9120000000000E+04
179  3.3610974086213E-15  1.0474076207675E-12 -2.5823101894789E-12  3.6202574656542E-12  6.9120000000000E+04
180  3.1415199659726E-15  9.0936605736317E-13 -2.8084907172314E-12  3.1287176060771E-12  6.9120000000000E+04
181  2.9285216227320E-15  8.5031917602114E-13 -2.2873391331422E-12  2.8160671816924E-12  6.9120000000000E+04
182  2.7163456669170E-15  9.4497526643116E-13 -3.1946758960966E-12  3.3101775995669E-12  6.9120000000000E+04
183  2.5255517841665E-15  8.9236732541435E-13 -3.0833491394653E-12  2.3807356438592E-12  6.9120000000000E+04
184  2.3421593882452E-15  7.8116221265001E-13 -2.9214416695869E-12  1.7549038329370E-12  6.9120000000000E+04
185  2.1349177569821E-15  7.0655782568539E-13 -2.4555423793348E-12  1.9324257596558E-12  6.9120000000000E+04
186  1.9128731520593E-15  7.4470277648562E-13 -2.4375948666554E-12  2.2276504853980E-12  6.9120000000000E+04
187  1.6891837722838E-15  7.5476947200088E-13 -2.6033222679391E-12  1.7729540167292E-12  6.9120000000000E+04
188  1.4811197535932E-15  7.1737194137093E-13 -2.9529018210793E-12  1.8479308116010E-12  6.9120000000000E+04
189  1.2927930331185E-15  6.3352630274743E-13 -2.4458532880482E-12  1.6261048882114E-12  6.9120000000000E+04
190  1.1217364485849E-15  5.4236062148244E-13 -1.6507774657810E-12  1.8518179695966E-12  6.9120000000000E+04
191  9.6794999998950E-16  5.3754683800655E-13 -1.5493439206594E-12  2.0193256761535E-12  6.9120000000000E+04
192  8.2403220049947E-16  4.6365543162336E-13 -1.2383805771752E-12  1.3910995797552E-12  6.9120000000000E+04
193  6.7929201358366E-16  4.7470509681689E-13 -1.3899310470774E-12  1.5158848490885E-12  6.9120000000000E+04
194  5.2386079013677E-16  4.3336200973505E-13 -1.2797963796101E-12  1.1346492488847E-12  6.9120000000000E+04
195  3.8816686490648E-16  4.3965864156253E-13 -1.2861077285527E-12  1.6511792395425E-12  6.9120000000000E+04
196  2.8783559897762E-16  4.3240878273266E-13 -1.2452273414839E-12  1.3087193707371E-12  6.9120000000000E+04
197  2.0312969413438E-16  3.1690747769800E-13 -1.1612504878226E-12  7.5098237498543E-13  6.9120000000000E+04
198  1.0444320305591E-16  2.5682260358869E-13 -9.4459620128135E-13  6.8839424102555E-13  6.9120000000000E+04
 
 field : THETA    ; Iter =       240 ; region #   0 ; nb.Lev = 198
 k | --   Average    -- | --   Std.Dev    -- | --     min      -- | --     max      -- | --    Vol
  0  6.8171144830005E-02  9.4782055076660E-01 -1.8489056825638E+00  8.2179725170135E-01  1.3685760000000E+07
  1 -1.8458482070333E+00  1.3492385349142E-03 -1.8489056825638E+00 -1.8438970798663E+00  6.9120000000000E+04
  2 -1.8450113606877E+00  1.0106697514288E-03 -1.8467172384262E+00 -1.8433980648227E+00  6.9120000000000E+04
  3 -1.8436194086888E+00  6.6233903784212E-04 -1.8445286750793E+00 -1.8424406371070E+00  6.9120000000000E+04
  4 -1.8418778375710E+00  3.9570390890811E-04 -1.8423401215232E+00 -1.8410961397780E+00  6.9120000000000E+04
  5 -1.8399276847221E+00  2.1902651339904E-04 -1.8401516675949E+00 -1.8394509051577E+00  6.9120000000000E+04
  6 -1.8378598408777E+00  1.1320520914046E-04 -1.8379631042481E+00 -1.8375903290889E+00  6.9120000000000E+04
  7 -1.8357292745842E+00  5.4885336445820E-05 -1.8357745723034E+00 -1.8355873716104E+00  6.9120000000000E+04
  8 -1.8335671503694E+00  2.5043354700554E-05 -1.8335860967636E+00 -1.8334972846425E+00  6.9120000000000E+04
  9 -1.8313900178950E+00  1.0788784607171E-05 -1.8313975334168E+00 -1.8313577002203E+00  6.9120000000000E+04
 10 -1.8292061370684E+00  4.4464265551835E-06 -1.8292090086554E+00 -1.8291918391405E+00  6.9120000000000E+04
 11 -1.8270193452303E+00  1.9356955021105E-06 -1.8270205259323E+00 -1.8270125724460E+00  6.9120000000000E+04
 12 -1.8248311962633E+00  1.4342921184326E-06 -1.8248319652421E+00 -1.8248257342949E+00  6.9120000000000E+04
 13 -1.8226419793162E+00  2.7175976830459E-06 -1.8226434458269E+00 -1.8226317125301E+00  6.9120000000000E+04
 14 -1.8204507595418E+00  7.3237757813902E-06 -1.8204549551010E+00 -1.8204244805491E+00  6.9120000000000E+04
 15 -1.8182543336180E+00  1.9931072903233E-05 -1.8182664185127E+00 -1.8181867547873E+00  6.9120000000000E+04
 16 -1.8160443431854E+00  5.1787530922516E-05 -1.8160779476166E+00 -1.8158790255937E+00  6.9120000000000E+04
 17 -1.8138005658983E+00  1.2742309022953E-04 -1.8138893842697E+00 -1.8134193322172E+00  6.9120000000000E+04
 18 -1.8114771600963E+00  2.9622703486602E-04 -1.8117008530247E+00 -1.8106508773654E+00  6.9120000000000E+04
 19 -1.8089763262543E+00  6.4939383332887E-04 -1.8095123767853E+00 -1.8072974352239E+00  6.9120000000000E+04
 20 -1.8061020409078E+00  1.3394002057032E-03 -1.8073238134384E+00 -1.8029132944425E+00  6.9120000000000E+04
 21 -1.8024856500778E+00  2.5914128034348E-03 -1.8051352634768E+00 -1.7968445974700E+00  6.9120000000000E+04
 22 -1.7974768678437E+00  4.6818590788938E-03 -1.8029468059540E+00 -1.7882280683568E+00  6.9120000000000E+04
 23 -1.7900001367737E+00  7.8365608971517E-03 -1.8007582426071E+00 -1.7760533225063E+00  6.9120000000000E+04
 24 -1.7783868370439E+00  1.1957848528044E-02 -1.7985696822405E+00 -1.7592989023258E+00  6.9120000000000E+04
 25 -1.7602058087320E+00  1.5963789664934E-02 -1.7963812351227E+00 -1.7371206998148E+00  6.9120000000000E+04
 26 -1.7321234238008E+00  1.5963778401642E-02 -1.7682987451553E+00 -1.7090383209456E+00  6.9120000000000E+04
 27 -1.6941397007663E+00  1.1957849136779E-02 -1.7143225669861E+00 -1.6750517656726E+00  6.9120000000000E+04
 28 -1.6495882450862E+00  7.8365642037435E-03 -1.6603463888168E+00 -1.6356414279380E+00  6.9120000000000E+04
 29 -1.6009002139492E+00  4.6818569888436E-03 -1.6063700995129E+00 -1.5916514156853E+00  6.9120000000000E+04
 30 -1.5497442442831E+00  2.5914176817597E-03 -1.5523939132690E+00 -1.5441031865287E+00  6.9120000000000E+04
 31 -1.4971958708599E+00  1.3393995578503E-03 -1.4984176341693E+00 -1.4940071252468E+00  6.9120000000000E+04
 32 -1.4439053966811E+00  6.4939245735371E-04 -1.4444414377213E+00 -1.4422265082931E+00  6.9120000000000E+04
 33 -1.3902414730276E+00  2.9622582041991E-04 -1.3904651665048E+00 -1.3894151945132E+00  6.9120000000000E+04
 34 -1.3364001209784E+00  1.2741980367898E-04 -1.3364889621735E+00 -1.3360188988984E+00  6.9120000000000E+04
 35 -1.2824791386123E+00  5.1776052120215E-05 -1.2825126937283E+00 -1.2823138581632E+00  6.9120000000000E+04
 36 -1.2285243888271E+00  1.9909011738806E-05 -1.2285364866257E+00 -1.2284569020920E+00  6.9120000000000E+04
 37 -1.1745560838628E+00  7.2532275417663E-06 -1.1745602197536E+00 -1.1745300843185E+00  6.9120000000000E+04
 38 -1.1205826359893E+00  2.5079422314448E-06 -1.1205840110779E+00 -1.1205731654276E+00  6.9120000000000E+04
 39 -1.0666073297554E+00  8.2267463782481E-07 -1.0666077523313E+00 -1.0666040660002E+00  6.9120000000000E+04
 40 -1.0126313962404E+00  2.5656776779673E-07 -1.0126315355301E+00 -1.0126303270020E+00  6.9120000000000E+04
 41 -9.5865525435848E-01  7.4682000876972E-08 -9.5865529775622E-01 -9.5865492100565E-01  6.9120000000000E+04
 42 -9.0467904732690E-01  3.2975823803148E-08 -9.0467905998233E-01 -9.0467894905390E-01  6.9120000000000E+04
 43 -8.5070282105147E-01 -2.5261231355469E-16 -8.5070282395102E-01 -8.5070279564911E-01  6.9120000000000E+04
 44 -7.9672659012605E-01 -4.8033219520424E-16 -7.9672659304768E-01 -7.9672658443450E-01  6.9120000000000E+04
 45 -7.4275035984531E-01  2.3088071439738E-08 -7.4275037136986E-01 -7.4275034666061E-01  6.9120000000000E+04
 46 -6.8877413374932E-01  1.5349304404811E-08 -6.8877417020755E-01 -6.8877410888672E-01  6.9120000000000E+04
 47 -6.3479791815567E-01  2.7370612432943E-08 -6.3479803683237E-01 -6.3479790341387E-01  6.9120000000000E+04
 48 -5.8082172117541E-01  9.7589018651258E-08 -5.8082212612767E-01 -5.8082167399677E-01  6.9120000000000E+04
 49 -5.2684559924422E-01  3.1629711858410E-07 -5.2684689989031E-01 -5.2684544301338E-01  6.9120000000000E+04
 50 -4.7286972638359E-01  1.0045965454533E-06 -4.7287366182173E-01 -4.7286918759346E-01  6.9120000000000E+04
 51 -4.1889462194083E-01  3.0193779857370E-06 -4.1890587497275E-01 -4.1889297305671E-01  6.9120000000000E+04
 52 -3.6492172539204E-01  8.6172519255336E-06 -3.6495216871010E-01 -3.6491673950352E-01  6.9120000000000E+04
 53 -3.1095487576790E-01  2.3318662454351E-05 -3.1103264994791E-01 -3.1094050407410E-01  6.9120000000000E+04
 54 -2.5700370811202E-01  5.9741726896109E-05 -2.5719096868385E-01 -2.5696426630020E-01  6.9120000000000E+04
 55 -2.0309101486060E-01  1.4467694406007E-04 -2.0351504921378E-01 -2.0298803924795E-01  6.9120000000000E+04
 56 -1.4926752805838E-01  3.3060742068091E-04 -1.5016844616754E-01 -1.4901180540820E-01  6.9120000000000E+04
 57 -9.5639350973481E-02  7.1145041480414E-04 -9.7430554788844E-02 -9.5035567879677E-02  6.9120000000000E+04
 58 -4.2414688488275E-02  1.4381980745283E-03 -4.5736691032516E-02 -4.1059337133008E-02  6.9120000000000E+04
 59  1.0023510146078E-02  2.7217448044055E-03  4.2999875056868E-03  1.2916896492260E-02  6.9120000000000E+04
 60  6.1015439340853E-02  4.7960734371338E-03  5.1908359945886E-02  6.6893130540848E-02  6.9120000000000E+04
 61  1.0949625112569E-01  7.7921250439220E-03  9.6239377738371E-02  1.2086936086651E-01  6.9120000000000E+04
 62  1.5385512309318E-01  1.1425380605265E-02  1.3650416434276E-01  1.7484559137373E-01  6.9120000000000E+04
 63  1.9180446185117E-01  1.4235724961569E-02  1.7213805440280E-01  2.2882182896137E-01  6.9120000000000E+04
 64  2.2028635255239E-01  1.1425381881708E-02  2.0293539312934E-01  2.4127683043480E-01  6.9120000000000E+04
 65  2.4235870830089E-01  7.7921247401354E-03  2.2910183538218E-01  2.5373181701638E-01  6.9120000000000E+04
 66  2.6030912448266E-01  4.7960720567082E-03  2.5120204658241E-01  2.6618680565130E-01  6.9120000000000E+04
 67  2.7574842552148E-01  2.7217447257412E-03  2.7002490332014E-01  2.7864181995392E-01  6.9120000000000E+04
 68  2.8974145584690E-01  1.4381975467821E-03  2.8641945417150E-01  2.9109680652620E-01  6.9120000000000E+04
 69  3.0294802250909E-01  7.1144948375526E-04  3.0115682001402E-01  3.0355179909371E-01  6.9120000000000E+04
 70  3.1575107687628E-01  3.3060780085649E-04  3.1485015841239E-01  3.1600680947304E-01  6.9120000000000E+04
 71  3.2835881976867E-01  1.4467709113898E-04  3.2793478526481E-01  3.2846179604539E-01  6.9120000000000E+04
 72  3.4087735537945E-01  5.9741092157613E-05  3.4069009573275E-01  3.4091679167407E-01  6.9120000000000E+04
 73  3.5335741916839E-01  2.3318980164471E-05  3.5327964433163E-01  3.5337179899216E-01  6.9120000000000E+04
 74  3.6582179952345E-01  8.6176661104721E-06  3.6579135520428E-01  3.6582678556447E-01  6.9120000000000E+04
 75  3.7828013236893E-01  3.0197647046364E-06  3.7826887816420E-01  3.7828178152911E-01  6.9120000000000E+04
 76  3.9073625754750E-01  1.0055482919931E-06  3.9073231994569E-01  3.9073678851128E-01  6.9120000000000E+04
 77  4.0319161524886E-01  3.1776278449761E-07  4.0319030980293E-01  4.0319177508354E-01  6.9120000000000E+04
 78  4.1564672044996E-01  9.4902773032553E-08  4.1564631080247E-01  4.1564676566116E-01  6.9120000000000E+04
 79  4.2810174765469E-01  3.0742654151065E-08  4.2810162678714E-01  4.2810176091014E-01  6.9120000000000E+04
 80  4.4055675368966E-01  1.3310344169791E-08  4.4055671964828E-01  4.4055676460266E-01  6.9120000000000E+04
 81  4.5301175194569E-01 -6.5003368599218E-17  4.5301174371750E-01  4.5301175348403E-01  6.9120000000000E+04
 82  4.6546674887513E-01  6.9575164699411E-09  4.6546673774719E-01  4.6546675026381E-01  6.9120000000000E+04
 83  4.7792174743636E-01  6.2477761002698E-09  4.7792174597901E-01  4.7792175412178E-01  6.9120000000000E+04
 84  4.9037674463352E-01  2.1682867138654E-08  4.9037674069405E-01  4.9037674727061E-01  6.9120000000000E+04
 85  5.0283174214396E-01 -4.1461757539782E-16  5.0283173851175E-01  5.0283175706863E-01  6.9120000000000E+04
 86  5.1528673655998E-01 -4.8897507365775E-16  5.1528673402519E-01  5.1528674364090E-01  6.9120000000000E+04
 87  5.2774172937257E-01 -4.8483365195996E-16  5.2774172913643E-01  5.2774173021317E-01  6.9120000000000E+04
 88  5.4019672203717E-01  1.0505743091922E-08  5.4019671678542E-01  5.4019672462615E-01  6.9120000000000E+04
 89  5.5265171600919E-01 -2.3886012673483E-17  5.5265170335769E-01  5.5265172010293E-01  6.9120000000000E+04
 90  5.6510671277287E-01  3.1828835789017E-08  5.6510668992996E-01  5.6510671579142E-01  6.9120000000000E+04
 91  5.7756171384654E-01 -3.1893323976612E-16  5.7756171145143E-01  5.7756173610687E-01  6.9120000000000E+04
 92  5.9001671080729E-01  2.6766875413720E-08  5.9001670620813E-01  5.9001672267914E-01  6.9120000000000E+04
 93  6.0247170500725E-01 -8.4220257578620E-17  6.0247169719649E-01  6.0247170925141E-01  6.9120000000000E+04
 94  6.1492669714325E-01 -2.2136114415645E-16  6.1492667501499E-01  6.1492670041552E-01  6.9120000000000E+04
 95  6.2738168563141E-01 -4.5521400678694E-17  6.2738160967763E-01  6.2738169634040E-01  6.9120000000000E+04
 96  6.3983666144113E-01  5.7878341961183E-08  6.3983641022762E-01  6.3983669293166E-01  6.9120000000000E+04
 97  6.5229159248232E-01  1.9762425658591E-07  6.5229081593485E-01  6.5229171514511E-01  6.9120000000000E+04
 98  6.6474636907496E-01  5.9602465338925E-07  6.6474412238276E-01  6.6474670171738E-01  6.9120000000000E+04
 99  6.7720070374368E-01  1.7186458064082E-06  6.7719454045608E-01  6.7720168828965E-01  6.9120000000000E+04
100  6.8965381732446E-01  4.7164513490877E-06  6.8963781074474E-01  6.8965667486220E-01  6.9120000000000E+04
101  7.0210371762595E-01  1.2277242927744E-05  7.0206445867395E-01  7.0211166357371E-01  6.9120000000000E+04
102  7.1454559978582E-01  3.0256680911779E-05  7.1445486300467E-01  7.1456665436306E-01  6.9120000000000E+04
103  7.2696854309007E-01  7.0474027482065E-05  7.2677134203816E-01  7.2702165194315E-01  6.9120000000000E+04
104  7.3934918459137E-01  1.5486346377407E-04  7.3894708996428E-01  7.3947668075562E-01  6.9120000000000E+04
105  7.5164052140123E-01  3.2037118357536E-04  7.5087334357907E-01  7.5193166732788E-01  6.9120000000000E+04
106  7.6375375820752E-01  6.2221027815231E-04  7.6238854627054E-01  7.6438665390016E-01  6.9120000000000E+04
107  7.7553135973356E-01  1.1296641942110E-03  7.7327558686795E-01  7.7684164047337E-01  6.9120000000000E+04
108  7.8671091493264E-01  1.9031264565320E-03  7.8327365315649E-01  7.8929662708194E-01  6.9120000000000E+04
109  7.9688179273640E-01  2.9305653720954E-03  7.9210810007715E-01  8.0175161510706E-01  6.9120000000000E+04
110  8.0543955304345E-01  3.9720838053032E-03  7.9953488936711E-01  8.1420665979385E-01  6.9120000000000E+04
111  8.1154546260999E-01  4.1417196748384E-03  8.0538831798938E-01  8.2043415307999E-01  6.9120000000000E+04
112  8.1513696125127E-01  3.4873279782859E-03  8.0961652816361E-01  8.2111573219299E-01  6.9120000000000E+04
113  8.1680545663186E-01  2.7227426785477E-03  8.1229211694054E-01  8.2179725170135E-01  6.9120000000000E+04
114  8.1688404050764E-01  1.8276865242960E-03  8.1359433499267E-01  8.1957239061594E-01  6.9120000000000E+04
115  8.1596158833460E-01  1.1144787711462E-03  8.1377006665080E-01  8.1734758615494E-01  6.9120000000000E+04
116  8.1443930626257E-01  6.3040696906943E-04  8.1308740271755E-01  8.1512272761763E-01  6.9120000000000E+04
117  8.1257526555019E-01  3.3468128122347E-04  8.1179549957161E-01  8.1289792060852E-01  6.9120000000000E+04
118  8.1052580226146E-01  1.6941507980652E-04  8.1009901957778E-01  8.1067306808850E-01  6.9120000000000E+04
119  8.0837960756505E-01  8.5892594083846E-05  8.0814853994230E-01  8.0844825506210E-01  6.9120000000000E+04
120  8.0618281536695E-01  5.1028104662550E-05  8.0604326468988E-01  8.0622339248658E-01  6.9120000000000E+04
121  8.0395559580920E-01  4.6256648475202E-05  8.0384053498346E-01  8.0399854029069E-01  6.9120000000000E+04
122  8.0170175049860E-01  6.3596092085013E-05  8.0156742169174E-01  8.0177372694016E-01  6.9120000000000E+04
123  7.9941325972488E-01  9.9602650424000E-05  7.9923160718183E-01  7.9954886719585E-01  6.9120000000000E+04
124  7.9707162061445E-01  1.4985662975027E-04  7.9683047917056E-01  7.9732406139374E-01  6.9120000000000E+04
125  7.9464742151073E-01  1.9946404212318E-04  7.9435824168830E-01  7.9509919881821E-01  6.9120000000000E+04
126  7.9209941703600E-01  1.9931966908969E-04  7.9181100035797E-01  7.9255104064941E-01  6.9120000000000E+04
127  7.8942776390632E-01  1.4921872556351E-04  7.8918969348934E-01  7.8967964798212E-01  6.9120000000000E+04
128  7.8667417055805E-01  9.7621137253722E-05  7.8650085426227E-01  7.8680831193924E-01  6.9120000000000E+04
129  7.8386909915637E-01  5.7874877477576E-05  7.8375558928938E-01  7.8393692394614E-01  6.9120000000000E+04
130  7.8103362829464E-01  3.0911345162556E-05  7.8096759359621E-01  7.8106559531602E-01  6.9120000000000E+04
131  7.7818170737477E-01  1.3350231868306E-05  7.7815116925930E-01  7.7819430828094E-01  6.9120000000000E+04
132  7.7532253500010E-01  8.2513302947585E-07  7.7531995662839E-01  7.7532309622075E-01  6.9120000000000E+04
133  7.7246285072818E-01  1.1137494290095E-05  7.7245169878006E-01  7.7248657264383E-01  6.9120000000000E+04
134  7.6960901903524E-01  2.6383031584228E-05  7.6958048343658E-01  7.6966285306930E-01  6.9120000000000E+04
135  7.6676900311158E-01  4.8517598715136E-05  7.6670926809311E-01  7.6686013281852E-01  6.9120000000000E+04
136  7.6395426314560E-01  7.9524253717125E-05  7.6383805274963E-01  7.6408905339658E-01  6.9120000000000E+04
137  7.6118152635185E-01  1.1681607423464E-04  7.6096683740616E-01  7.6135870943871E-01  6.9120000000000E+04
138  7.5847429745979E-01  1.4559882098999E-04  7.5809568166733E-01  7.5867538058792E-01  6.9120000000000E+04
139  7.5586389074449E-01  1.1687327631169E-04  7.5564920753241E-01  7.5604141733838E-01  6.9120000000000E+04
140  7.5331904964265E-01  7.9756245055511E-05  7.5320267677307E-01  7.5345486869196E-01  6.9120000000000E+04
141  7.5081641472621E-01  4.9216583162997E-05  7.5075614452362E-01  7.5091012778778E-01  6.9120000000000E+04
142  7.4833958545957E-01  2.8247334617879E-05  7.4830967187881E-01  7.4839941227405E-01  6.9120000000000E+04
143  7.4587782070760E-01  1.5687877691934E-05  7.4586319923401E-01  7.4591456447408E-01  6.9120000000000E+04
144  7.4342469558449E-01  9.4447775769520E-06  7.4341672658920E-01  7.4344861800266E-01  6.9120000000000E+04
145  7.4097694450332E-01  7.8269309519236E-06  7.4097025394439E-01  7.4099678506329E-01  6.9120000000000E+04
146  7.3853366459637E-01  1.0053616488182E-05  7.3852378129959E-01  7.3855678918270E-01  6.9120000000000E+04
147  7.3609593538782E-01  1.6139693986699E-05  7.3607730865479E-01  7.3612864559701E-01  6.9120000000000E+04
148  7.3366681876306E-01  2.6285338737367E-05  7.3363083600998E-01  7.3371404443479E-01  6.9120000000000E+04
149  7.3125163706208E-01  3.9865293653852E-05  7.3118442147970E-01  7.3131548799225E-01  6.9120000000000E+04
150  7.2885837625974E-01  5.3153100853474E-05  7.2873795032501E-01  7.2893534632891E-01  6.9120000000000E+04
151  7.2649809741068E-01  5.3141698392546E-05  7.2637772560120E-01  7.2657503329803E-01  6.9120000000000E+04
152  7.2417078565016E-01  3.9838049845959E-05  7.2410356998444E-01  7.2423451364799E-01  6.9120000000000E+04
153  7.2186537401621E-01  2.6200911281794E-05  7.2182947397232E-01  7.2191227783540E-01  6.9120000000000E+04
154  7.1957382857906E-01  1.5914927876082E-05  7.1955537796020E-01  7.1960577473716E-01  6.9120000000000E+04
155  7.1729073625411E-01  9.4855071097475E-06  7.1728128193695E-01  7.1731214749002E-01  6.9120000000000E+04
156  7.1501283206152E-01  6.4994005213473E-06  7.1500718278053E-01  7.1502905033542E-01  6.9120000000000E+04
157  7.1273861108735E-01  6.5889402376359E-06  7.1273307238631E-01  7.1275534962617E-01  6.9120000000000E+04
158  7.1046814144273E-01  9.9275440723865E-06  7.1045893430710E-01  7.1049157991908E-01  6.9120000000000E+04
159  7.0820316383976E-01  1.7349846261483E-05  7.0818483829498E-01  7.0824007572972E-01  6.9120000000000E+04
160  7.0594745975472E-01  3.0017065942736E-05  7.0591074228287E-01  7.0600471845672E-01  6.9120000000000E+04
161  7.0370750548600E-01  4.8571574537914E-05  7.0363664627075E-01  7.0379027015063E-01  6.9120000000000E+04
162  7.0149326161508E-01  7.1153902594108E-05  7.0136255025864E-01  7.0160136212440E-01  6.9120000000000E+04
163  6.9931894015547E-01  8.8630685601422E-05  6.9908845424652E-01  6.9944135818209E-01  6.9120000000000E+04
164  6.9720356133514E-01  7.1099862468100E-05  6.9707292169332E-01  6.9731143024699E-01  6.9120000000000E+04
165  6.9512805309021E-01  4.8409323210107E-05  6.9505733247846E-01  6.9521015786902E-01  6.9120000000000E+04
166  6.9307811938934E-01  2.9568911926945E-05  6.9304174184799E-01  6.9313376193386E-01  6.9120000000000E+04
167  6.9104360336652E-01  1.6182331379248E-05  6.9102615118027E-01  6.9107680530073E-01  6.9120000000000E+04
168  6.8901758451201E-01  7.1058345803525E-06  6.8901058868798E-01  6.8903300424139E-01  6.9120000000000E+04
169  6.8699532384645E-01  3.1708003748300E-07  6.8699496984482E-01  6.8699580806547E-01  6.9120000000000E+04
170  6.8497320194201E-01  6.4786676967426E-06  6.8495855665185E-01  6.8497937917709E-01  6.9120000000000E+04
171  6.8294758084125E-01  1.5599404134850E-05  6.8291440362626E-01  6.8296378850937E-01  6.9120000000000E+04
172  6.8091367007711E-01  2.9387782505476E-05  6.8085612671381E-01  6.8094814429022E-01  6.9120000000000E+04
173  6.7886433425142E-01  4.9622024236351E-05  6.7877629595466E-01  6.7893254756927E-01  6.9120000000000E+04
174  6.7678883739241E-01  7.5852039856891E-05  6.7666788178243E-01  6.7691689729691E-01  6.9120000000000E+04
175  6.7467169539360E-01  1.0129777090623E-04  6.7452525463614E-01  6.7490124702454E-01  6.9120000000000E+04
176  6.7249173220055E-01  1.0130977974696E-04  6.7234523640388E-01  6.7272132635117E-01  6.9120000000000E+04
177  6.7024893127773E-01  7.5891733162591E-05  6.7012776091984E-01  6.7037701606751E-01  6.9120000000000E+04
178  6.6796444424366E-01  4.9754360710260E-05  6.6787582463756E-01  6.6803270868957E-01  6.9120000000000E+04
179  6.6565368876884E-01  2.9790978360887E-05  6.6559470842772E-01  6.6568845510576E-01  6.9120000000000E+04
180  6.6332721368952E-01  1.6660092213527E-05  6.6329075421892E-01  6.6334420442581E-01  6.9120000000000E+04
181  6.6099176073068E-01  9.0108393394364E-06  6.6097011719788E-01  6.6099990893376E-01  6.9120000000000E+04
182  6.5865129644661E-01  5.2351823295006E-06  6.5863783989254E-01  6.5865564346316E-01  6.9120000000000E+04
183  6.5630783088524E-01  4.1142828248584E-06  6.5629739885505E-01  6.5631139278412E-01  6.9120000000000E+04
184  6.5396200690318E-01  5.0211232427147E-06  6.5395069401591E-01  6.5396709519283E-01  6.9120000000000E+04
185  6.5161342808552E-01  7.7657352219328E-06  6.5159836801310E-01  6.5162283202732E-01  6.9120000000000E+04
186  6.4926074828008E-01  1.2179915047877E-05  6.4924035727478E-01  6.4927858114243E-01  6.9120000000000E+04
187  6.4690167406705E-01  1.7532768331793E-05  6.4687664342042E-01  6.4693433046341E-01  6.9120000000000E+04
188  6.4453296588288E-01  2.1190107909806E-05  6.4450825821037E-01  6.4459007978439E-01  6.9120000000000E+04
189  6.4215061584826E-01  1.4652087133263E-05  6.4213550088762E-01  6.4218050241470E-01  6.9120000000000E+04
190  6.3976132582709E-01  6.6390983917619E-06  6.3975286241113E-01  6.3977595125304E-01  6.9120000000000E+04
191  6.3737296653500E-01  2.0787490002640E-05  6.3735794838750E-01  6.3743553731468E-01  6.9120000000000E+04
192  6.3499716758058E-01  5.6256293746617E-05  6.3495179828494E-01  6.3514440302822E-01  6.9120000000000E+04
193  6.3265384786784E-01  1.2238391002924E-04  6.3254225254059E-01  6.3294536202823E-01  6.9120000000000E+04
194  6.3037835536589E-01  2.4004240764286E-04  6.3013273477554E-01  6.3090047211148E-01  6.9120000000000E+04
195  6.2823180011336E-01  4.3517825151521E-04  6.2772321262895E-01  6.2909102861940E-01  6.9120000000000E+04
196  6.2631458908509E-01  7.2902999066971E-04  6.2531363964081E-01  6.2761173459352E-01  6.9120000000000E+04
197  6.2478216735781E-01  1.1126544810287E-03  6.2290412187576E-01  6.2655807469891E-01  6.9120000000000E+04
198  6.2386083954002E-01  1.4854632032046E-03  6.2049460411072E-01  6.2600884015387E-01  6.9120000000000E+04
 
 field : PHIHYD   ; Iter =       240 ; region #   0 ; nb.Lev = 198
 k | --   Average    -- | --   Std.Dev    -- | --     min      -- | --     max      -- | --    Vol
  0  5.5185103502095E+01  3.2237595528750E+01  2.7220737677464E-01  1.1136736690076E+02  1.3685760000000E+07
  1  2.7220739033515E-01  3.6954754030792E-09  2.7220737677464E-01  2.7220739668308E-01  6.9120000000000E+04
  2  8.1671760769722E-01 -6.0138924693743E-16  8.1671758530016E-01  8.1671762406686E-01  6.9120000000000E+04
  3  1.3614186932259E+00 -2.2360783565367E-15  1.3614186665891E+00  1.3614187165256E+00  6.9120000000000E+04
  4  1.9063106379701E+00  4.8671111720530E-08  1.9063106068120E+00  1.9063106670124E+00  6.9120000000000E+04
  5  2.4513934315962E+00  7.9393843912194E-09  2.4513933922058E+00  2.4513934668686E+00  6.9120000000000E+04
  6  2.9966670636912E+00 -1.0355414231838E-14  2.9966670089745E+00  2.9966671063632E+00  6.9120000000000E+04
  7  3.5421315247603E+00  8.1484920328362E-08  3.5421314735461E+00  3.5421315752735E+00  6.9120000000000E+04
  8  4.0877868019921E+00  8.5359443848392E-08  4.0877867419047E+00  4.0877868633691E+00  6.9120000000000E+04
  9  4.6336328850125E+00  1.6266356584222E-07  4.6336328002564E+00  4.6336329607248E+00  6.9120000000000E+04
 10  5.1796697665970E+00 -4.4641414154315E-14  5.1796696650282E+00  5.1796698578598E+00  6.9120000000000E+04
 11  5.7258974383872E+00  1.7208671347581E-07  5.7258973224598E+00  5.7258975457826E+00  6.9120000000000E+04
 12  6.2723158917027E+00  2.6963727645043E-07  6.2723157587588E+00  6.2723160161174E+00  6.9120000000000E+04
 13  6.8189251184530E+00 -1.3377420638293E-14  6.8189249601004E+00  6.8189252616744E+00  6.9120000000000E+04
 14  7.3657251122515E+00  1.4440205647370E-07  7.3657249429742E+00  7.3657252781870E+00  6.9120000000000E+04
 15  7.9127158649698E+00 -4.0892821934245E-14  7.9127156935892E+00  7.9127160686281E+00  6.9120000000000E+04
 16  8.4598973695564E+00 -5.7969980759196E-14  8.4598971679081E+00  8.4598976526859E+00  6.9120000000000E+04
 17  9.0072696306977E+00  2.5055912324527E-07  9.0072693823867E+00  9.0072700856485E+00  6.9120000000000E+04
 18  9.5548326713403E+00 -8.8893658029183E-14  9.5548323232025E+00  9.5548334927382E+00  6.9120000000000E+04
 19  1.0102586555888E+01  7.6131795551888E-07  1.0102585976600E+01  1.0102588125716E+01  6.9120000000000E+04
 20  1.0650531434323E+01  1.2582005251358E-06  1.0650530328791E+01  1.0650534446369E+01  6.9120000000000E+04
 21  1.1198667620878E+01  2.3444458496526E-06  1.1198665365953E+01  1.1198673234100E+01  6.9120000000000E+04
 22  1.1746995724453E+01  4.4446564682652E-06  1.1746991104575E+01  1.1747005701524E+01  6.9120000000000E+04
 23  1.2295516843504E+01  8.0648733910738E-06  1.2295507500631E+01  1.2295533585969E+01  6.9120000000000E+04
 24  1.2844232852827E+01  1.3717492344651E-05  1.2844214540299E+01  1.2844259174149E+01  6.9120000000000E+04
 25  1.3393146765701E+01  2.1604293082933E-05  1.3393112240068E+01  1.3393185222526E+01  6.9120000000000E+04
 26  1.3942263146894E+01  3.0609375411678E-05  1.3942207796607E+01  1.3942314762498E+01  6.9120000000000E+04
 27  1.4491587352137E+01  3.8469055711789E-05  1.4491515858359E+01  1.4491650820580E+01  6.9120000000000E+04
 28  1.5041123548553E+01  4.3939676432345E-05  1.5041043409801E+01  1.5041196119721E+01  6.9120000000000E+04
 29  1.5590874023696E+01  4.7281604097248E-05  1.5590789470508E+01  1.5590952838090E+01  6.9120000000000E+04
 30  1.6140839761165E+01  4.9136153533859E-05  1.6140753061930E+01  1.6140922479170E+01  6.9120000000000E+04
 31  1.6691020897417E+01  5.0087462206826E-05  1.6690933207383E+01  1.6691105864755E+01  6.9120000000000E+04
 32  1.7241417053430E+01  5.0543518581061E-05  1.7241328932015E+01  1.7241503223202E+01  6.9120000000000E+04
 33  1.7792027556516E+01  5.0739748504041E-05  1.7791939262824E+01  1.7792114326117E+01  6.9120000000000E+04
 34  1.8342851577429E+01  5.0822978115257E-05  1.8342763198455E+01  1.8342938629576E+01  6.9120000000000E+04
 35  1.8893888213979E+01  5.0866963407299E-05  1.8893799799742E+01  1.8893975392134E+01  6.9120000000000E+04
 36  1.9445136527882E+01  5.0879381642605E-05  1.9445048099168E+01  1.9445223759605E+01  6.9120000000000E+04
 37  1.9996595565573E+01  5.0886747239503E-05  1.9996507131016E+01  1.9996682818964E+01  6.9120000000000E+04
 38  2.0548264367882E+01  5.0887877389215E-05  2.0548175931393E+01  2.0548351629217E+01  6.9120000000000E+04
 39  2.1100141974240E+01  5.0884417490734E-05  2.1100053538197E+01  2.1100229237510E+01  6.9120000000000E+04
 40  2.1652227424380E+01  5.0883907717284E-05  2.1652138991140E+01  2.1652314686907E+01  6.9120000000000E+04
 41  2.2204519758951E+01  5.0883074151668E-05  2.2204431331734E+01  2.2204607019916E+01  6.9120000000000E+04
 42  2.2757018019707E+01  5.0883110770361E-05  2.2756929603247E+01  2.2757105280041E+01  6.9120000000000E+04
 43  2.3309721249544E+01  5.0883198556146E-05  2.3309632820626E+01  2.3309808512443E+01  6.9120000000000E+04
 44  2.3862628497539E+01  5.0890971155008E-05  2.3862540060830E+01  2.3862715764189E+01  6.9120000000000E+04
 45  2.4415738813957E+01  5.0891416691922E-05  2.4415650372479E+01  2.4415826084283E+01  6.9120000000000E+04
 46  2.4969051250314E+01  5.0898298187539E-05  2.4968962805942E+01  2.4969138523577E+01  6.9120000000000E+04
 47  2.5522564859445E+01  5.0901872043979E-05  2.5522476413390E+01  2.5522652134640E+01  6.9120000000000E+04
 48  2.6076278695574E+01  5.0900017272351E-05  2.6076190248708E+01  2.6076365971647E+01  6.9120000000000E+04
 49  2.6630191814349E+01  5.0894454959720E-05  2.6630103367513E+01  2.6630279090362E+01  6.9120000000000E+04
 50  2.7184303272869E+01  5.0895196909966E-05  2.7184214827164E+01  2.7184390548311E+01  6.9120000000000E+04
 51  2.7738612129715E+01  5.0888932207638E-05  2.7738523686803E+01  2.7738699405343E+01  6.9120000000000E+04
 52  2.8293117445089E+01  5.0888781521513E-05  2.8293029007286E+01  2.8293204725029E+01  6.9120000000000E+04
 53  2.8847818281329E+01  5.0886413617655E-05  2.8847729851183E+01  2.8847905577864E+01  6.9120000000000E+04
 54  2.9402713704401E+01  5.0904311873725E-05  2.9402625252750E+01  2.9402801048200E+01  6.9120000000000E+04
 55  2.9957802792655E+01  5.0936507600181E-05  2.9957714308050E+01  2.9957890248291E+01  6.9120000000000E+04
 56  3.0513084640443E+01  5.1021088300072E-05  3.0512996084814E+01  3.0513172344486E+01  6.9120000000000E+04
 57  3.1068558376508E+01  5.1195067209299E-05  3.1068469652454E+01  3.1068646601713E+01  6.9120000000000E+04
 58  3.1624223200438E+01  5.1609247179564E-05  3.1624134082111E+01  3.1624312451120E+01  6.9120000000000E+04
 59  3.2180078449832E+01  5.2438627075106E-05  3.2179988446602E+01  3.2180169580221E+01  6.9120000000000E+04
 60  3.2736123715107E+01  5.4032529236949E-05  3.2736031820443E+01  3.2736218034333E+01  6.9120000000000E+04
 61  3.3292359021019E+01  5.6811113021249E-05  3.3292263279824E+01  3.3292458304887E+01  6.9120000000000E+04
 62  3.3848785091429E+01  6.1209598877290E-05  3.3848681902627E+01  3.3848891371058E+01  6.9120000000000E+04
 63  3.4405403704259E+01  6.7156687996417E-05  3.4405286738417E+01  3.4405518664667E+01  6.9120000000000E+04
 64  3.4962218129333E+01  7.3229250012032E-05  3.4962087167715E+01  3.4962341948360E+01  6.9120000000000E+04
 65  3.5519231863441E+01  7.7894122302206E-05  3.5519092990432E+01  3.5519363127841E+01  6.9120000000000E+04
 66  3.6076447265540E+01  8.0982831515673E-05  3.6076304125740E+01  3.6076584044910E+01  6.9120000000000E+04
 67  3.6633865824904E+01  8.2827713592581E-05  3.6633720492822E+01  3.6634006304558E+01  6.9120000000000E+04
 68  3.7191488413894E+01  8.3811924404251E-05  3.7191342010915E+01  3.7191631173044E+01  6.9120000000000E+04
 69  3.7749315496933E+01  8.4326713132253E-05  3.7749168599312E+01  3.7749459555048E+01  6.9120000000000E+04
 70  3.8307347286491E+01  8.4557488737788E-05  3.8307200177304E+01  3.8307492032527E+01  6.9120000000000E+04
 71  3.8865583849374E+01  8.4666493690983E-05  3.8865436664238E+01  3.8865728935980E+01  6.9120000000000E+04
 72  3.9424025173282E+01  8.4710483461435E-05  3.9423877949565E+01  3.9424170421087E+01  6.9120000000000E+04
 73  3.9982671210319E+01  8.4741294862677E-05  3.9982523952689E+01  3.9982816533602E+01  6.9120000000000E+04
 74  4.0541521897711E+01  8.4762491496945E-05  4.0541374623020E+01  4.0541667256141E+01  6.9120000000000E+04
 75  4.1100577163220E+01  8.4774007912310E-05  4.1100429880071E+01  4.1100722537894E+01  6.9120000000000E+04
 76  4.1659836930059E+01  8.4754978460238E-05  4.1659689643353E+01  4.1659982311536E+01  6.9120000000000E+04
 77  4.2219301119080E+01  8.4747049885543E-05  4.2219153832433E+01  4.2219446501998E+01  6.9120000000000E+04
 78  4.2778969649667E+01  8.4764194146604E-05  4.2778822366933E+01  4.2779115030704E+01  6.9120000000000E+04
 79  4.3338842440045E+01  8.4760668160928E-05  4.3338695166493E+01  4.3338987817573E+01  6.9120000000000E+04
 80  4.3898919407322E+01  8.4745027982510E-05  4.3898772150769E+01  4.3899064782023E+01  6.9120000000000E+04
 81  4.4459200467456E+01  8.4741980614615E-05  4.4459053209542E+01  4.4459345843518E+01  6.9120000000000E+04
 82  4.5019685540198E+01  8.4746861876212E-05  4.5019538262579E+01  4.5019830921832E+01  6.9120000000000E+04
 83  4.5580374549099E+01  8.4735052711586E-05  4.5580227259585E+01  4.5580519937088E+01  6.9120000000000E+04
 84  4.6141267416574E+01  8.4772122785336E-05  4.6141120120379E+01  4.6141412809619E+01  6.9120000000000E+04
 85  4.6702364063989E+01  8.4778566668708E-05  4.6702216764820E+01  4.6702509459729E+01  6.9120000000000E+04
 86  4.7263664411732E+01  8.4784409649354E-05  4.7263517112802E+01  4.7263809807491E+01  6.9120000000000E+04
 87  4.7825168379247E+01  8.4776019973480E-05  4.7825021084275E+01  4.7825313772667E+01  6.9120000000000E+04
 88  4.8386875884998E+01  8.4761639184386E-05  4.8386728599206E+01  4.8387021274793E+01  6.9120000000000E+04
 89  4.8948786846404E+01  8.4797029667534E-05  4.8948639577598E+01  4.8948932233391E+01  6.9120000000000E+04
 90  4.9510901179752E+01  8.4753906359024E-05  4.9510753909576E+01  4.9511046568220E+01  6.9120000000000E+04
 91  5.0073218805146E+01  8.4758029999954E-05  5.0073071515179E+01  5.0073364199443E+01  6.9120000000000E+04
 92  5.0635739646519E+01  8.4747825474124E-05  5.0635592344435E+01  5.0635885047639E+01  6.9120000000000E+04
 93  5.1198463626729E+01  8.4770350796358E-05  5.1198316317529E+01  5.1198609033656E+01  6.9120000000000E+04
 94  5.1761390667667E+01  8.4787404235179E-05  5.1761243354648E+01  5.1761536078355E+01  6.9120000000000E+04
 95  5.2324520690368E+01  8.4804237909527E-05  5.2324373376010E+01  5.2324666102341E+01  6.9120000000000E+04
 96  5.2887853615074E+01  8.4806307390701E-05  5.2887706301873E+01  5.2887999025770E+01  6.9120000000000E+04
 97  5.3451389361220E+01  8.4799651097677E-05  5.3451242052489E+01  5.3451534768212E+01  6.9120000000000E+04
 98  5.4015127847317E+01  8.4758555949550E-05  5.4014980548186E+01  5.4015273248461E+01  6.9120000000000E+04
 99  5.4579068990694E+01  8.4760667882278E-05  5.4578921709368E+01  5.4579214383941E+01  6.9120000000000E+04
100  5.5143212707002E+01  8.4752005033230E-05  5.5143065426543E+01  5.5143358089012E+01  6.9120000000000E+04
101  5.5707558914179E+01  8.4769831822281E-05  5.5707411620148E+01  5.5707704271016E+01  6.9120000000000E+04
102  5.6272107530253E+01  8.4751304687029E-05  5.6271960240551E+01  5.6272252822232E+01  6.9120000000000E+04
103  5.6836858463656E+01  8.4712650073845E-05  5.6836711208262E+01  5.6837003605376E+01  6.9120000000000E+04
104  5.7401811603601E+01  8.4584767137232E-05  5.7401664443783E+01  5.7401956430235E+01  6.9120000000000E+04
105  5.7966966801732E+01  8.4377868781351E-05  5.7966819867694E+01  5.7967111020288E+01  6.9120000000000E+04
106  5.8532323839556E+01  8.3903405793184E-05  5.8532177400653E+01  5.8532466971441E+01  6.9120000000000E+04
107  5.9097882374975E+01  8.3047706114472E-05  5.9097736963311E+01  5.9098023710304E+01  6.9120000000000E+04
108  5.9663641861230E+01  8.1554442228990E-05  5.9663498476356E+01  5.9663780464999E+01  6.9120000000000E+04
109  6.0229601433629E+01  7.9188149849933E-05  6.0229461830637E+01  6.0229736264122E+01  6.9120000000000E+04
110  6.0795759769051E+01  7.6048294251236E-05  6.0795626946872E+01  6.0795889975513E+01  6.9120000000000E+04
111  6.1362114914513E+01  7.2734540212682E-05  6.1361990078984E+01  6.1362240385080E+01  6.9120000000000E+04
112  6.1928664711687E+01  7.0183155807152E-05  6.1928545068897E+01  6.1928786300849E+01  6.9120000000000E+04
113  6.2495407622950E+01  6.8770340879150E-05  6.2495289490595E+01  6.2495526656071E+01  6.9120000000000E+04
114  6.3062342954072E+01  6.8236259454314E-05  6.3062224707383E+01  6.3062460584431E+01  6.9120000000000E+04
115  6.3629470479463E+01  6.8072826259955E-05  6.3629352055496E+01  6.3629587451042E+01  6.9120000000000E+04
116  6.4196790111487E+01  6.8055997372845E-05  6.4196671532116E+01  6.4196906839391E+01  6.9120000000000E+04
117  6.4764301830057E+01  6.8165560905915E-05  6.4764183164300E+01  6.4764418508157E+01  6.9120000000000E+04
118  6.5332005637028E+01  6.8133125736342E-05  6.5331886919365E+01  6.5332122337060E+01  6.9120000000000E+04
119  6.5899901541074E+01  6.8224692641903E-05  6.5899782794495E+01  6.5900018277643E+01  6.9120000000000E+04
120  6.6467989549770E+01  6.8152700742741E-05  6.6467870786877E+01  6.6468106317264E+01  6.9120000000000E+04
121  6.7036269667789E+01  6.8211127190690E-05  6.7036150893739E+01  6.7036386457304E+01  6.9120000000000E+04
122  6.7604741897518E+01  6.8200076621769E-05  6.7604623112224E+01  6.7604858702391E+01  6.9120000000000E+04
123  6.8173406240282E+01  6.8255393691326E-05  6.8173287439520E+01  6.8173523056371E+01  6.9120000000000E+04
124  6.8742262697456E+01  6.8218139476749E-05  6.8742143902678E+01  6.8742379521542E+01  6.9120000000000E+04
125  6.9311311266367E+01  6.8225233344714E-05  6.9311192469019E+01  6.9311428099034E+01  6.9120000000000E+04
126  6.9880551945961E+01  6.8252888831451E-05  6.9880433123663E+01  6.9880668789291E+01  6.9120000000000E+04
127  7.0449984739384E+01  6.8172303904977E-05  7.0449865899534E+01  7.0450101592285E+01  6.9120000000000E+04
128  7.1019609648485E+01  6.8246010875840E-05  7.1019490812107E+01  7.1019726507328E+01  6.9120000000000E+04
129  7.1589426671085E+01  6.8214642351987E-05  7.1589307829409E+01  7.1589543532389E+01  6.9120000000000E+04
130  7.2159435805928E+01  6.8315176727292E-05  7.2159316949329E+01  7.2159552662745E+01  6.9120000000000E+04
131  7.2729637052212E+01  6.8242843376044E-05  7.2729518199538E+01  7.2729753888672E+01  6.9120000000000E+04
132  7.3300030403333E+01  6.8239683117272E-05  7.3299911577927E+01  7.3300147191816E+01  6.9120000000000E+04
133  7.3870615844142E+01  6.8194035672474E-05  7.3870497052524E+01  7.3870732540090E+01  6.9120000000000E+04
134  7.4441393350895E+01  6.8051360782333E-05  7.4441274621137E+01  7.4441509881401E+01  6.9120000000000E+04
135  7.5012362882904E+01  6.7960096069244E-05  7.5012244311477E+01  7.5012479137321E+01  6.9120000000000E+04
136  7.5583524364820E+01  6.7682555672320E-05  7.5583406121436E+01  7.5583640198637E+01  6.9120000000000E+04
137  7.6154877668771E+01  6.7388486039759E-05  7.6154760048907E+01  7.6154992925012E+01  6.9120000000000E+04
138  7.6726422591333E+01  6.6904747632546E-05  7.6726306061878E+01  7.6726537150390E+01  6.9120000000000E+04
139  7.7298158831208E+01  6.6418210588064E-05  7.7298043381266E+01  7.7298272694073E+01  6.9120000000000E+04
140  7.7870086089006E+01  6.6074839205156E-05  7.7869971257722E+01  7.7870199375383E+01  6.9120000000000E+04
141  7.8442204162089E+01  6.5793690478660E-05  7.8442089658910E+01  7.8442317028387E+01  6.9120000000000E+04
142  7.9014512922383E+01  6.5709616045957E-05  7.9014398582266E+01  7.9014625513185E+01  6.9120000000000E+04
143  7.9587012293521E+01  6.5627377762694E-05  7.9586898025229E+01  7.9587124721725E+01  6.9120000000000E+04
144  8.0159702233277E+01  6.5600063109488E-05  8.0159587985278E+01  8.0159814578131E+01  6.9120000000000E+04
145  8.0732582721330E+01  6.5495127569537E-05  8.0732468489753E+01  8.0732695035225E+01  6.9120000000000E+04
146  8.1305653746830E+01  6.5546207472777E-05  8.1305539506276E+01  8.1305766069446E+01  6.9120000000000E+04
147  8.1878915309847E+01  6.5604082574204E-05  8.1878801032328E+01  8.1879027675952E+01  6.9120000000000E+04
148  8.2452367420962E+01  6.5724351486432E-05  8.2452253095245E+01  8.2452479864689E+01  6.9120000000000E+04
149  8.3026010098358E+01  6.5603506302199E-05  8.3025895662611E+01  8.3026122657313E+01  6.9120000000000E+04
150  8.3599843376809E+01  6.5743351939439E-05  8.3599728731906E+01  8.3599956084342E+01  6.9120000000000E+04
151  8.4173867313165E+01  6.5969960195781E-05  8.4173752418744E+01  8.4173980181982E+01  6.9120000000000E+04
152  8.4748081973094E+01  6.5960605078279E-05  8.4747966897125E+01  8.4748194988447E+01  6.9120000000000E+04
153  8.5322487408428E+01  6.6122288457885E-05  8.5322372222810E+01  8.5322600539987E+01  6.9120000000000E+04
154  8.5897083653912E+01  6.6142321463269E-05  8.5896968393029E+01  8.5897196867014E+01  6.9120000000000E+04
155  8.6471870732725E+01  6.6082888577015E-05  8.6471755434909E+01  8.6471983990470E+01  6.9120000000000E+04
156  8.7046848655439E+01  6.6148952141568E-05  8.7046733345721E+01  8.7046961918175E+01  6.9120000000000E+04
157  8.7622017421769E+01  6.6317930564133E-05  8.7621902122737E+01  8.7622130640489E+01  6.9120000000000E+04
158  8.8197377019395E+01  6.6141607052784E-05  8.8197261763272E+01  8.8197490124684E+01  6.9120000000000E+04
159  8.8772927418926E+01  6.6013535470957E-05  8.8772812264597E+01  8.8773040308035E+01  6.9120000000000E+04
160  8.9348668563876E+01  6.5898095220058E-05  8.9348553623943E+01  8.9348781090767E+01  6.9120000000000E+04
161  8.9924600354462E+01  6.5545242126851E-05  8.9924485838582E+01  8.9924712331209E+01  6.9120000000000E+04
162  9.0500722624452E+01  6.5053985875080E-05  9.0500608905786E+01  9.0500833846027E+01  6.9120000000000E+04
163  9.1077035111075E+01  6.4333910079966E-05  9.1076922822828E+01  9.1077145417709E+01  6.9120000000000E+04
164  9.1653537419276E+01  6.3921788250221E-05  9.1653426567148E+01  9.1653646809327E+01  6.9120000000000E+04
165  9.2230229152721E+01  6.3460322403117E-05  9.2230119116080E+01  9.2230337783973E+01  6.9120000000000E+04
166  9.2807110044854E+01  6.3099013729199E-05  9.2807000436795E+01  9.2807218124409E+01  6.9120000000000E+04
167  9.3384179928232E+01  6.2920718338163E-05  9.3384070526267E+01  9.3384287648504E+01  6.9120000000000E+04
168  9.3961438704731E+01  6.2796989930251E-05  9.3961329411283E+01  9.3961546217941E+01  6.9120000000000E+04
169  9.4538886318040E+01  6.2679951078915E-05  9.4538777059011E+01  9.4538993740407E+01  6.9120000000000E+04
170  9.5116522743748E+01  6.2779953971659E-05  9.5116413466472E+01  9.5116630167584E+01  6.9120000000000E+04
171  9.5694347981775E+01  6.2667927237197E-05  9.5694238660449E+01  9.5694455491804E+01  6.9120000000000E+04
172  9.6272362050625E+01  6.2801786710452E-05  9.6272252637960E+01  9.6272469743277E+01  6.9120000000000E+04
173  9.6850564992916E+01  6.3042734472258E-05  9.6850455366135E+01  9.6850672988086E+01  6.9120000000000E+04
174  9.7428956891869E+01  6.3308903733241E-05  9.7428846841953E+01  9.7429065325542E+01  6.9120000000000E+04
175  9.8007537888357E+01  6.3624969602579E-05  9.8007427092278E+01  9.8007646883014E+01  6.9120000000000E+04
176  9.8586308197633E+01  6.4088525681652E-05  9.8586196440560E+01  9.8586417807007E+01  6.9120000000000E+04
177  9.9165268079808E+01  6.4350108234839E-05  9.9165155566797E+01  9.9165378250939E+01  6.9120000000000E+04
178  9.9744417752030E+01  6.4783680072617E-05  9.9744304824711E+01  9.9744528361670E+01  6.9120000000000E+04
179  1.0032375735394E+02  6.4805342198093E-05  1.0032364421163E+02  1.0032386826761E+02  6.9120000000000E+04
180  1.0090328696945E+02  6.4901816412555E-05  1.0090317372488E+02  1.0090339807060E+02  6.9120000000000E+04
181  1.0148300664418E+02  6.5033263310271E-05  1.0148289336188E+02  1.0148311784226E+02  6.9120000000000E+04
182  1.0206291639777E+02  6.5037345991289E-05  1.0206280311999E+02  1.0206302762388E+02  6.9120000000000E+04
183  1.0264301623122E+02  6.4939174018849E-05  1.0264290296671E+02  1.0264312742794E+02  6.9120000000000E+04
184  1.0322330613439E+02  6.4939518747844E-05  1.0322319289944E+02  1.0322341723962E+02  6.9120000000000E+04
185  1.0380378608398E+02  6.5021515608186E-05  1.0380367294540E+02  1.0380389701757E+02  6.9120000000000E+04
186  1.0438445603209E+02  6.4713685287558E-05  1.0438434310192E+02  1.0438456669460E+02  6.9120000000000E+04
187  1.0496531589548E+02  6.4439532403742E-05  1.0496520336637E+02  1.0496542617954E+02  6.9120000000000E+04
188  1.0554636554082E+02  6.4191087060255E-05  1.0554625373612E+02  1.0554647536145E+02  6.9120000000000E+04
189  1.0612760476671E+02  6.3867484583988E-05  1.0612749368857E+02  1.0612771411608E+02  6.9120000000000E+04
190  1.0670903337007E+02  6.3494251479207E-05  1.0670892270115E+02  1.0670914231274E+02  6.9120000000000E+04
191  1.0729065121145E+02  6.3540411828912E-05  1.0729054077129E+02  1.0729075981836E+02  6.9120000000000E+04
192  1.0787245819331E+02  6.3173469983260E-05  1.0787234789646E+02  1.0787256649524E+02  6.9120000000000E+04
193  1.0845445423739E+02  6.3237740884948E-05  1.0845434407416E+02  1.0845456219016E+02  6.9120000000000E+04
194  1.0903663925951E+02  6.3212235062446E-05  1.0903652930182E+02  1.0903674671516E+02  6.9120000000000E+04
195  1.0961901313847E+02  6.2587319006771E-05  1.0961890357686E+02  1.0961911982341E+02  6.9120000000000E+04
196  1.1020157567525E+02  6.1951142783209E-05  1.1020146692663E+02  1.1020168118674E+02  6.9120000000000E+04
197  1.1078432653344E+02  6.0867991586975E-05  1.1078421934859E+02  1.1078443038306E+02  6.9120000000000E+04
198  1.1136726516911E+02  5.9504058973180E-05  1.1136716081033E+02  1.1136736690076E+02  6.9120000000000E+04
 
 field : PHI_NH   ; Iter =       240 ; region #   0 ; nb.Lev = 198
 k | --   Average    -- | --   Std.Dev    -- | --     min      -- | --     max      -- | --    Vol
  0  1.9160958552330E-12  4.5179761910385E-12 -4.3249107917623E-11  3.1599917171123E-11  1.3685760000000E+07
  1  4.3477748825600E-14  3.4927027397976E-12 -1.7325010455073E-11  9.4724230718911E-12  6.9120000000000E+04
  2  5.4594532013619E-14  3.5021571653159E-12 -1.8013084151814E-11  9.8268226700529E-12  6.9120000000000E+04
  3  6.4454039497937E-14  3.5364418420878E-12 -1.8559003037261E-11  1.0350367468800E-11  6.9120000000000E+04
  4  7.3874037254354E-14  3.5402492801485E-12 -1.9278072718978E-11  1.0643534700485E-11  6.9120000000000E+04
  5  8.4988981448623E-14  3.5605419473778E-12 -1.9677954163651E-11  1.1090463558175E-11  6.9120000000000E+04
  6  9.3615065653223E-14  3.5938335196204E-12 -2.0344557375696E-11  1.1596463145902E-11  6.9120000000000E+04
  7  1.0359391589696E-13  3.5860767444065E-12 -2.0584311667094E-11  1.1953702289185E-11  6.9120000000000E+04
  8  1.1134103907245E-13  3.6364429198102E-12 -2.0937787239905E-11  1.2536041896596E-11  6.9120000000000E+04
  9  1.2041311327784E-13  3.6558639599493E-12 -2.1435643906519E-11  1.2936728814041E-11  6.9120000000000E+04
 10  1.3218899767031E-13  3.6127782219381E-12 -2.1493908978596E-11  1.3446955292207E-11  6.9120000000000E+04
 11  1.4075525212573E-13  3.6351935382510E-12 -2.1562741582346E-11  1.3873048651123E-11  6.9120000000000E+04
 12  1.5083263741547E-13  3.6707436647911E-12 -2.1825303311658E-11  1.4185445035051E-11  6.9120000000000E+04
 13  1.6211690997803E-13  3.6226656510972E-12 -2.1797675207485E-11  1.4658757465861E-11  6.9120000000000E+04
 14  1.7156360190885E-13  3.5613938983484E-12 -2.1394542701678E-11  1.4906842590563E-11  6.9120000000000E+04
 15  1.8409448735239E-13  3.5551600624999E-12 -2.1231019077784E-11  1.5310804124573E-11  6.9120000000000E+04
 16  1.9448126757291E-13  3.5556550461840E-12 -2.1252774870499E-11  1.5588770418724E-11  6.9120000000000E+04
 17  2.0451386529078E-13  3.4812489869042E-12 -2.0900077866777E-11  1.5778883589206E-11  6.9120000000000E+04
 18  2.1924103640906E-13  3.3450745909370E-12 -2.0111860668085E-11  1.6154068859444E-11  6.9120000000000E+04
 19  2.3386110789286E-13  3.2272819944554E-12 -1.9160010100234E-11  1.6324302260206E-11  6.9120000000000E+04
 20  2.4408284817166E-13  3.1757250466302E-12 -1.8536513203149E-11  1.6300247703764E-11  6.9120000000000E+04
 21  2.5623859789218E-13  3.1435467637032E-12 -1.8108365686710E-11  1.6504344858004E-11  6.9120000000000E+04
 22  2.7295336431754E-13  3.0472005782011E-12 -1.7458941343925E-11  1.6681905919837E-11  6.9120000000000E+04
 23  2.8831415409149E-13  2.8689295223697E-12 -1.6332517054102E-11  1.6547416456467E-11  6.9120000000000E+04
 24  3.0342937658273E-13  2.6519341085191E-12 -1.6824671450232E-11  1.6446101457606E-11  6.9120000000000E+04
 25  3.2219276795540E-13  2.4628295470914E-12 -1.6947398321721E-11  1.6503930454900E-11  6.9120000000000E+04
 26  3.4282254219036E-13  2.3371916141155E-12 -1.6729839846034E-11  1.6454176116143E-11  6.9120000000000E+04
 27  3.6231469393487E-13  2.2715472325444E-12 -1.6568516564050E-11  1.6139627257605E-11  6.9120000000000E+04
 28  3.7870078486522E-13  2.2651880570009E-12 -1.6814187031216E-11  1.5753085984287E-11  6.9120000000000E+04
 29  3.9284325702499E-13  2.2934573885126E-12 -1.7090096879413E-11  1.5524390454815E-11  6.9120000000000E+04
 30  4.0731795033989E-13  2.3100666887574E-12 -1.6768562490231E-11  1.5416866107912E-11  6.9120000000000E+04
 31  4.2186728607790E-13  2.3032181109877E-12 -1.6076068450668E-11  1.5034738626119E-11  6.9120000000000E+04
 32  4.3475631143640E-13  2.2920327536925E-12 -1.5464053481996E-11  1.4355913533519E-11  6.9120000000000E+04
 33  4.4589544350917E-13  2.2934440758779E-12 -1.5075614676906E-11  1.3603617155117E-11  6.9120000000000E+04
 34  4.5703076120806E-13  2.3082796153312E-12 -1.4979075208512E-11  1.2997139181845E-11  6.9120000000000E+04
 35  4.7077829021011E-13  2.3185877223539E-12 -1.4816599179530E-11  1.2569353789108E-11  6.9120000000000E+04
 36  4.8780627402900E-13  2.3072406320406E-12 -1.4084974208230E-11  1.2150484395381E-11  6.9120000000000E+04
 37  5.0592317813818E-13  2.2787803601779E-12 -1.2689503074489E-11  1.1518516259895E-11  6.9120000000000E+04
 38  5.2365077118418E-13  2.2467471638962E-12 -1.2768959772036E-11  1.0518650501602E-11  6.9120000000000E+04
 39  5.4185030576335E-13  2.2179849946931E-12 -1.3172107142054E-11  9.2148398150678E-12  6.9120000000000E+04
 40  5.6123853231248E-13  2.1944218285055E-12 -1.3418008128561E-11  7.7656060094164E-12  6.9120000000000E+04
 41  5.8110503815696E-13  2.1733909165767E-12 -1.3561686022003E-11  6.8633278757377E-12  6.9120000000000E+04
 42  6.0071608285622E-13  2.1511788939118E-12 -1.3442006063806E-11  6.8722844425511E-12  6.9120000000000E+04
 43  6.2027935617460E-13  2.1310861805261E-12 -1.3217950742200E-11  6.8419918192138E-12  6.9120000000000E+04
 44  6.4016544520048E-13  2.1210779909296E-12 -1.2998482689372E-11  6.8343598741730E-12  6.9120000000000E+04
 45  6.6048437165216E-13  2.1236878151130E-12 -1.2890613098704E-11  6.8939524437444E-12  6.9120000000000E+04
 46  6.8187793195037E-13  2.1319650481435E-12 -1.2695785924637E-11  6.9838102189332E-12  6.9120000000000E+04
 47  7.0535761554772E-13  2.1346926594708E-12 -1.2413120237572E-11  7.0788087083938E-12  6.9120000000000E+04
 48  7.3126815917554E-13  2.1242627122662E-12 -1.1918913631101E-11  7.0859780484152E-12  6.9120000000000E+04
 49  7.5949655617634E-13  2.0997874176282E-12 -1.1129523850445E-11  6.9778442706890E-12  6.9120000000000E+04
 50  7.8999893600285E-13  2.0655961351713E-12 -1.0007401670585E-11  6.7653462864635E-12  6.9120000000000E+04
 51  8.2227872165772E-13  2.0296273755238E-12 -8.7974182564368E-12  6.5103904624662E-12  6.9120000000000E+04
 52  8.5511568197121E-13  2.0012246297459E-12 -7.9704337161995E-12  6.1851421855993E-12  6.9120000000000E+04
 53  8.8724070991886E-13  1.9864179565511E-12 -8.1819093798865E-12  5.8251198079901E-12  6.9120000000000E+04
 54  9.1783041508690E-13  1.9852030902132E-12 -8.3665838466041E-12  5.7296373326975E-12  6.9120000000000E+04
 55  9.4648183470933E-13  1.9944086199101E-12 -8.4481951233683E-12  5.9000220882743E-12  6.9120000000000E+04
 56  9.7317460580713E-13  2.0114444070663E-12 -8.5291275330702E-12  6.0748738030800E-12  6.9120000000000E+04
 57  9.9815352099348E-13  2.0345651369835E-12 -8.6179915170108E-12  6.2864070811772E-12  6.9120000000000E+04
 58  1.0217413042918E-12  2.0615270826181E-12 -8.7149663269522E-12  6.5047463345011E-12  6.9120000000000E+04
 59  1.0444238081741E-12  2.0896766675312E-12 -8.7874068214399E-12  6.7086092090602E-12  6.9120000000000E+04
 60  1.0667344434653E-12  2.1168951096489E-12 -8.8286470159094E-12  6.9002455130860E-12  6.9120000000000E+04
 61  1.0889001128883E-12  2.1425021465835E-12 -8.7992762088395E-12  7.0830244773073E-12  6.9120000000000E+04
 62  1.1108393136114E-12  2.1673166383560E-12 -8.7116610912549E-12  7.2556428546635E-12  6.9120000000000E+04
 63  1.1324365369629E-12  2.1926463060207E-12 -8.5962887486754E-12  7.4530369181874E-12  6.9120000000000E+04
 64  1.1537832908291E-12  2.2188016197140E-12 -8.5297031684777E-12  7.6180702334720E-12  6.9120000000000E+04
 65  1.1754483971671E-12  2.2447684405079E-12 -8.4547013927104E-12  7.8125660081887E-12  6.9120000000000E+04
 66  1.1981669939193E-12  2.2690431640156E-12 -8.4024712291162E-12  7.9688405137460E-12  6.9120000000000E+04
 67  1.2221228273168E-12  2.2906162178235E-12 -8.3166142952585E-12  8.0989584220379E-12  6.9120000000000E+04
 68  1.2468204706480E-12  2.3093509530836E-12 -8.1661594999740E-12  8.1972095691013E-12  6.9120000000000E+04
 69  1.2716183807048E-12  2.3258671800564E-12 -7.9442897040102E-12  8.2767343310337E-12  6.9120000000000E+04
 70  1.2960981733415E-12  2.3414880433895E-12 -7.6793590448823E-12  8.3512110560671E-12  6.9120000000000E+04
 71  1.3201257382755E-12  2.3577469409911E-12 -7.7079277891126E-12  8.4052838932779E-12  6.9120000000000E+04
 72  1.3438964343546E-12  2.3754784483402E-12 -7.8375204633360E-12  8.4577627925625E-12  6.9120000000000E+04
 73  1.3679186872668E-12  2.3941363321359E-12 -7.9571688858650E-12  8.5280551785693E-12  6.9120000000000E+04
 74  1.3927521863663E-12  2.4122578534949E-12 -8.0649377752102E-12  8.5902104625567E-12  6.9120000000000E+04
 75  1.4186407110530E-12  2.4291722875530E-12 -8.1728942202105E-12  8.6040659964852E-12  6.9120000000000E+04
 76  1.4453382266799E-12  2.4457444839779E-12 -8.2794236375377E-12  8.5631020181170E-12  6.9120000000000E+04
 77  1.4722702370884E-12  2.4638177096741E-12 -8.3953052645275E-12  8.5000174180442E-12  6.9120000000000E+04
 78  1.4989113274577E-12  2.4850774960646E-12 -8.5210380813893E-12  8.3957554425493E-12  6.9120000000000E+04
 79  1.5249860425298E-12  2.5103874145340E-12 -8.6481943112287E-12  8.2509597226306E-12  6.9120000000000E+04
 80  1.5503708951464E-12  2.5399405405309E-12 -8.7636797989798E-12  8.0921826240733E-12  6.9120000000000E+04
 81  1.5750770290604E-12  2.5735328449535E-12 -8.8784988266997E-12  7.9242181408490E-12  6.9120000000000E+04
 82  1.5992851708661E-12  2.6104677230072E-12 -9.0056735503458E-12  7.8900611170400E-12  6.9120000000000E+04
 83  1.6232093700267E-12  2.6493875768451E-12 -9.1468176590160E-12  8.0023060136616E-12  6.9120000000000E+04
 84  1.6470262899120E-12  2.6885562689340E-12 -9.2878020911082E-12  8.0950165110248E-12  6.9120000000000E+04
 85  1.6708129955824E-12  2.7264581326897E-12 -9.4282324001590E-12  8.2000365095037E-12  6.9120000000000E+04
 86  1.6945443886834E-12  2.7621478066527E-12 -9.5608320661759E-12  8.3958835014162E-12  6.9120000000000E+04
 87  1.7182742895888E-12  2.7954116951754E-12 -9.6606414887878E-12  8.5982516805648E-12  6.9120000000000E+04
 88  1.7421454072028E-12  2.8266190573744E-12 -9.7561157891399E-12  8.8080633877426E-12  6.9120000000000E+04
 89  1.7662037680883E-12  2.8563321568030E-12 -9.8436186387732E-12  9.0290597223410E-12  6.9120000000000E+04
 90  1.7904356245291E-12  2.8850525274041E-12 -9.9234531458408E-12  9.2057462014487E-12  6.9120000000000E+04
 91  1.8149278559663E-12  2.9131054927276E-12 -9.9996587970071E-12  9.3627473671657E-12  6.9120000000000E+04
 92  1.8398350912664E-12  2.9406091246698E-12 -1.0063339336062E-11  9.5106575299893E-12  6.9120000000000E+04
 93  1.8652288304131E-12  2.9676341826118E-12 -1.0125019515074E-11  9.6504002662166E-12  6.9120000000000E+04
 94  1.8910259488232E-12  2.9943804090778E-12 -1.0164218525020E-11  9.7593745212445E-12  6.9120000000000E+04
 95  1.9170757318865E-12  3.0211125236277E-12 -1.0197354529080E-11  9.8637803023586E-12  6.9120000000000E+04
 96  1.9432987854995E-12  3.0479954085279E-12 -1.0211091477123E-11  9.9256866327245E-12  6.9120000000000E+04
 97  1.9696888788493E-12  3.0751495863373E-12 -1.0216035897082E-11  9.9746602873836E-12  6.9120000000000E+04
 98  1.9962613334545E-12  3.1026295074099E-12 -1.0208352560440E-11  9.9778543302678E-12  6.9120000000000E+04
 99  2.0229808243329E-12  3.1306144896801E-12 -1.0198726269584E-11  9.9885155526733E-12  6.9120000000000E+04
100  2.0497747360133E-12  3.1595007922987E-12 -1.0181852835004E-11  9.9518500593733E-12  6.9120000000000E+04
101  2.0765985709191E-12  3.1896926097218E-12 -1.0171779227625E-11  1.0089001502432E-11  6.9120000000000E+04
102  2.1033537492962E-12  3.2213694148784E-12 -1.0165655607549E-11  1.0293638810803E-11  6.9120000000000E+04
103  2.1299129412338E-12  3.2544956317539E-12 -1.0161417463012E-11  1.0471868502476E-11  6.9120000000000E+04
104  2.1562017379008E-12  3.2889098729016E-12 -1.0165762239403E-11  1.0638526787085E-11  6.9120000000000E+04
105  2.1821239974283E-12  3.3244048949366E-12 -1.0172570305887E-11  1.0814993300508E-11  6.9120000000000E+04
106  2.2075844948415E-12  3.3608672190245E-12 -1.0184880040741E-11  1.0970784246806E-11  6.9120000000000E+04
107  2.2325739010226E-12  3.3982121863125E-12 -1.0193713297756E-11  1.1109870556509E-11  6.9120000000000E+04
108  2.2570342429835E-12  3.4363739749086E-12 -1.0204697422469E-11  1.1240608015688E-11  6.9120000000000E+04
109  2.2808142509816E-12  3.4752915436949E-12 -1.0202331825056E-11  1.1344810593899E-11  6.9120000000000E+04
110  2.3037815896337E-12  3.5149565231391E-12 -1.0310709333013E-11  1.1432914168482E-11  6.9120000000000E+04
111  2.3259115173811E-12  3.5552501093903E-12 -1.0893793480930E-11  1.1508292048706E-11  6.9120000000000E+04
112  2.3471772373934E-12  3.5959916015233E-12 -1.1478121243253E-11  1.1587375825594E-11  6.9120000000000E+04
113  2.3675516359246E-12  3.6371418927923E-12 -1.2094781425045E-11  1.1656561050735E-11  6.9120000000000E+04
114  2.3871494151958E-12  3.6788363619019E-12 -1.2724263505187E-11  1.1706736685639E-11  6.9120000000000E+04
115  2.4062253660645E-12  3.7211557736080E-12 -1.3374092034047E-11  1.1739562154400E-11  6.9120000000000E+04
116  2.4250307841569E-12  3.7640612913550E-12 -1.3968992395836E-11  1.1795431250268E-11  6.9120000000000E+04
117  2.4437576372757E-12  3.8073596785519E-12 -1.4565720308323E-11  1.1817564580565E-11  6.9120000000000E+04
118  2.4624501900502E-12  3.8510565761873E-12 -1.5169345159531E-11  1.1840110889089E-11  6.9120000000000E+04
119  2.4811649287110E-12  3.8952223299203E-12 -1.5801626640097E-11  1.1844410074985E-11  6.9120000000000E+04
120  2.5000032509701E-12  3.9398406155071E-12 -1.6401013611436E-11  1.1856884075469E-11  6.9120000000000E+04
121  2.5190587923240E-12  3.9849265410597E-12 -1.7009038420789E-11  1.1862206564805E-11  6.9120000000000E+04
122  2.5383880446680E-12  4.0305888769418E-12 -1.7653744993868E-11  1.1879914114812E-11  6.9120000000000E+04
123  2.5579743305475E-12  4.0768710432157E-12 -1.8277376910001E-11  1.1890866463615E-11  6.9120000000000E+04
124  2.5777671700478E-12  4.1238042973035E-12 -1.8866658190059E-11  1.1892408505587E-11  6.9120000000000E+04
125  2.5978283387074E-12  4.1714739757624E-12 -1.9334035753237E-11  1.1914719047623E-11  6.9120000000000E+04
126  2.6183249276531E-12  4.2201444660968E-12 -1.9937825447205E-11  1.1939225375594E-11  6.9120000000000E+04
127  2.6393488315694E-12  4.2700155739433E-12 -2.0519371160737E-11  1.1950743963882E-11  6.9120000000000E+04
128  2.6608335975594E-12  4.3212163181646E-12 -2.1046687549833E-11  1.1959454238824E-11  6.9120000000000E+04
129  2.6827516476081E-12  4.3738317314407E-12 -2.1647037674111E-11  1.1977971676741E-11  6.9120000000000E+04
130  2.7050374254458E-12  4.4278225499605E-12 -2.2173360734686E-11  1.1999569039594E-11  6.9120000000000E+04
131  2.7275604525266E-12  4.4829925587681E-12 -2.2717615155300E-11  1.2038647141444E-11  6.9120000000000E+04
132  2.7502404023399E-12  4.5392097510262E-12 -2.3279405232205E-11  1.2166754794538E-11  6.9120000000000E+04
133  2.7729626226903E-12  4.5963396286863E-12 -2.3790907806123E-11  1.2416217560035E-11  6.9120000000000E+04
134  2.7955883538269E-12  4.6540581779302E-12 -2.4330015649252E-11  1.2674173607968E-11  6.9120000000000E+04
135  2.8180337297588E-12  4.7120675762168E-12 -2.4884579822457E-11  1.2923738470011E-11  6.9120000000000E+04
136  2.8401583695816E-12  4.7701272159759E-12 -2.5403888090741E-11  1.3160568087779E-11  6.9120000000000E+04
137  2.8617287443842E-12  4.8280082169259E-12 -2.5899259421603E-11  1.3379691826475E-11  6.9120000000000E+04
138  2.8826108395144E-12  4.8856081914812E-12 -2.6423132833451E-11  1.3565541922595E-11  6.9120000000000E+04
139  2.9028741644121E-12  4.9428248613837E-12 -2.6939702766988E-11  1.3745200505693E-11  6.9120000000000E+04
140  2.9225690915308E-12  4.9995311861564E-12 -2.7412989854254E-11  1.3869971520192E-11  6.9120000000000E+04
141  2.9416503872196E-12  5.0555786727583E-12 -2.7894690417567E-11  1.3989006168698E-11  6.9120000000000E+04
142  2.9600591051597E-12  5.1108497750163E-12 -2.8395269112527E-11  1.4100179255297E-11  6.9120000000000E+04
143  2.9777392732458E-12  5.1652548721745E-12 -2.8871005779122E-11  1.4191650001386E-11  6.9120000000000E+04
144  2.9947800645402E-12  5.2187627338137E-12 -2.9285942175717E-11  1.4238162259700E-11  6.9120000000000E+04
145  3.0112441072823E-12  5.2713768185504E-12 -2.9746205085290E-11  1.4550304087953E-11  6.9120000000000E+04
146  3.0270262211840E-12  5.3230424253080E-12 -3.0253426700292E-11  1.5072522318547E-11  6.9120000000000E+04
147  3.0420605186650E-12  5.3736944102866E-12 -3.0583445498433E-11  1.5578547289307E-11  6.9120000000000E+04
148  3.0563912505061E-12  5.4232803741651E-12 -3.1028466265503E-11  1.6090848790151E-11  6.9120000000000E+04
149  3.0701497137224E-12  5.4719599116058E-12 -3.1562938004756E-11  1.6606529829358E-11  6.9120000000000E+04
150  3.0833906094974E-12  5.5199310413615E-12 -3.1873849727308E-11  1.7005111479872E-11  6.9120000000000E+04
151  3.0961178437424E-12  5.5673757888106E-12 -3.2208077138622E-11  1.7413872078471E-11  6.9120000000000E+04
152  3.1084419271253E-12  5.6145670689222E-12 -3.2593211924677E-11  1.7855889463442E-11  6.9120000000000E+04
153  3.1204649478672E-12  5.6616807167948E-12 -3.2969819740104E-11  1.8259975452820E-11  6.9120000000000E+04
154  3.1322647714520E-12  5.7088783478490E-12 -3.3334346674774E-11  1.8724791447938E-11  6.9120000000000E+04
155  3.1439109546482E-12  5.7563154762392E-12 -3.3697335561425E-11  1.9198756619850E-11  6.9120000000000E+04
156  3.1555549124688E-12  5.8041992585897E-12 -3.4055675356546E-11  1.9659573750658E-11  6.9120000000000E+04
157  3.1674136734555E-12  5.8527618610683E-12 -3.4397386425211E-11  2.0122304640033E-11  6.9120000000000E+04
158  3.1796083961824E-12  5.9019769753853E-12 -3.4754661374603E-11  2.0670434286546E-11  6.9120000000000E+04
159  3.1920777064691E-12  5.9517928846480E-12 -3.5077812399286E-11  2.1204077558437E-11  6.9120000000000E+04
160  3.2045919412127E-12  6.0020241295484E-12 -3.5457246972702E-11  2.1634922765766E-11  6.9120000000000E+04
161  3.2170152487800E-12  6.0523630465549E-12 -3.5735630542852E-11  2.2104138963506E-11  6.9120000000000E+04
162  3.2292696132145E-12  6.1026188911478E-12 -3.6094690458627E-11  2.2620319868486E-11  6.9120000000000E+04
163  3.2411720125686E-12  6.1525498899860E-12 -3.6441729841806E-11  2.3136089586659E-11  6.9120000000000E+04
164  3.2525856627316E-12  6.2020528252403E-12 -3.6729789929336E-11  2.3617966760831E-11  6.9120000000000E+04
165  3.2634726642248E-12  6.2511496043548E-12 -3.7064236419927E-11  2.4091121782685E-11  6.9120000000000E+04
166  3.2738225073218E-12  6.2996281294616E-12 -3.7409471160084E-11  2.4525600277986E-11  6.9120000000000E+04
167  3.2836011136155E-12  6.3471783291629E-12 -3.7722835830512E-11  2.4915394755864E-11  6.9120000000000E+04
168  3.2927874470363E-12  6.3937181300365E-12 -3.8014641648689E-11  2.5342001616777E-11  6.9120000000000E+04
169  3.3014514822665E-12  6.4392223404653E-12 -3.8336128909516E-11  2.5698319796979E-11  6.9120000000000E+04
170  3.3097364073621E-12  6.4836061506045E-12 -3.8650630451713E-11  2.5971845392868E-11  6.9120000000000E+04
171  3.3177388868828E-12  6.5269337386833E-12 -3.8921390265791E-11  2.6301266509997E-11  6.9120000000000E+04
172  3.3254682311570E-12  6.5693415244045E-12 -3.9201347973486E-11  2.6603023002209E-11  6.9120000000000E+04
173  3.3328661724931E-12  6.6109163578379E-12 -3.9500797065347E-11  2.6871382193575E-11  6.9120000000000E+04
174  3.3398298638225E-12  6.6517357547122E-12 -3.9776403211029E-11  2.7156904581066E-11  6.9120000000000E+04
175  3.3463090472412E-12  6.6917871046220E-12 -3.9993398217400E-11  2.7464078647724E-11  6.9120000000000E+04
176  3.3523751434154E-12  6.7311518189002E-12 -4.0256248980468E-11  2.7739403023184E-11  6.9120000000000E+04
177  3.3580849630793E-12  6.7700672333856E-12 -4.0566515238912E-11  2.7977686901382E-11  6.9120000000000E+04
178  3.3633689838895E-12  6.8086894651746E-12 -4.0686992545419E-11  2.8219252780914E-11  6.9120000000000E+04
179  3.3681819773968E-12  6.8469280138177E-12 -4.0942326246679E-11  2.8458588557886E-11  6.9120000000000E+04
180  3.3726088423947E-12  6.8846440917123E-12 -4.1276793451385E-11  2.8655073536958E-11  6.9120000000000E+04
181  3.3768286620321E-12  6.9220005631077E-12 -4.1391114070240E-11  2.8886885190464E-11  6.9120000000000E+04
182  3.3809953014434E-12  6.9590590848398E-12 -4.1531436290775E-11  2.9096100327674E-11  6.9120000000000E+04
183  3.3852504909148E-12  6.9957213876771E-12 -4.1721291175845E-11  2.9259425503049E-11  6.9120000000000E+04
184  3.3897926058994E-12  7.0320876670760E-12 -4.1900070171728E-11  2.9449636710042E-11  6.9120000000000E+04
185  3.3947667360381E-12  7.0680016872966E-12 -4.2069597839397E-11  2.9647437432254E-11  6.9120000000000E+04
186  3.4000992832383E-12  7.1031464569737E-12 -4.2233263623294E-11  2.9823060879885E-11  6.9120000000000E+04
187  3.4056634416543E-12  7.1373844857696E-12 -4.2384846779120E-11  2.9981276111458E-11  6.9120000000000E+04
188  3.4114375045925E-12  7.1705936179406E-12 -4.2523083952919E-11  3.0148031946815E-11  6.9120000000000E+04
189  3.4172515669236E-12  7.2025565077186E-12 -4.2651090018142E-11  3.0335663240332E-11  6.9120000000000E+04
190  3.4228052614327E-12  7.2330689858280E-12 -4.2769664115599E-11  3.0473461376397E-11  6.9120000000000E+04
191  3.4279059232910E-12  7.2618259146658E-12 -4.2875954792235E-11  3.0637188563173E-11  6.9120000000000E+04
192  3.4323493270574E-12  7.2883101182105E-12 -4.2967928851383E-11  3.0843280557520E-11  6.9120000000000E+04
193  3.4359876120822E-12  7.3120349267619E-12 -4.3046662689322E-11  3.1018352907393E-11  6.9120000000000E+04
194  3.4389290065319E-12  7.3325454049063E-12 -4.3113390392917E-11  3.1202468094146E-11  6.9120000000000E+04
195  3.4413028660324E-12  7.3495376616202E-12 -4.3167819702854E-11  3.1349150681037E-11  6.9120000000000E+04
196  3.4431229569589E-12  7.3626825814701E-12 -4.3208598974826E-11  3.1440540318139E-11  6.9120000000000E+04
197  3.4443412535152E-12  7.3715767772734E-12 -4.3235682102008E-11  3.1543810572822E-11  6.9120000000000E+04
198  3.4449326234814E-12  7.3760755297141E-12 -4.3249107917623E-11  3.1599917171123E-11  6.9120000000000E+04
 
 field : ETAN     ; Iter =       720 ; region #   0 ; nb.Lev =   1
 k | --   Average    -- | --   Std.Dev    -- | --     min      -- | --     max      -- | --    Vol
  0  4.3128819942893E-12  2.5231362552134E-12  4.4556454674911E-13  9.6643107841919E-12  6.9120000000000E+04
 
 field : UVEL     ; Iter =       720 ; region #   0 ; nb.Lev = 198
 k | --   Average    -- | --   Std.Dev    -- | --     min      -- | --     max      -- | --    Vol
  0  6.6171763611857E-25  4.2165247881071E-13 -3.1576524532158E-12  2.6435672912218E-12  2.7371520000000E+07
  1  1.2635614245233E-22  9.4804846074650E-13 -3.1576524532158E-12  2.6435672912218E-12  1.3824000000000E+05
  2 -8.4771146106898E-23  5.6663346047810E-13 -1.6689065460239E-12  1.4782527273594E-12  1.3824000000000E+05
  3 -3.0253508597762E-22  3.6642126301891E-13 -1.0198610886281E-12  9.8798312983524E-13  1.3824000000000E+05
  4 -8.8420443487408E-23  6.7165084379804E-13 -1.8243777844403E-12  1.7376684184009E-12  1.3824000000000E+05
  5  3.0256182407543E-22  2.8457043698322E-13 -7.5317146719583E-13  6.2341634603206E-13  1.3824000000000E+05
  6  2.6915143094143E-22  6.5536824068381E-13 -1.5646078258122E-12  1.8933166534236E-12  1.3824000000000E+05
  7 -5.2433769230315E-24  3.3989708999620E-13 -1.2047458206713E-12  1.1011937606345E-12  1.3824000000000E+05
  8  1.1035760917553E-22  4.9458993824158E-13 -1.3105012696327E-12  8.6807817712846E-13  1.3824000000000E+05
  9  3.9660191915355E-22  5.9632239089295E-13 -1.5638256394877E-12  1.9146210424994E-12  1.3824000000000E+05
 10  3.1843730516962E-22  4.3721170856071E-13 -9.4387946008637E-13  1.1037548105145E-12  1.3824000000000E+05
 11 -2.7607913534425E-23  6.7439181885441E-13 -2.1814807170945E-12  1.5001781452335E-12  1.3824000000000E+05
 12 -1.6912333851321E-22  2.1228389608182E-13 -5.0752928742993E-13  6.1925860810496E-13  1.3824000000000E+05
 13 -5.9763147874055E-23  5.5281039685061E-13 -1.0388505708570E-12  1.8018374807706E-12  1.3824000000000E+05
 14  2.9971516827631E-23  3.2443374791883E-13 -1.1364846971986E-12  6.4919416626121E-13  1.3824000000000E+05
 15  2.6634653605300E-23  5.0373615008791E-13 -1.6475103305517E-12  1.0477129547281E-12  1.3824000000000E+05
 16 -3.8620429535289E-23  4.3585749793957E-13 -1.3375170010785E-12  1.5234287158976E-12  1.3824000000000E+05
 17 -6.9610511736671E-23  3.8285444443288E-13 -9.6452080486692E-13  1.1078052314173E-12  1.3824000000000E+05
 18  4.0951260989998E-23  4.9667416144779E-13 -1.4503048698281E-12  1.4172669928882E-12  1.3824000000000E+05
 19  1.8886127831708E-22  3.7456383060664E-13 -8.3208381519947E-13  8.0397864672754E-13  1.3824000000000E+05
 20  2.1964370501317E-22  5.2801276265043E-13 -1.2666410761807E-12  1.4344964892437E-12  1.3824000000000E+05
 21  1.4537125296414E-22  3.0126039428395E-13 -7.0607870347940E-13  8.0467679434351E-13  1.3824000000000E+05
 22  7.3961246265605E-23  4.3581045069740E-13 -1.2060756792386E-12  1.1133968483951E-12  1.3824000000000E+05
 23  6.8874805811679E-23  3.9561204801594E-13 -1.1195788288045E-12  1.1787654887957E-12  1.3824000000000E+05
 24  4.6951369162200E-23  3.3550449933124E-13 -7.9297208361229E-13  6.6870903669626E-13  1.3824000000000E+05
 25  1.8159434991410E-23  4.3480392521089E-13 -9.6415276463428E-13  1.1180428476877E-12  1.3824000000000E+05
 26 -2.0805830338358E-23  2.8727144676714E-13 -6.9051947475086E-13  6.5715274380659E-13  1.3824000000000E+05
 27 -4.0890338983173E-23  4.5857611809495E-13 -1.2080620695442E-12  1.2858257237950E-12  1.3824000000000E+05
 28 -2.8055121688693E-23  3.1442601086707E-13 -9.1091742904762E-13  8.1364618739852E-13  1.3824000000000E+05
 29  2.9952486975320E-24  4.2370284285873E-13 -9.7596874105780E-13  1.2447352568073E-12  1.3824000000000E+05
 30  8.9527236291916E-23  3.6077192832669E-13 -8.2492755320342E-13  1.2481300427644E-12  1.3824000000000E+05
 31  1.6944687442691E-22  3.1368833515585E-13 -6.8982878205058E-13  8.9301841115032E-13  1.3824000000000E+05
 32  1.3273424045039E-22  4.1163896330896E-13 -1.4024879449941E-12  9.2501382796190E-13  1.3824000000000E+05
 33  1.6620317278500E-23  2.6430352269295E-13 -6.2877647247973E-13  5.5439710525858E-13  1.3824000000000E+05
 34  2.5622521634733E-23  4.5571133368497E-13 -1.2409283033102E-12  1.3863394923806E-12  1.3824000000000E+05
 35  1.1969504702771E-22  3.3716305470747E-13 -8.2335837907590E-13  1.0563373989426E-12  1.3824000000000E+05
 36  1.1278702525248E-22  3.6805075906797E-13 -1.2079096829757E-12  8.4418289001431E-13  1.3824000000000E+05
 37  2.9411510197777E-23  3.6179831145034E-13 -1.1575986269072E-12  6.9655499585939E-13  1.3824000000000E+05
 38 -1.5631315729349E-23  3.4298937046968E-13 -7.6393642259445E-13  5.8043474259446E-13  1.3824000000000E+05
 39  5.0265680674395E-24  4.1114643546217E-13 -7.9606048377589E-13  1.1229541236854E-12  1.3824000000000E+05
 40  5.5498572379799E-23  3.0073110380876E-13 -7.5982158701254E-13  7.0077747773133E-13  1.3824000000000E+05
 41  3.7850626865302E-23  4.0593286945391E-13 -1.0121269395237E-12  1.0513236611002E-12  1.3824000000000E+05
 42 -6.6445815143313E-24  3.4921978702718E-13 -6.9973503949768E-13  8.5969305011874E-13  1.3824000000000E+05
 43  1.9904282417538E-23  4.1603118411550E-13 -1.1103143244977E-12  9.7725259072180E-13  1.3824000000000E+05
 44  2.0230029053436E-22  3.3913639413630E-13 -8.0927944734516E-13  1.2123910493807E-12  1.3824000000000E+05
 45  2.3967606798730E-22  3.9677407222193E-13 -7.8360787916891E-13  1.2679291523188E-12  1.3824000000000E+05
 46  3.7161665033491E-23  3.4880105326424E-13 -1.1272498610766E-12  7.2964408087814E-13  1.3824000000000E+05
 47 -4.5458311598605E-23  3.3028165725485E-13 -6.9540426829973E-13  7.2442556114636E-13  1.3824000000000E+05
 48  1.7125093025969E-22  4.2159567197830E-13 -1.0682603585447E-12  1.2236945039035E-12  1.3824000000000E+05
 49  2.5314594016344E-22  3.0341702687523E-13 -8.3831476632961E-13  8.6842540836781E-13  1.3824000000000E+05
 50  4.2758927371935E-23  4.0249749480106E-13 -8.7870597588613E-13  9.6182289457818E-13  1.3824000000000E+05
 51 -1.5994102572435E-22  3.0101317690258E-13 -8.3264577086596E-13  7.5895577204295E-13  1.3824000000000E+05
 52 -5.2039083547967E-23  4.4285329392208E-13 -1.0362158247822E-12  1.1389561230207E-12  1.3824000000000E+05
 53  7.4960453753847E-23  3.4546627406664E-13 -9.2163828661153E-13  8.8713444164289E-13  1.3824000000000E+05
 54  7.5022494607937E-23  3.1521159612429E-13 -6.3128976744863E-13  7.1356272778110E-13  1.3824000000000E+05
 55 -5.5151382251724E-24  4.3694119318780E-13 -8.6408775940756E-13  1.2262074323733E-12  1.3824000000000E+05
 56 -2.0029131679618E-23  2.8292612041502E-13 -7.0918600557502E-13  6.3453902894850E-13  1.3824000000000E+05
 57 -1.2820127548203E-23  4.6727617932506E-13 -1.2347907489569E-12  1.1423376830868E-12  1.3824000000000E+05
 58 -2.0612908683284E-24  2.5632614281029E-13 -6.0554814129383E-13  8.1441529204924E-13  1.3824000000000E+05
 59  1.8314490849717E-23  4.3665034233302E-13 -1.2418049869152E-12  1.0136865095243E-12  1.3824000000000E+05
 60  6.4234003905252E-23  3.3622929186728E-13 -1.1194069226979E-12  9.5645640382064E-13  1.3824000000000E+05
 61  8.7314606761865E-23  3.2877357121984E-13 -8.0636944016811E-13  6.7220759577985E-13  1.3824000000000E+05
 62  1.5076960074280E-22  4.9717309816250E-13 -1.2884120549491E-12  1.2441769847400E-12  1.3824000000000E+05
 63 -2.1585247349966E-23  2.5569816750047E-13 -6.6158038644190E-13  6.0391889625393E-13  1.3824000000000E+05
 64 -2.1143319207689E-22  4.6589186658455E-13 -1.0615206361835E-12  1.0142898784723E-12  1.3824000000000E+05
 65 -1.2235112893307E-22  2.9177557868694E-13 -7.4330361778574E-13  7.6752469395604E-13  1.3824000000000E+05
 66  1.4017372291896E-22  4.5191344065989E-13 -1.0590252588558E-12  1.2618578419162E-12  1.3824000000000E+05
 67  1.7151474574283E-22  4.0219474063379E-13 -9.6304652161575E-13  9.4474477343285E-13  1.3824000000000E+05
 68 -6.1057737639008E-23  3.9755835063695E-13 -1.1061778816275E-12  9.8835474556655E-13  1.3824000000000E+05
 69 -2.2127339753955E-22  4.3337118122790E-13 -9.2122276023125E-13  1.2261593694875E-12  1.3824000000000E+05
 70  5.2293771014020E-24  2.6880196077449E-13 -6.2007450129896E-13  6.4181432408767E-13  1.3824000000000E+05
 71  2.3814371772803E-22  5.0499239688484E-13 -1.3311122305290E-12  1.0775490737948E-12  1.3824000000000E+05
 72  1.4039639851165E-22  2.7782089850399E-13 -7.5640468392410E-13  6.9858805835436E-13  1.3824000000000E+05
 73 -1.3089482263031E-22  5.0950801636625E-13 -1.1255576318883E-12  1.2380461568747E-12  1.3824000000000E+05
 74 -2.2124531998770E-22  3.4955019395216E-13 -7.7721741868370E-13  1.0085988426700E-12  1.3824000000000E+05
 75 -8.1032275376215E-24  3.8816529252466E-13 -8.4762153954644E-13  9.3737226087072E-13  1.3824000000000E+05
 76  2.4838196318448E-22  4.4975625398973E-13 -1.1179390536153E-12  1.0117793778728E-12  1.3824000000000E+05
 77  7.3732870072439E-23  2.5503048917978E-13 -5.7192826309771E-13  5.9728547428190E-13  1.3824000000000E+05
 78 -2.7742047539640E-22  5.2294601670660E-13 -1.3112815807304E-12  1.1385384370346E-12  1.3824000000000E+05
 79 -2.3004223065998E-22  2.3896759954722E-13 -6.9725599354265E-13  5.4627106720898E-13  1.3824000000000E+05
 80  2.2375501760008E-22  4.7330052071076E-13 -1.1878116158169E-12  9.9415783218022E-13  1.3824000000000E+05
 81  3.4923349908668E-22  3.3119349439002E-13 -8.8623404310826E-13  7.6813430975529E-13  1.3824000000000E+05
 82 -2.3866760750394E-23  3.7030394710176E-13 -7.3298097207651E-13  1.0257081141464E-12  1.3824000000000E+05
 83 -3.4606646303793E-22  4.8782452841503E-13 -1.1812069005053E-12  1.2373857536404E-12  1.3824000000000E+05
 84 -1.0374663453854E-22  2.3162629501857E-13 -8.0212523410136E-13  4.9337465922948E-13  1.3824000000000E+05
 85  2.7010467949705E-22  5.0251248307983E-13 -1.1702062117998E-12  1.1505966441570E-12  1.3824000000000E+05
 86  2.7689990717631E-22  2.8189417940923E-13 -8.4093770874971E-13  8.0035459286043E-13  1.3824000000000E+05
 87 -1.8007417612025E-23  4.5564875341561E-13 -1.0887796655301E-12  1.1391263334714E-12  1.3824000000000E+05
 88 -2.5294238252047E-22  3.8652992147043E-13 -7.4406192380753E-13  1.0426793954067E-12  1.3824000000000E+05
 89 -1.3594469998022E-22  4.0858317544175E-13 -8.2590849669741E-13  9.5373099805610E-13  1.3824000000000E+05
 90  1.7570084607781E-22  4.2841026661216E-13 -1.1869421950134E-12  8.7461621112392E-13  1.3824000000000E+05
 91  2.0201141224251E-22  2.6238253105501E-13 -7.0216119781765E-13  9.2235271130249E-13  1.3824000000000E+05
 92 -1.7403291162254E-22  5.0158878837956E-13 -1.2896263637743E-12  1.1594649596707E-12  1.3824000000000E+05
 93 -3.8135265805747E-22  2.9081427473565E-13 -6.2575374778715E-13  8.1263515881446E-13  1.3824000000000E+05
 94 -1.2064833958735E-22  4.7606791587596E-13 -1.1568874892424E-12  1.5157010349617E-12  1.3824000000000E+05
 95  1.5286782412482E-22  3.6398434277473E-13 -9.3284814442716E-13  8.1412587149006E-13  1.3824000000000E+05
 96  4.0936087580639E-23  4.2996458277677E-13 -1.1234816892449E-12  1.0195129260570E-12  1.3824000000000E+05
 97 -2.3447684449733E-22  4.5418953323047E-13 -8.4054864974318E-13  1.0680547163096E-12  1.3824000000000E+05
 98 -2.5056655032651E-22  3.1316714528288E-13 -9.6133322631810E-13  7.4345026530241E-13  1.3824000000000E+05
 99  5.1485863553637E-23  4.9115681824014E-13 -1.0115381419076E-12  1.0661398848144E-12  1.3824000000000E+05
100  3.4838481925436E-22  3.7251421118224E-13 -7.3556811644252E-13  8.4935862330963E-13  1.3824000000000E+05
101  2.9459335384949E-22  4.9946259038808E-13 -1.2509237255090E-12  9.8210773610557E-13  1.3824000000000E+05
102  1.7127996516474E-24  4.0612247116582E-13 -1.0432024006601E-12  1.2594107918982E-12  1.3824000000000E+05
103 -2.0684265108518E-23  4.7135789304747E-13 -1.4414604327747E-12  1.2484981307389E-12  1.3824000000000E+05
104  2.4280422542077E-22  4.6481872338317E-13 -1.2608727921146E-12  9.7870081852316E-13  1.3824000000000E+05
105  2.2853353183781E-22  3.8130045889779E-13 -7.9968846614711E-13  1.3140583468867E-12  1.3824000000000E+05
106 -2.1152758288082E-22  4.8641998610006E-13 -1.4820203621085E-12  1.1795511347214E-12  1.3824000000000E+05
107 -3.8160448892032E-22  4.2594692628948E-13 -9.9231959051539E-13  1.0943115959020E-12  1.3824000000000E+05
108 -9.9938952005771E-23  5.3652222637263E-13 -1.0565864342881E-12  1.4296952584489E-12  1.3824000000000E+05
109  1.0304997855043E-22  4.0387887703920E-13 -1.1487088407724E-12  6.8394817456822E-13  1.3824000000000E+05
110 -9.1828243185965E-23  5.6302091444956E-13 -1.3661537975023E-12  1.3064153811290E-12  1.3824000000000E+05
111 -3.2795964451961E-22  4.8216446140462E-13 -1.2204755060827E-12  1.0748667824852E-12  1.3824000000000E+05
112 -2.3456382575575E-22  4.3337580206955E-13 -1.1503683801450E-12  8.9920080932438E-13  1.3824000000000E+05
113  9.4561523832247E-23  5.8273534910245E-13 -1.4540072775230E-12  1.3894897306649E-12  1.3824000000000E+05
114  2.8595482908775E-22  4.3962416060059E-13 -8.5984467239268E-13  1.3346394545271E-12  1.3824000000000E+05
115  1.0840429716061E-22  5.1385381102281E-13 -1.4959159105300E-12  1.2143567384090E-12  1.3824000000000E+05
116 -2.0924235792125E-22  4.4540042389319E-13 -1.1377837915108E-12  8.2163502247971E-13  1.3824000000000E+05
117 -8.2834304575950E-23  5.0810955841077E-13 -1.2832943431912E-12  1.0993743566658E-12  1.3824000000000E+05
118  3.3356851478266E-22  5.2435227489853E-13 -1.1031723268137E-12  1.5110208350058E-12  1.3824000000000E+05
119  2.4004995527610E-22  3.8385472867208E-13 -1.2634604011102E-12  1.0598443290616E-12  1.3824000000000E+05
120 -3.1321202180574E-22  4.8960194088390E-13 -1.3767480664283E-12  9.4720816143558E-13  1.3824000000000E+05
121 -4.0924410136791E-22  3.8528578467481E-13 -8.6491523118828E-13  1.2167868383878E-12  1.3824000000000E+05
122 -1.5199495972410E-23  4.4768116072207E-13 -8.4901299064094E-13  1.4370599692816E-12  1.3824000000000E+05
123  2.1609949684255E-22  4.3437125223099E-13 -1.0700624664679E-12  9.1402161089829E-13  1.3824000000000E+05
124 -1.5449973678773E-23  4.1633380083188E-13 -1.0515777025061E-12  1.0691247556445E-12  1.3824000000000E+05
125 -2.1834730466051E-22  4.8553678893454E-13 -1.4353252053279E-12  1.0606180182454E-12  1.3824000000000E+05
126 -7.2869719348328E-23  4.0507109534891E-13 -1.1432744301632E-12  1.2105935916919E-12  1.3824000000000E+05
127  1.7121702640287E-22  4.8754008346388E-13 -1.3431506849896E-12  1.6365271879547E-12  1.3824000000000E+05
128  1.7491980138982E-22  4.1542721605617E-13 -1.1010892403225E-12  8.5619142712169E-13  1.3824000000000E+05
129 -7.1059884574752E-24  4.6280208644566E-13 -1.4981039719365E-12  1.2112930133908E-12  1.3824000000000E+05
130 -1.9013350158914E-22  4.1381019066091E-13 -8.4714214824935E-13  1.0109356906017E-12  1.3824000000000E+05
131 -1.4490215337778E-22  4.5222169785920E-13 -1.0738600607107E-12  1.0234845228442E-12  1.3824000000000E+05
132  4.4038668130507E-23  4.9141933673325E-13 -1.0873802900555E-12  1.3697554038137E-12  1.3824000000000E+05
133  5.1470097737951E-23  3.4754675030400E-13 -8.6427216290041E-13  8.3153758519100E-13  1.3824000000000E+05
134 -2.0075174005662E-22  4.8713868383550E-13 -1.4241411713451E-12  1.0036488555370E-12  1.3824000000000E+05
135 -2.3748342635191E-22  3.7666161230488E-13 -9.9329116864434E-13  1.0264299138357E-12  1.3824000000000E+05
136 -1.6730309429840E-23  4.3925669639200E-13 -1.0834506247680E-12  1.3187745826917E-12  1.3824000000000E+05
137  1.3459769933247E-22  5.1251734597118E-13 -1.2162768811457E-12  1.2747042168016E-12  1.3824000000000E+05
138  5.0368335070949E-25  4.0030008278575E-13 -1.3185417314815E-12  8.3854480581694E-13  1.3824000000000E+05
139 -3.7808565922310E-23  4.4514742612571E-13 -1.2369162965269E-12  1.0219407535501E-12  1.3824000000000E+05
140  1.5107224611592E-22  3.6670531942219E-13 -8.3904011536610E-13  1.0398358725952E-12  1.3824000000000E+05
141  9.6117977119998E-23  5.2466881014414E-13 -1.5030200241879E-12  1.3848706453294E-12  1.3824000000000E+05
142 -1.8301009822517E-22  3.9159392089039E-13 -8.7093706030911E-13  1.1201091525437E-12  1.3824000000000E+05
143 -1.8454471770711E-22  4.9553473129239E-13 -1.5124475735527E-12  1.2584593057485E-12  1.3824000000000E+05
144  2.1898388451689E-23  4.5573646268355E-13 -9.1990877942406E-13  1.0379652043343E-12  1.3824000000000E+05
145  9.5466267478173E-23  4.0121708700403E-13 -1.4049747671288E-12  1.0320053997670E-12  1.3824000000000E+05
146 -5.6859741566760E-23  4.9202880988619E-13 -1.0256882456276E-12  1.3035440243277E-12  1.3824000000000E+05
147 -2.4823070099665E-22  3.9468389941975E-13 -9.1990548596889E-13  1.2770860273494E-12  1.3824000000000E+05
148 -1.6424574667639E-22  5.2138401584505E-13 -2.0436582366085E-12  1.0536266917568E-12  1.3824000000000E+05
149  1.3396642670145E-22  4.3402388236786E-13 -1.0706913274811E-12  1.0655216540097E-12  1.3824000000000E+05
150  3.1237213902181E-22  4.1431755048601E-13 -8.0989382742464E-13  1.3162178459122E-12  1.3824000000000E+05
151  6.8146585554354E-23  4.7063143273832E-13 -1.0952772434280E-12  1.3791637733269E-12  1.3824000000000E+05
152 -2.6641774407989E-22  3.9014294232884E-13 -1.2453542309718E-12  1.0889726500675E-12  1.3824000000000E+05
153 -5.0262190072993E-23  4.6969139899116E-13 -1.3146058438061E-12  1.2729761431917E-12  1.3824000000000E+05
154  2.9793534069930E-22  4.5090996248389E-13 -1.2561384035657E-12  1.0870853133914E-12  1.3824000000000E+05
155  8.1464462473539E-23  5.0163902027794E-13 -1.4213790911176E-12  1.2510552123984E-12  1.3824000000000E+05
156 -4.6628503573130E-22  4.5626928837805E-13 -1.1887395573386E-12  1.1371320951248E-12  1.3824000000000E+05
157 -5.4275880011754E-22  4.3412281897379E-13 -1.1462832397190E-12  1.3312787746931E-12  1.3824000000000E+05
158 -1.7097592055689E-22  4.9382492976956E-13 -1.1934642769701E-12  1.3387842890186E-12  1.3824000000000E+05
159  1.4960002831012E-22  4.2057884609467E-13 -1.0761919407557E-12  1.6559100860939E-12  1.3824000000000E+05
160  1.3837520473051E-22  5.3871016164601E-13 -1.1838562839969E-12  1.1613663326865E-12  1.3824000000000E+05
161 -1.6107723010518E-22  4.2409250448535E-13 -1.1901649031713E-12  1.4455701318485E-12  1.3824000000000E+05
162 -2.1482829171090E-22  4.8730821663618E-13 -1.5257016589905E-12  8.9016448596482E-13  1.3824000000000E+05
163  2.0963097262429E-22  4.0159398813521E-13 -1.2850459030804E-12  9.4631594805909E-13  1.3824000000000E+05
164  5.1943859764405E-22  4.8644623670051E-13 -9.4533885071953E-13  1.7019329091505E-12  1.3824000000000E+05
165  1.3962699776583E-22  5.3303631292649E-13 -7.4768805822346E-13  1.7819241232734E-12  1.3824000000000E+05
166 -3.0840821215634E-22  3.7877891244956E-13 -1.5309995533809E-12  8.6030830822862E-13  1.3824000000000E+05
167 -1.4145897357586E-22  4.3059308328183E-13 -1.3055309830638E-12  1.1790608043754E-12  1.3824000000000E+05
168  1.8973373952952E-22  3.2893595008876E-13 -7.4132746718695E-13  8.6725349671676E-13  1.3824000000000E+05
169 -4.4057774275893E-23  5.0189922039968E-13 -1.3225885498161E-12  1.1895465142701E-12  1.3824000000000E+05
170 -5.1089758655666E-22  3.9501720004194E-13 -1.0263538030094E-12  8.0061315754490E-13  1.3824000000000E+05
171 -4.1361709345974E-22  4.5255875562366E-13 -1.1131601053512E-12  1.0460708733683E-12  1.3824000000000E+05
172  1.4339054791644E-22  3.7039073824178E-13 -8.6720591817363E-13  9.4796426380661E-13  1.3824000000000E+05
173  3.6748901242056E-22  3.3742197754986E-13 -6.9028319117862E-13  9.0821849992155E-13  1.3824000000000E+05
174  8.6762178102031E-23  4.5785581120936E-13 -8.3515185314194E-13  1.2649454209758E-12  1.3824000000000E+05
175 -2.3847335015616E-22  3.1695492582812E-13 -8.0616495028984E-13  9.2619237919228E-13  1.3824000000000E+05
176 -4.8709096692845E-23  4.6223331226303E-13 -1.1512781130745E-12  1.0048256500787E-12  1.3824000000000E+05
177  4.5714453612960E-22  2.8907143467776E-13 -7.5818835585946E-13  6.4738661834493E-13  1.3824000000000E+05
178  4.5834599653399E-22  4.3032955470591E-13 -8.5894892808020E-13  9.8314606817114E-13  1.3824000000000E+05
179 -1.5548082960457E-22  3.8564150101644E-13 -7.3864634615953E-13  1.0206638749023E-12  1.3824000000000E+05
180 -5.1314065340247E-22  3.0150884803467E-13 -7.5429923636038E-13  7.2457491804649E-13  1.3824000000000E+05
181 -1.5508593381241E-22  4.4539311934025E-13 -1.1751965376325E-12  8.5787273305129E-13  1.3824000000000E+05
182  3.0688984162532E-22  2.2323444444239E-13 -4.7588590621031E-13  6.3641439509630E-13  1.3824000000000E+05
183  9.7857818762052E-23  4.4354449719995E-13 -9.7909945962947E-13  1.1685485893082E-12  1.3824000000000E+05
184 -4.6353814538204E-22  3.3016468484272E-13 -8.1457468332829E-13  6.7964788792637E-13  1.3824000000000E+05
185 -4.6462600788848E-22  3.0840881259806E-13 -7.3465665581309E-13  6.8180774902197E-13  1.3824000000000E+05
186  8.6587220621227E-23  3.8237677720362E-13 -8.6713338495965E-13  1.0344490958940E-12  1.3824000000000E+05
187  3.5592371903104E-22  2.1968269034825E-13 -5.7532826099541E-13  6.7202607182202E-13  1.3824000000000E+05
188 -2.6147408671071E-24  3.9029366685682E-13 -8.6450853511387E-13  1.0784980745424E-12  1.3824000000000E+05
189 -3.9628454035596E-22  2.3323263896592E-13 -5.7890648787753E-13  6.8225030197142E-13  1.3824000000000E+05
190 -1.8222941130966E-22  3.8253826536388E-13 -1.0239413344559E-12  7.6064959065071E-13  1.3824000000000E+05
191  2.3732160746489E-22  2.8368542298779E-13 -8.2769643811695E-13  7.7984633082340E-13  1.3824000000000E+05
192  2.2809629099586E-22  2.8101961192690E-13 -9.5063965477404E-13  8.4182092392664E-13  1.3824000000000E+05
193 -2.1401547987251E-22  3.8256714984424E-13 -1.0465323370742E-12  1.1347005854815E-12  1.3824000000000E+05
194 -4.6837965908157E-22  1.8282235271013E-13 -7.0909387408620E-13  4.6515015746837E-13  1.3824000000000E+05
195 -1.2313364863611E-22  3.9459917046251E-13 -1.0375090570532E-12  9.9073505371689E-13  1.3824000000000E+05
196  3.1163499692140E-22  1.8989440739543E-13 -4.6885619653504E-13  5.9141751574550E-13  1.3824000000000E+05
197  1.3280850078675E-22  3.4624458954484E-13 -6.6832887202080E-13  8.4217489499418E-13  1.3824000000000E+05
198 -3.0027162660418E-22  2.7692811776572E-13 -6.4220436554300E-13  6.9344139629477E-13  1.3824000000000E+05
 
 field : VVEL     ; Iter =       720 ; region #   0 ; nb.Lev = 198
 k | --   Average    -- | --   Std.Dev    -- | --     min      -- | --     max      -- | --    Vol
  0  3.0964763093860E-26  4.0466175891162E-13 -3.3916351920363E-12  3.5515801632690E-12  2.7371520000000E+07
  1 -1.2391484802926E-26  9.7705431022803E-13 -3.3916351920363E-12  3.5515801632690E-12  1.3824000000000E+05
  2 -5.1221852899550E-24  5.6504081155886E-13 -1.4318691195728E-12  1.3990077138893E-12  1.3824000000000E+05
  3 -1.5089893823676E-24  3.9376880852280E-13 -8.7114066762956E-13  1.2030483202761E-12  1.3824000000000E+05
  4  3.9710709324283E-24  6.4439939510528E-13 -1.4163369581185E-12  1.5418727617915E-12  1.3824000000000E+05
  5  4.9770181610953E-24  3.0893099984396E-13 -8.5547410642998E-13  6.4507727693035E-13  1.3824000000000E+05
  6  5.4004512251282E-24  6.1876662083561E-13 -1.4523049510307E-12  1.2827694359200E-12  1.3824000000000E+05
  7  4.3290402843077E-24  3.4385107971868E-13 -1.0229186801817E-12  8.1834383336293E-13  1.3824000000000E+05
  8  1.0606574429299E-23  4.3173279416537E-13 -1.3375815100777E-12  1.0819664859194E-12  1.3824000000000E+05
  9  1.6868730265616E-23  5.9224619480936E-13 -1.4048074901471E-12  1.2943808298959E-12  1.3824000000000E+05
 10  1.1077417991371E-23  3.1717580416216E-13 -8.3116649738119E-13  1.0067745752772E-12  1.3824000000000E+05
 11  1.0902894333666E-24  6.0118832386669E-13 -1.4685630136219E-12  1.4365758857285E-12  1.3824000000000E+05
 12 -1.5439190508747E-24  2.1739105884222E-13 -7.3880776792417E-13  6.2316480823936E-13  1.3824000000000E+05
 13 -6.3976223976809E-24  4.6483535342880E-13 -1.0090346909637E-12  1.1455145201345E-12  1.3824000000000E+05
 14 -6.7853690775616E-24  3.2360230993613E-13 -7.8249552292813E-13  8.1360546046760E-13  1.3824000000000E+05
 15  3.2327787911450E-24  4.1100271076432E-13 -1.0349477385439E-12  8.9859971484276E-13  1.3824000000000E+05
 16  2.2358003053553E-24  4.3122238116749E-13 -1.1571780135907E-12  8.8561154436665E-13  1.3824000000000E+05
 17 -4.1868895016176E-24  2.8853729469092E-13 -7.2029916968112E-13  8.1987037935171E-13  1.3824000000000E+05
 18  3.7312964348128E-24  4.7910467572657E-13 -8.9668704278785E-13  1.2181200134512E-12  1.3824000000000E+05
 19  1.0838729074008E-23  2.5588391985759E-13 -6.6875638878474E-13  6.4993227107679E-13  1.3824000000000E+05
 20  3.8216775782559E-24  4.8036176577123E-13 -1.3137992303057E-12  1.0042202386983E-12  1.3824000000000E+05
 21  4.5690617557837E-24  2.6627034024395E-13 -6.1053336025532E-13  7.3745934612284E-13  1.3824000000000E+05
 22  1.3741146905582E-23  4.1471092923227E-13 -1.0976859544388E-12  1.0532691337030E-12  1.3824000000000E+05
 23  5.3370666866367E-25  3.6567604159586E-13 -1.0442327857442E-12  1.0310923147286E-12  1.3824000000000E+05
 24 -1.4580133067416E-23  3.1111001462400E-13 -6.8658328226261E-13  7.9757689156802E-13  1.3824000000000E+05
 25  2.7585436092622E-24  4.1037204739106E-13 -9.4265912651315E-13  9.1475215747349E-13  1.3824000000000E+05
 26  1.3541452197053E-23  2.5719297672964E-13 -8.3020499754762E-13  6.5780039584350E-13  1.3824000000000E+05
 27 -5.5261483626700E-24  4.4399139617886E-13 -1.0196250623550E-12  1.2254876157550E-12  1.3824000000000E+05
 28 -1.0142828363012E-23  2.4287120834004E-13 -7.2894509475611E-13  5.1720322072043E-13  1.3824000000000E+05
 29  8.7035004576141E-24  4.1675641545542E-13 -8.6904241091823E-13  1.0831140684483E-12  1.3824000000000E+05
 30  1.0636919265457E-23  3.0840439548762E-13 -9.7324554474980E-13  6.4968287521569E-13  1.3824000000000E+05
 31  1.3834363127399E-24  3.1817788285593E-13 -9.3790566730527E-13  6.1022952438211E-13  1.3824000000000E+05
 32  1.1277842099799E-23  3.4314464599071E-13 -7.8279987967346E-13  1.0791118118251E-12  1.3824000000000E+05
 33  8.4881532681387E-24  2.1918695938987E-13 -4.5266354921120E-13  5.8214463460098E-13  1.3824000000000E+05
 34 -1.1068571500478E-23  4.3795250277860E-13 -1.0576517522562E-12  9.5631080414374E-13  1.3824000000000E+05
 35  3.9649889681018E-24  2.4759002799174E-13 -5.7259128240907E-13  7.6001677020135E-13  1.3824000000000E+05
 36  2.2094619656736E-23  3.7802798157021E-13 -9.0749716656559E-13  9.9373950909827E-13  1.3824000000000E+05
 37 -7.5016137447886E-24  2.6151011533257E-13 -5.1262275405683E-13  7.7961755277601E-13  1.3824000000000E+05
 38 -2.1394042845996E-23  3.4043625973562E-13 -8.5768024130871E-13  6.8202630189223E-13  1.3824000000000E+05
 39  1.1188498964689E-23  3.5169105283056E-13 -1.1018679002739E-12  8.1302087229315E-13  1.3824000000000E+05
 40  1.3280076502324E-23  2.4552026539542E-13 -5.3245124566184E-13  6.4099155543458E-13  1.3824000000000E+05
 41 -1.6468373504220E-23  4.1143571185477E-13 -9.8192709915072E-13  1.2365203917787E-12  1.3824000000000E+05
 42 -2.5890023110720E-24  2.0152378259473E-13 -6.6277215020431E-13  4.5794881304520E-13  1.3824000000000E+05
 43  2.2182341350045E-23  4.1023916613500E-13 -1.0117338727595E-12  8.4689804793566E-13  1.3824000000000E+05
 44  5.7749927836586E-24  2.8263559344636E-13 -8.5378794169528E-13  5.5452450967316E-13  1.3824000000000E+05
 45  2.2495298633299E-24  3.7056683595291E-13 -1.0979174455588E-12  8.0949998702873E-13  1.3824000000000E+05
 46  2.2711520860879E-23  3.2812482097695E-13 -6.2236642266093E-13  8.9799031052020E-13  1.3824000000000E+05
 47  1.7521001124911E-24  2.7982643597978E-13 -7.2208519088376E-13  6.6272734631097E-13  1.3824000000000E+05
 48 -1.8298475955309E-23  4.3209628227334E-13 -1.2189024418939E-12  9.2516068433080E-13  1.3824000000000E+05
 49  1.9734627745929E-23  2.3196982351180E-13 -6.8073169193576E-13  7.0314352532471E-13  1.3824000000000E+05
 50  2.6991458227837E-23  4.1011964601573E-13 -8.6988385896187E-13  9.7490097574720E-13  1.3824000000000E+05
 51 -2.6598451614059E-23  2.5401882540408E-13 -7.7559251457625E-13  8.0756732578546E-13  1.3824000000000E+05
 52 -2.3138533385286E-23  4.1333605409113E-13 -1.1120735163634E-12  9.8623469147594E-13  1.3824000000000E+05
 53  2.7876686108106E-23  3.3260339630892E-13 -1.0391819908369E-12  9.2692208039546E-13  1.3824000000000E+05
 54  1.0168641072840E-23  2.9099538272456E-13 -7.1252600202629E-13  6.4706208195359E-13  1.3824000000000E+05
 55 -2.4155375916768E-23  4.2839094033938E-13 -1.1010757465652E-12  1.2687402069720E-12  1.3824000000000E+05
 56  9.4544571324610E-24  2.4753052673876E-13 -6.7561470417396E-13  5.5880913002130E-13  1.3824000000000E+05
 57  1.8044965865983E-23  4.6699247385892E-13 -1.1933340585983E-12  1.1927946445426E-12  1.3824000000000E+05
 58 -2.3115220250901E-23  2.4274007697846E-13 -5.6872407852812E-13  7.1705618671487E-13  1.3824000000000E+05
 59  1.5550604165024E-24  4.4190496707652E-13 -9.8030437212880E-13  1.0396740504101E-12  1.3824000000000E+05
 60  3.8273877633623E-23  3.2408240757576E-13 -9.6010819480311E-13  8.4164862016478E-13  1.3824000000000E+05
 61 -1.8859854512188E-23  3.2973549437732E-13 -8.7187014172514E-13  6.1381618222362E-13  1.3824000000000E+05
 62 -3.0998181736478E-23  4.8308530926142E-13 -1.3573391924682E-12  1.1698447580755E-12  1.3824000000000E+05
 63  4.1168326215158E-23  2.5986017312726E-13 -5.5154214393568E-13  7.1570373344326E-13  1.3824000000000E+05
 64  1.3602357802875E-23  4.6839705843720E-13 -1.1356467235810E-12  1.1454354655926E-12  1.3824000000000E+05
 65 -5.7068695899396E-23  2.9082064453025E-13 -9.2243654242399E-13  7.3143306565607E-13  1.3824000000000E+05
 66  2.1322386183269E-24  4.6161245095850E-13 -1.1764463285408E-12  9.7478079572830E-13  1.3824000000000E+05
 67  5.5246937062537E-23  3.8322466548904E-13 -1.0607755406753E-12  1.0087569600918E-12  1.3824000000000E+05
 68 -1.1408048706905E-23  4.2300019284630E-13 -9.4696805603736E-13  9.2899870190304E-13  1.3824000000000E+05
 69 -3.4799333983905E-23  4.3200832524256E-13 -1.3557852188144E-12  1.2196845347814E-12  1.3824000000000E+05
 70  3.4046847399625E-23  2.8193603326841E-13 -8.4833369186362E-13  7.4480674587537E-13  1.3824000000000E+05
 71  2.0211137451920E-23  5.2275865683506E-13 -1.4345723076953E-12  1.4126146975981E-12  1.3824000000000E+05
 72 -4.4333215660082E-23  2.6699534565736E-13 -8.3949561886107E-13  7.2762174378427E-13  1.3824000000000E+05
 73  8.5266012121151E-24  5.3019482939535E-13 -1.1728276209252E-12  1.3769879955304E-12  1.3824000000000E+05
 74  4.3937669333135E-23  3.6792125193279E-13 -8.6220897122270E-13  1.1292352953579E-12  1.3824000000000E+05
 75 -3.9594102067885E-23  3.9897725597639E-13 -9.9326634740741E-13  8.1160391041718E-13  1.3824000000000E+05
 76 -3.2438331161018E-23  4.7502618574475E-13 -1.5676512404696E-12  1.2267988609334E-12  1.3824000000000E+05
 77  6.1098540817790E-23  3.0823546586996E-13 -7.5645640984292E-13  7.0383993262796E-13  1.3824000000000E+05
 78  1.2918765848044E-23  5.5115634305137E-13 -1.0786392313543E-12  1.6459556816609E-12  1.3824000000000E+05
 79 -6.8317262761346E-23  2.8302800330927E-13 -5.4569919955353E-13  9.3459398845161E-13  1.3824000000000E+05
 80  1.2645711003930E-23  5.0775916861545E-13 -1.5091252536209E-12  1.0865383846484E-12  1.3824000000000E+05
 81  6.6217981439108E-23  3.7513705657332E-13 -1.0546156400548E-12  7.3814143067358E-13  1.3824000000000E+05
 82 -3.3384208987470E-23  4.0744826369789E-13 -1.0025389227437E-12  9.8983657015813E-13  1.3824000000000E+05
 83 -5.0374596558835E-23  5.1832824645292E-13 -9.7378513100110E-13  1.3805398595309E-12  1.3824000000000E+05
 84  4.6866483538842E-23  2.6682076033768E-13 -5.4967704295407E-13  7.7586827819585E-13  1.3824000000000E+05
 85  1.7996622818216E-23  5.2471869351166E-13 -1.4833000308480E-12  1.2108185072429E-12  1.3824000000000E+05
 86 -5.1718265066511E-23  2.4778225884650E-13 -6.1691095161037E-13  5.3938651456392E-13  1.3824000000000E+05
 87  1.8257911542628E-23  4.7604333779390E-13 -1.2863011163093E-12  1.2312075054030E-12  1.3824000000000E+05
 88  5.0583462279976E-23  3.8147503608725E-13 -9.2097866574083E-13  9.9777505877339E-13  1.3824000000000E+05
 89 -4.0086663541871E-23  4.1227126679705E-13 -1.1790908276708E-12  1.0995358944028E-12  1.3824000000000E+05
 90 -3.2214528315770E-23  4.1121309594764E-13 -1.3533547281148E-12  7.7693316518353E-13  1.3824000000000E+05
 91  5.7317204841215E-23  2.3182267489260E-13 -5.3106235362075E-13  4.6432048609584E-13  1.3824000000000E+05
 92  1.9164068345305E-24  5.1444883966514E-13 -1.0153214055899E-12  1.4421510054012E-12  1.3824000000000E+05
 93 -7.6768622554720E-23  2.5587415274674E-13 -6.0205279803564E-13  6.8210835401942E-13  1.3824000000000E+05
 94  1.2180617955387E-23  4.9287548519960E-13 -1.2902465080811E-12  1.0335435076368E-12  1.3824000000000E+05
 95  5.5483334322787E-23  3.4065364237040E-13 -8.3205505176210E-13  6.6576826511536E-13  1.3824000000000E+05
 96 -4.6522969294048E-23  3.6481725331486E-13 -8.5556538936892E-13  1.1223414209236E-12  1.3824000000000E+05
 97 -4.2145978499799E-23  4.4652893087214E-13 -1.0720192517603E-12  1.2066593191511E-12  1.3824000000000E+05
 98  5.2634938500337E-23  2.4143411963422E-13 -8.2750492762243E-13  5.9842003302281E-13  1.3824000000000E+05
 99  4.3637464581346E-24  4.9158144994202E-13 -1.4319637197656E-12  1.4510127887193E-12  1.3824000000000E+05
100 -5.2211387493153E-23  2.5878655398265E-13 -6.5490021296913E-13  5.7954169110426E-13  1.3824000000000E+05
101  3.9753915929055E-23  4.7581958372085E-13 -1.0469302641675E-12  1.5325064168359E-12  1.3824000000000E+05
102  5.6821722333260E-23  4.2333456167729E-13 -1.0408101479993E-12  1.2311613680989E-12  1.3824000000000E+05
103 -4.9236210511914E-23  4.0866710754814E-13 -9.9847048675370E-13  1.0754596488720E-12  1.3824000000000E+05
104 -2.3602385197921E-23  4.6295772680153E-13 -8.9871681261712E-13  1.0328950883941E-12  1.3824000000000E+05
105  7.0064580310374E-23  2.7468073922778E-13 -6.7999018640814E-13  7.5639272713122E-13  1.3824000000000E+05
106 -7.4212076569419E-24  4.7438839095590E-13 -8.6523271847125E-13  1.0198780802511E-12  1.3824000000000E+05
107 -8.6389670038464E-23  3.3402558896821E-13 -6.9006057082198E-13  6.6826981917182E-13  1.3824000000000E+05
108  1.7504710754248E-23  4.7422837861191E-13 -1.2854049690210E-12  9.8266513895291E-13  1.3824000000000E+05
109  6.0951240961519E-23  3.6660342161014E-13 -1.1630590628617E-12  7.9159223207673E-13  1.3824000000000E+05
110 -5.3488107337376E-23  3.6935720446478E-13 -8.6246868875002E-13  1.3341224394985E-12  1.3824000000000E+05
111 -4.2690800862945E-23  4.8340122669536E-13 -1.1095033042835E-12  1.1833232293853E-12  1.3824000000000E+05
112  6.0031830349001E-23  2.5863260256223E-13 -1.0598793792046E-12  8.1485894280686E-13  1.3824000000000E+05
113 -2.1433073437204E-24  5.1968810244103E-13 -1.3198070882160E-12  1.3052193849837E-12  1.3824000000000E+05
114 -5.8116125161188E-23  2.8908672760564E-13 -8.1385344444248E-13  7.3544052895419E-13  1.3824000000000E+05
115  3.2546615304326E-23  3.9115574128031E-13 -1.0382202981214E-12  9.8697550983107E-13  1.3824000000000E+05
116  2.9730643571403E-23  4.3150698024102E-13 -8.4340562090103E-13  1.1051071926716E-12  1.3824000000000E+05
117 -5.6723041081768E-23  2.9183641835043E-13 -7.7184766615543E-13  8.2683801234164E-13  1.3824000000000E+05
118 -3.8995177370720E-25  5.2409167870270E-13 -1.2166959809631E-12  9.7568624573308E-13  1.3824000000000E+05
119  6.8360728337740E-23  2.8797816172867E-13 -7.6108336944131E-13  7.6796296097775E-13  1.3824000000000E+05
120 -2.5546506071724E-23  4.5725686968863E-13 -1.0164092213913E-12  1.2802356929053E-12  1.3824000000000E+05
121 -6.9142206429517E-23  3.6434798013775E-13 -8.0782326261553E-13  7.9002787780350E-13  1.3824000000000E+05
122  4.3546651116630E-23  3.9262473122314E-13 -9.1295946267716E-13  1.0480085499106E-12  1.3824000000000E+05
123  4.0195807068423E-23  4.4229787795392E-13 -1.0199928382264E-12  8.6433987933235E-13  1.3824000000000E+05
124 -6.6172815042493E-23  3.3977698880839E-13 -1.0854903966889E-12  7.8446901265288E-13  1.3824000000000E+05
125 -1.8992426477107E-23  4.9198325190120E-13 -1.1216902210834E-12  1.3102672958600E-12  1.3824000000000E+05
126  6.0805599301554E-23  3.3762020393653E-13 -9.7434572144463E-13  9.0868082463194E-13  1.3824000000000E+05
127 -6.6786724433036E-24  4.6637863854757E-13 -1.3738171708294E-12  9.8077342645348E-13  1.3824000000000E+05
128 -3.7560728739925E-23  3.8016783304486E-13 -9.3151569023095E-13  8.4737082939378E-13  1.3824000000000E+05
129  4.8757689059370E-23  3.8170395072594E-13 -9.7535049112486E-13  8.6139754335269E-13  1.3824000000000E+05
130  2.3724895921748E-23  4.1282358931141E-13 -8.2721255176330E-13  1.1850821346217E-12  1.3824000000000E+05
131 -8.1467024499466E-23  3.1163315294788E-13 -9.2330087003862E-13  8.4080092194357E-13  1.3824000000000E+05
132 -1.3998998185034E-23  4.8544871638520E-13 -1.2140173372976E-12  9.2638338765307E-13  1.3824000000000E+05
133  7.0386023239640E-23  2.7711740313578E-13 -6.6269950645853E-13  7.1140927630098E-13  1.3824000000000E+05
134 -2.8959592742364E-23  4.4405135732224E-13 -9.3702140228234E-13  1.1952332959919E-12  1.3824000000000E+05
135 -6.6977279681792E-23  3.3584177413640E-13 -1.0608038752096E-12  8.9032897368778E-13  1.3824000000000E+05
136  3.9493915499961E-23  3.7308682034543E-13 -8.5937429348420E-13  1.1413095366487E-12  1.3824000000000E+05
137  3.7834302573255E-23  5.2873694040873E-13 -1.3537871033749E-12  1.3271620351910E-12  1.3824000000000E+05
138 -4.4117347420641E-23  2.8837146535555E-13 -1.0812854746679E-12  8.6132076448344E-13  1.3824000000000E+05
139 -4.3581963919928E-24  4.4389668831166E-13 -1.1169537008236E-12  1.0307723396129E-12  1.3824000000000E+05
140  5.3088190022269E-23  2.9867536262768E-13 -5.4069177742696E-13  1.0638460212067E-12  1.3824000000000E+05
141 -1.3599505872026E-23  4.7431668032592E-13 -1.3843564568884E-12  1.1303056849862E-12  1.3824000000000E+05
142 -4.4690831216428E-23  3.9925722800017E-13 -9.3257239340876E-13  1.0618347735964E-12  1.3824000000000E+05
143  3.4577769414174E-23  4.0218490656726E-13 -9.1903537806207E-13  1.0941189948852E-12  1.3824000000000E+05
144  2.5174398033679E-23  4.7243445455761E-13 -1.1880825297048E-12  1.1957005677278E-12  1.3824000000000E+05
145 -4.9576629226525E-23  3.5039598347084E-13 -1.1876140509900E-12  1.1977236693076E-12  1.3824000000000E+05
146 -8.3611596932116E-24  4.8193068433023E-13 -1.1673164216474E-12  1.0721634379976E-12  1.3824000000000E+05
147  3.7616699781205E-23  3.7807720445619E-13 -9.4629068381457E-13  8.7482526213894E-13  1.3824000000000E+05
148 -2.0982605864526E-23  4.8663197766788E-13 -9.8516739957374E-13  1.5648656980110E-12  1.3824000000000E+05
149 -3.1033622397352E-23  4.4058899875988E-13 -1.2125012229191E-12  9.7488286070660E-13  1.3824000000000E+05
150  3.7458593958198E-23  3.5317870790322E-13 -1.1254014431054E-12  7.9132274666465E-13  1.3824000000000E+05
151  2.4630681680776E-23  4.7213991171832E-13 -9.8029187011197E-13  1.2694691083177E-12  1.3824000000000E+05
152 -3.5895028379412E-23  3.2011896750314E-13 -1.3585613823001E-12  9.3366317360085E-13  1.3824000000000E+05
153  8.2664265324127E-25  4.7089376880794E-13 -1.1178626140961E-12  1.0434295118855E-12  1.3824000000000E+05
154  4.3272745650878E-23  3.9642881538071E-13 -8.7604017471673E-13  1.2507743659636E-12  1.3824000000000E+05
155 -1.4856806442022E-23  4.7085473115741E-13 -1.0057171805595E-12  1.2108875589551E-12  1.3824000000000E+05
156 -4.4951211190881E-23  4.2286892682682E-13 -1.2044277801427E-12  9.9664587324848E-13  1.3824000000000E+05
157  4.9389459107554E-24  4.0363159269994E-13 -9.1747294235793E-13  1.0771988478844E-12  1.3824000000000E+05
158  3.2896607118516E-24  4.4728930991865E-13 -9.7999260159597E-13  1.0846054512657E-12  1.3824000000000E+05
159 -3.0136082711021E-23  3.7636010736630E-13 -1.0198548095463E-12  8.7811909596987E-13  1.3824000000000E+05
160  4.9407234363333E-24  4.9960441610375E-13 -1.3126304613089E-12  1.1163209766452E-12  1.3824000000000E+05
161  2.5121049061232E-23  3.6424993771022E-13 -1.2166304488544E-12  9.4948712512632E-13  1.3824000000000E+05
162 -1.4657483405673E-23  4.6158739906272E-13 -1.4514925218104E-12  1.2554579291339E-12  1.3824000000000E+05
163 -7.7215316899777E-24  3.7111404845084E-13 -9.5299304774468E-13  1.0468056564572E-12  1.3824000000000E+05
164  3.3162085448865E-23  4.3265790438032E-13 -1.6829785418219E-12  1.2116815871883E-12  1.3824000000000E+05
165  1.2129449089323E-23  5.3177103279085E-13 -8.8051167757502E-13  1.4177661427770E-12  1.3824000000000E+05
166 -2.1141625465476E-23  3.5834410583422E-13 -1.1078855810213E-12  1.2399327168081E-12  1.3824000000000E+05
167 -2.1353738795258E-24  4.0980751814244E-13 -1.0672736488134E-12  7.6514389708957E-13  1.3824000000000E+05
168  1.1633754046719E-23  3.9720092781815E-13 -1.0395106023206E-12  1.1065658447120E-12  1.3824000000000E+05
169 -1.4275839294888E-23  4.3791354525550E-13 -1.0344190192559E-12  1.0110803618224E-12  1.3824000000000E+05
170 -2.4289495284852E-23  4.6752823657184E-13 -1.2199696616316E-12  9.3589612496398E-13  1.3824000000000E+05
171  1.0018117712284E-24  4.3910861934402E-13 -8.8389008202843E-13  1.0343177431362E-12  1.3824000000000E+05
172  8.4959039106000E-24  3.7956027185982E-13 -9.0447279206572E-13  9.1979152415246E-13  1.3824000000000E+05
173 -3.7851663593608E-24  3.9321775566301E-13 -1.2109319439891E-12  1.3691078985259E-12  1.3824000000000E+05
174  7.2190649161736E-24  4.0913775671982E-13 -9.5714266935261E-13  7.9143609178508E-13  1.3824000000000E+05
175  7.0753807799860E-24  4.4133970692705E-13 -1.4281435830449E-12  1.0393770280370E-12  1.3824000000000E+05
176 -1.0772529650772E-23  4.4265397687768E-13 -9.6668863566882E-13  1.2779225630232E-12  1.3824000000000E+05
177  6.4662260820121E-24  4.0113056048662E-13 -1.0617308071779E-12  1.1610601466731E-12  1.3824000000000E+05
178  2.3450550486584E-23  4.4616681794226E-13 -1.1547361056134E-12  1.3432109021149E-12  1.3824000000000E+05
179 -3.8234293622023E-24  4.0863395896686E-13 -7.9695675553214E-13  1.0696912353618E-12  1.3824000000000E+05
180 -2.3481922403753E-23  4.1719932399440E-13 -1.2544095075352E-12  9.2645321933281E-13  1.3824000000000E+05
181 -1.2213326438743E-24  4.2103470497901E-13 -9.5678400268377E-13  1.1094662549250E-12  1.3824000000000E+05
182  2.1096542820004E-23  3.9363602125400E-13 -9.3144024740311E-13  1.1347820747900E-12  1.3824000000000E+05
183 -1.8807106892974E-24  4.3069874691138E-13 -1.2644043144775E-12  8.3741684739320E-13  1.3824000000000E+05
184 -2.9880049808820E-23  3.7829691992704E-13 -1.0319890646694E-12  8.0055617251763E-13  1.3824000000000E+05
185 -1.3851695862340E-23  3.8652914090494E-13 -9.5931937001945E-13  1.1724634166061E-12  1.3824000000000E+05
186  5.4847188867635E-24  3.9195706910781E-13 -8.1911356861912E-13  1.1125620426994E-12  1.3824000000000E+05
187  2.0442135263748E-24  3.9672800435874E-13 -1.2306856612756E-12  1.0935511211665E-12  1.3824000000000E+05
188 -5.9345539434637E-24  3.8814616441888E-13 -9.7392314599131E-13  7.6841595245331E-13  1.3824000000000E+05
189 -1.2938732741477E-23  4.0357520852170E-13 -1.1313290348872E-12  8.3845080386222E-13  1.3824000000000E+05
190 -3.1170332880426E-24  4.2749019951435E-13 -1.0211144181378E-12  1.1403481707220E-12  1.3824000000000E+05
191  1.3174902123802E-23  3.3468845216059E-13 -8.2904212749395E-13  1.0690813338466E-12  1.3824000000000E+05
192  9.8275442232192E-24  3.6522296714104E-13 -9.5779739823574E-13  1.2131994152776E-12  1.3824000000000E+05
193 -1.0635715730504E-23  3.9829023978703E-13 -7.5602124537476E-13  1.0426929629858E-12  1.3824000000000E+05
194 -2.2649561134194E-23  3.3644501661608E-13 -9.5468421400933E-13  8.1050028809142E-13  1.3824000000000E+05
195 -4.2368825907488E-24  4.0567947975106E-13 -1.1427471323645E-12  9.3055516573815E-13  1.3824000000000E+05
196  1.6598654272765E-23  3.3401169949922E-13 -8.7137416356706E-13  1.0245174033973E-12  1.3824000000000E+05
197  4.9260369706102E-24  3.8024069426613E-13 -8.2577980255393E-13  9.3357336609010E-13  1.3824000000000E+05
198 -1.3504579094814E-23  3.4637420594041E-13 -8.0385408460889E-13  7.7072014404212E-13  1.3824000000000E+05
 
 field : WVEL     ; Iter =       720 ; region #   0 ; nb.Lev = 198
 k | --   Average    -- | --   Std.Dev    -- | --     min      -- | --     max      -- | --    Vol
  0 -6.8212473692240E-15  3.4754957840518E-12 -1.8944002007764E-11  1.9012235821378E-11  2.7302400000000E+07
  1 -1.0706059559967E-14  3.3952518245974E-13 -1.5247309770191E-12  1.6800032747075E-12  6.9120000000000E+04
  2 -1.0704988207599E-14  3.5279975565144E-12 -1.2716007924953E-11  1.1036065377837E-11  1.3824000000000E+05
  3 -1.0706668319392E-14  3.7203887564972E-12 -1.0173668790529E-11  1.1642405879309E-11  1.3824000000000E+05
  4 -1.0710664608288E-14  3.9690046897056E-12 -9.6106237178648E-12  1.0376101683798E-11  1.3824000000000E+05
  5 -1.0712547104522E-14  3.9075156732391E-12 -1.1956645612427E-11  1.0238285085082E-11  1.3824000000000E+05
  6 -1.0712290108447E-14  3.4977533519221E-12 -1.0474150893681E-11  8.9257760502830E-12  1.3824000000000E+05
  7 -1.0709051957960E-14  3.2584040979815E-12 -8.9514971697593E-12  8.4925967900905E-12  1.3824000000000E+05
  8 -1.0704091933817E-14  3.0824980053018E-12 -8.5798761199887E-12  8.9007778405952E-12  1.3824000000000E+05
  9 -1.0699183308868E-14  3.7808390965046E-12 -1.1910887337901E-11  1.0344679301080E-11  1.3824000000000E+05
 10 -1.0693940589013E-14  3.9773451827496E-12 -9.1951847572790E-12  9.3773976377556E-12  1.3824000000000E+05
 11 -1.0689186161711E-14  3.6930123709209E-12 -1.0031973289307E-11  8.9619805146244E-12  1.3824000000000E+05
 12 -1.0687926880987E-14  3.5765556022333E-12 -1.0877937397300E-11  8.6571269990353E-12  1.3824000000000E+05
 13 -1.0685331220690E-14  3.7938758013840E-12 -1.1582187451484E-11  8.9640676649111E-12  1.3824000000000E+05
 14 -1.0681810374522E-14  3.6136526788312E-12 -8.0048719562357E-12  8.8017893898371E-12  1.3824000000000E+05
 15 -1.0682324366642E-14  3.3552216322291E-12 -9.3541333968044E-12  8.5160881297065E-12  1.3824000000000E+05
 16 -1.0681065085881E-14  3.8534582993444E-12 -1.2241918113773E-11  9.1974608868277E-12  1.3824000000000E+05
 17 -1.0674742982564E-14  3.9825322553456E-12 -9.9790137810270E-12  1.0864638050492E-11  1.3824000000000E+05
 18 -1.0668318080833E-14  3.6197977710540E-12 -9.3087812930952E-12  9.9509655684082E-12  1.3824000000000E+05
 19 -1.0662664167281E-14  3.1598121659775E-12 -1.0657900114503E-11  7.8992358781411E-12  1.3824000000000E+05
 20 -1.0656290664702E-14  2.8498582611435E-12 -1.0877785707655E-11  8.3558746026180E-12  1.3824000000000E+05
 21 -1.0648066790435E-14  2.6938132402983E-12 -8.4392479192470E-12  1.0427080408207E-11  1.3824000000000E+05
 22 -1.0633520812874E-14  2.6215488495039E-12 -9.4634099892632E-12  9.2357904756016E-12  1.3824000000000E+05
 23 -1.0611624747690E-14  2.9840865188906E-12 -1.1659547708174E-11  7.2955706747059E-12  1.3824000000000E+05
 24 -1.0585668144549E-14  2.9493502917470E-12 -9.7174187361923E-12  7.9870664461678E-12  1.3824000000000E+05
 25 -1.0559351746889E-14  2.9092466535759E-12 -8.1891462908427E-12  8.9513134479407E-12  1.3824000000000E+05
 26 -1.0533652139828E-14  2.6250308018968E-12 -9.1476954303072E-12  7.6475449999890E-12  1.3824000000000E+05
 27 -1.0509391710801E-14  2.2253303579022E-12 -9.1733624217839E-12  6.7381384758263E-12  1.3824000000000E+05
 28 -1.0485542475473E-14  2.1217608751635E-12 -7.2747143914530E-12  7.7288687001758E-12  1.3824000000000E+05
 29 -1.0463286615740E-14  2.1162129447467E-12 -7.6679157344215E-12  7.2147688107566E-12  1.3824000000000E+05
 30 -1.0444525902569E-14  2.2306676359754E-12 -8.6389864792430E-12  5.9720487152820E-12  1.3824000000000E+05
 31 -1.0425302596521E-14  2.3572084196364E-12 -7.4820256784224E-12  6.5570671632827E-12  1.3824000000000E+05
 32 -1.0402481345506E-14  2.5367244264534E-12 -6.9903885905550E-12  6.9131288106688E-12  1.3824000000000E+05
 33 -1.0376576141609E-14  2.4680957325883E-12 -8.3506660504317E-12  6.5751179041969E-12  1.3824000000000E+05
 34 -1.0348306573824E-14  2.4205599985763E-12 -8.1828175142892E-12  6.6750524791404E-12  1.3824000000000E+05
 35 -1.0317672642209E-14  2.3900715889105E-12 -6.7270863958766E-12  8.4920886237979E-12  1.3824000000000E+05
 36 -1.0281076401802E-14  2.3745171610445E-12 -7.8828729580320E-12  8.5606754777965E-12  1.3824000000000E+05
 37 -1.0239443038408E-14  2.4422860517989E-12 -1.0338131402388E-11  7.9993922686269E-12  1.3824000000000E+05
 38 -1.0197398481246E-14  2.6882743031200E-12 -1.0840910141591E-11  9.9544783084858E-12  1.3824000000000E+05
 39 -1.0154325939779E-14  2.9685473340204E-12 -1.0311687292355E-11  1.1619568754911E-11  1.3824000000000E+05
 40 -1.0110533809353E-14  2.7678509486728E-12 -1.0977882519652E-11  1.0088713082737E-11  1.3824000000000E+05
 41 -1.0065508097828E-14  2.7204517286671E-12 -1.1406040612316E-11  9.2133515112134E-12  1.3824000000000E+05
 42 -1.0016987239731E-14  2.9049955758959E-12 -1.1037218144858E-11  1.0373965695446E-11  1.3824000000000E+05
 43 -9.9681579863116E-15  2.9443524987319E-12 -1.1092865663238E-11  1.0330780323196E-11  1.3824000000000E+05
 44 -9.9162447800445E-15  2.7879264726022E-12 -1.0754456167112E-11  9.1492805059990E-12  1.3824000000000E+05
 45 -9.8618644115455E-15  2.7423049648828E-12 -9.3023158824271E-12  9.8706000739032E-12  1.3824000000000E+05
 46 -9.8104651974983E-15  2.9506443379448E-12 -8.7507456203184E-12  1.0696441800577E-11  1.3824000000000E+05
 47 -9.7663646718239E-15  2.9024894778612E-12 -9.7089061649065E-12  9.6892954978959E-12  1.3824000000000E+05
 48 -9.7315160046386E-15  3.0611850362876E-12 -1.0058952859617E-11  9.4169783345724E-12  1.3824000000000E+05
 49 -9.6996484918760E-15  3.4581681162115E-12 -1.0596398115211E-11  1.0706560479290E-11  1.3824000000000E+05
 50 -9.6669585917354E-15  3.5303370682102E-12 -1.0306388040122E-11  1.0345825741521E-11  1.3824000000000E+05
 51 -9.6334463041760E-15  3.3760932624320E-12 -1.0031711312040E-11  9.8576944049735E-12  1.3824000000000E+05
 52 -9.6001396134244E-15  3.4399118804603E-12 -1.0364301727014E-11  9.7667453446666E-12  1.3824000000000E+05
 53 -9.5659077367869E-15  3.6601065976499E-12 -1.0859178755670E-11  1.1678895876639E-11  1.3824000000000E+05
 54 -9.5331150381756E-15  3.3338065012270E-12 -1.0727545544484E-11  1.0993222231663E-11  1.3824000000000E+05
 55 -9.4989859600339E-15  3.1443922852623E-12 -1.0944706152506E-11  1.0762670102651E-11  1.3824000000000E+05
 56 -9.4597169604700E-15  3.5078469618844E-12 -1.0599237415820E-11  1.1742650703399E-11  1.3824000000000E+05
 57 -9.4188031860233E-15  3.7607135883374E-12 -1.0679202569155E-11  1.0695675840285E-11  1.3824000000000E+05
 58 -9.3733662807488E-15  3.6512460390429E-12 -1.1146009795070E-11  1.0051354109549E-11  1.3824000000000E+05
 59 -9.3232006478330E-15  3.7351456353846E-12 -1.1403950043962E-11  1.0115736450462E-11  1.3824000000000E+05
 60 -9.2750909834952E-15  3.9591636671228E-12 -1.1340236837686E-11  1.0597662827815E-11  1.3824000000000E+05
 61 -9.2296540782311E-15  3.7316552712779E-12 -1.0649328743675E-11  9.7757581180882E-12  1.3824000000000E+05
 62 -9.1819556075013E-15  3.7494847843480E-12 -1.0397960719987E-11  9.7126079149950E-12  1.3824000000000E+05
 63 -9.1268556499679E-15  4.1631563697532E-12 -1.1492063131329E-11  1.2666619073899E-11  1.3824000000000E+05
 64 -9.0655877867915E-15  4.1593620469291E-12 -1.2030413975792E-11  1.3054962972712E-11  1.3824000000000E+05
 65 -9.0032919393199E-15  3.6298748962742E-12 -1.1147586881256E-11  1.1776893462485E-11  1.3824000000000E+05
 66 -8.9288658772587E-15  3.5501631366801E-12 -1.0123493775144E-11  1.3027610741165E-11  1.3824000000000E+05
 67 -8.8433375849344E-15  3.8858992716561E-12 -1.1081155934591E-11  1.4373377822399E-11  1.3824000000000E+05
 68 -8.7613044392305E-15  3.5519976062016E-12 -1.0673402477997E-11  1.2060635707680E-11  1.3824000000000E+05
 69 -8.6881119584096E-15  3.4108534495708E-12 -1.0926114343534E-11  1.0649817704073E-11  1.3824000000000E+05
 70 -8.6198538021224E-15  3.7217373937601E-12 -1.1011946967857E-11  1.2139036306533E-11  1.3824000000000E+05
 71 -8.5468669180808E-15  3.7729643730633E-12 -1.0788219508774E-11  1.2163840238514E-11  1.3824000000000E+05
 72 -8.4705904843316E-15  3.4852658068010E-12 -1.0651280443670E-11  1.0478726123019E-11  1.3824000000000E+05
 73 -8.3918468883625E-15  3.6709554543894E-12 -1.0374692356928E-11  1.1723812545204E-11  1.3824000000000E+05
 74 -8.3168040358334E-15  4.1390359514327E-12 -1.2027494400547E-11  1.3459589338358E-11  1.3824000000000E+05
 75 -8.2516298323627E-15  4.0342775201349E-12 -1.1887396566687E-11  1.1982874056885E-11  1.3824000000000E+05
 76 -8.1876892099816E-15  4.0157536273908E-12 -1.1735927699292E-11  1.1270703166415E-11  1.3824000000000E+05
 77 -8.1253933624724E-15  4.2869306534652E-12 -1.2923398593859E-11  1.2881353376613E-11  1.3824000000000E+05
 78 -8.0571352061779E-15  4.2918561877093E-12 -1.2604401577475E-11  1.3510997743354E-11  1.3824000000000E+05
 79 -7.9765412384834E-15  3.9373207868570E-12 -1.2205873727981E-11  1.1792241703489E-11  1.3824000000000E+05
 80 -7.8928633178829E-15  4.0159509907933E-12 -1.2954745788781E-11  1.2269737112032E-11  1.3824000000000E+05
 81 -7.8112413658320E-15  4.4067526033418E-12 -1.4145483610654E-11  1.4518845873185E-11  1.3824000000000E+05
 82 -7.7269466547076E-15  4.2183725124206E-12 -1.2714014965778E-11  1.4018760402683E-11  1.3824000000000E+05
 83 -7.6504646241761E-15  4.0367407856360E-12 -1.2174625494880E-11  1.3551062692947E-11  1.3824000000000E+05
 84 -7.5931031012708E-15  4.1352670269798E-12 -1.3090720867469E-11  1.5105816122866E-11  1.3824000000000E+05
 85 -7.5445822431392E-15  4.1586446948723E-12 -1.3338794231123E-11  1.5113593358586E-11  1.3824000000000E+05
 86 -7.4968837724190E-15  3.8764566434390E-12 -1.1835974009375E-11  1.2835998538218E-11  1.3824000000000E+05
 87 -7.4448677677676E-15  4.1175365924217E-12 -1.2436198851230E-11  1.3595598624166E-11  1.3824000000000E+05
 88 -7.3901790040055E-15  4.3820033286719E-12 -1.3360961667642E-11  1.5496909537773E-11  1.3824000000000E+05
 89 -7.3363126276189E-15  3.9474794312210E-12 -1.3143083339325E-11  1.4561708181686E-11  1.3824000000000E+05
 90 -7.2760727486384E-15  3.6492822431929E-12 -1.2533509366729E-11  1.3437451262917E-11  1.3824000000000E+05
 91 -7.2207671942334E-15  4.0452664581210E-12 -1.2532648985518E-11  1.5870210176210E-11  1.3824000000000E+05
 92 -7.1757414827026E-15  4.2909740551246E-12 -1.3050808934689E-11  1.7403999185442E-11  1.3824000000000E+05
 93 -7.1303045774715E-15  4.0224492219043E-12 -1.2996090858461E-11  1.5959832986040E-11  1.3824000000000E+05
 94 -7.0879516250410E-15  3.8984898129966E-12 -1.2756593448845E-11  1.5453743296368E-11  1.3824000000000E+05
 95 -7.0507385939903E-15  4.2269763392969E-12 -1.3435055232721E-11  1.6493824269493E-11  1.3824000000000E+05
 96 -7.0147591441110E-15  4.3121408680524E-12 -1.3737651502245E-11  1.6990996432895E-11  1.3824000000000E+05
 97 -6.9728173854439E-15  4.4865734221979E-12 -1.3630572455058E-11  1.7801073126127E-11  1.3824000000000E+05
 98 -6.9331371921856E-15  4.5645678436998E-12 -1.4070531329232E-11  1.9012235821378E-11  1.3824000000000E+05
 99 -6.9057928102693E-15  4.3900544457831E-12 -1.3793450894906E-11  1.7953955716379E-11  1.3824000000000E+05
100 -6.8763924597839E-15  4.0169427210579E-12 -1.3187291815045E-11  1.4875815567629E-11  1.3824000000000E+05
101 -6.8291051828204E-15  4.1744625209967E-12 -1.3193432968858E-11  1.5398977439999E-11  1.3824000000000E+05
102 -6.7719492567566E-15  4.5412267866855E-12 -1.4169760325214E-11  1.7428069736394E-11  1.3824000000000E+05
103 -6.7186996709280E-15  4.2677794803704E-12 -1.4727586853757E-11  1.6247445568109E-11  1.3824000000000E+05
104 -6.6590765825260E-15  3.9711924312270E-12 -1.4121995330158E-11  1.3462781918485E-11  1.3824000000000E+05
105 -6.5941079758804E-15  4.3614320552591E-12 -1.5128662176701E-11  1.5254052042416E-11  1.3824000000000E+05
106 -6.5348960812476E-15  4.7553160797186E-12 -1.5833095818068E-11  1.5864429264471E-11  1.3824000000000E+05
107 -6.4812353017290E-15  4.5876679114154E-12 -1.5598094275407E-11  1.4474821979774E-11  1.3824000000000E+05
108 -6.4429942864060E-15  4.3189937996770E-12 -1.6035234801354E-11  1.4385131859513E-11  1.3824000000000E+05
109 -6.4105099830692E-15  4.4367252563462E-12 -1.6398639010178E-11  1.5970135772475E-11  1.3824000000000E+05
110 -6.3706241929405E-15  4.6126325248582E-12 -1.5898816071403E-11  1.5487293898749E-11  1.3824000000000E+05
111 -6.3305328059760E-15  5.0614838751660E-12 -1.6828578962617E-11  1.4530504126142E-11  1.3824000000000E+05
112 -6.2959925341082E-15  5.2830710008082E-12 -1.8944002007764E-11  1.5772857712837E-11  1.3824000000000E+05
113 -6.2561067439474E-15  4.8818465915531E-12 -1.7905774127812E-11  1.5535863021336E-11  1.3824000000000E+05
114 -6.2075858858262E-15  4.4648353364424E-12 -1.5256000263185E-11  1.3748007071524E-11  1.3824000000000E+05
115 -6.1635881585600E-15  4.6859071202722E-12 -1.5367261338338E-11  1.5278719502429E-11  1.3824000000000E+05
116 -6.1202072218491E-15  4.9400537819995E-12 -1.6325357444112E-11  1.5735889066385E-11  1.3824000000000E+05
117 -6.0766206882567E-15  4.6191014723076E-12 -1.5076920457861E-11  1.5479744260299E-11  1.3824000000000E+05
118 -6.0042505947611E-15  4.2220304193478E-12 -1.3742833356839E-11  1.3364615146637E-11  1.3824000000000E+05
119 -5.9265349830282E-15  4.2384688863793E-12 -1.3926517377006E-11  1.4440612184017E-11  1.3824000000000E+05
120 -5.8558096644203E-15  4.4364078754551E-12 -1.4245835619127E-11  1.6854350974831E-11  1.3824000000000E+05
121 -5.7789164401097E-15  4.6040587220376E-12 -1.5000877299580E-11  1.7138811506798E-11  1.3824000000000E+05
122 -5.7065463466470E-15  4.6420464623527E-12 -1.5996737278544E-11  1.6344225183488E-11  1.3824000000000E+05
123 -5.6444560960224E-15  4.4467424925708E-12 -1.4859362646600E-11  1.6541261823685E-11  1.3824000000000E+05
124 -5.5901785259397E-15  4.1722623374191E-12 -1.3113941227328E-11  1.6013486381277E-11  1.3824000000000E+05
125 -5.5289106627336E-15  4.3809657363489E-12 -1.4056645750616E-11  1.5394566787536E-11  1.3824000000000E+05
126 -5.4528398258664E-15  4.4820841720988E-12 -1.4962456456745E-11  1.6654433969655E-11  1.3824000000000E+05
127 -5.3771801827046E-15  4.0044388102944E-12 -1.2656356929510E-11  1.7479777619570E-11  1.3824000000000E+05
128 -5.3064548640918E-15  3.8721527329727E-12 -1.1484179918666E-11  1.6556898529059E-11  1.3824000000000E+05
129 -5.2377855140523E-15  4.3104429339430E-12 -1.3278929921629E-11  1.6817500687019E-11  1.3824000000000E+05
130 -5.1641818394650E-15  4.4717378682575E-12 -1.4054073937038E-11  1.7765059551327E-11  1.3824000000000E+05
131 -5.0905781648656E-15  4.1451888462053E-12 -1.2950313513792E-11  1.6703671916249E-11  1.3824000000000E+05
132 -5.0363005947464E-15  4.1390573086110E-12 -1.3082197301604E-11  1.5568572052276E-11  1.3824000000000E+05
133 -4.9869573491787E-15  4.4468246793493E-12 -1.4019016232843E-11  1.6761415243182E-11  1.3824000000000E+05
134 -4.9302126168036E-15  4.3747376397278E-12 -1.3352906668357E-11  1.7750971327557E-11  1.3824000000000E+05
135 -4.8623656542013E-15  4.3459869768182E-12 -1.3887111899808E-11  1.6912526399965E-11  1.3824000000000E+05
136 -4.7945186915995E-15  4.3345207989627E-12 -1.5381794845440E-11  1.6093949570477E-11  1.3824000000000E+05
137 -4.7328396346753E-15  4.1150309273248E-12 -1.4586459584775E-11  1.5364574137508E-11  1.3824000000000E+05
138 -4.6740389337288E-15  3.7302833300009E-12 -1.2909701066255E-11  1.3869370588555E-11  1.3824000000000E+05
139 -4.6251068819015E-15  4.0217472509339E-12 -1.4310490581651E-11  1.4303708992599E-11  1.3824000000000E+05
140 -4.5774084112288E-15  4.1900272396856E-12 -1.5714595412265E-11  1.5945583872426E-11  1.3824000000000E+05
141 -4.5334106839603E-15  3.7935763833851E-12 -1.3183724558695E-11  1.4895273512433E-11  1.3824000000000E+05
142 -4.4894129566791E-15  3.6805652118158E-12 -1.1545760432486E-11  1.2678195528421E-11  1.3824000000000E+05
143 -4.4552838785118E-15  3.8322581388766E-12 -1.3152251229526E-11  1.3362322206208E-11  1.3824000000000E+05
144 -4.4339018054516E-15  3.7637553571303E-12 -1.1910550396223E-11  1.4982186860959E-11  1.3824000000000E+05
145 -4.4067630204089E-15  3.5101127220103E-12 -1.0604771732274E-11  1.4321378455309E-11  1.3824000000000E+05
146 -4.3808578165041E-15  3.5846802810123E-12 -1.0288226446075E-11  1.3650919196615E-11  1.3824000000000E+05
147 -4.3500182880420E-15  3.8017257479938E-12 -1.0519349206722E-11  1.3485549629768E-11  1.3824000000000E+05
148 -4.3047869796276E-15  3.5107713921601E-12 -1.0234465044570E-11  1.1726538265679E-11  1.3824000000000E+05
149 -4.2500982158187E-15  3.2708501547145E-12 -9.2870385347011E-12  1.0870698465637E-11  1.3824000000000E+05
150 -4.1962318394318E-15  3.3396849886125E-12 -9.8276361628739E-12  1.2783359328789E-11  1.3824000000000E+05
151 -4.1530564995677E-15  3.5117932556999E-12 -9.5885342820915E-12  1.4116745752936E-11  1.3824000000000E+05
152 -4.1222169710857E-15  3.3209829107080E-12 -9.4252815520300E-12  1.2218672382322E-11  1.3824000000000E+05
153 -4.0987789294467E-15  3.4222731987374E-12 -1.0754003544361E-11  1.1885857209494E-11  1.3824000000000E+05
154 -4.0819199872286E-15  3.5162282277540E-12 -1.1643538924890E-11  1.3515619694911E-11  1.3824000000000E+05
155 -4.0802752123936E-15  3.2690980346106E-12 -9.2160095581830E-12  1.2697859925627E-11  1.3824000000000E+05
156 -4.0835647621075E-15  3.0676976476798E-12 -9.8814075160908E-12  1.0248661705318E-11  1.3824000000000E+05
157 -4.0897326677975E-15  2.8454509292390E-12 -8.5931266645107E-12  1.0699156999233E-11  1.3824000000000E+05
158 -4.1119371282973E-15  2.8433847378988E-12 -9.6757330668200E-12  1.1667855498815E-11  1.3824000000000E+05
159 -4.1382535259447E-15  2.8491577509175E-12 -7.5540035964439E-12  1.1054425528859E-11  1.3824000000000E+05
160 -4.1435990442274E-15  3.0321014170967E-12 -8.8718220948502E-12  1.1467330058282E-11  1.3824000000000E+05
161 -4.1349639762431E-15  3.1045946125701E-12 -8.3509469720507E-12  1.3304584603477E-11  1.3824000000000E+05
162 -4.1279736830934E-15  2.7922511115114E-12 -7.5741966159822E-12  1.2439924811710E-11  1.3824000000000E+05
163 -4.1197498088132E-15  2.8030270854400E-12 -9.4600398514027E-12  1.0858781612010E-11  1.3824000000000E+05
164 -4.1053580288576E-15  2.9559301054386E-12 -7.5266607008042E-12  1.2379150410979E-11  1.3824000000000E+05
165 -4.0806864060854E-15  2.8429936335645E-12 -7.8690157962441E-12  1.2711784098221E-11  1.3824000000000E+05
166 -4.0473797153340E-15  2.3104040151277E-12 -6.9788827058710E-12  8.3048376676766E-12  1.3824000000000E+05
167 -4.0058491503234E-15  2.2450770346959E-12 -6.9983397213756E-12  6.1352814583463E-12  1.3824000000000E+05
168 -3.9688417161784E-15  2.2905180871506E-12 -7.2782475694332E-12  8.4499314479661E-12  1.3824000000000E+05
169 -3.9256663763746E-15  2.1342783097373E-12 -6.0111443909726E-12  8.8393725468216E-12  1.3824000000000E+05
170 -3.8820798428463E-15  2.0437657248395E-12 -6.7563713363239E-12  5.9080926858817E-12  1.3824000000000E+05
171 -3.8475395709587E-15  2.0875223926834E-12 -7.1110463189204E-12  5.6958612693504E-12  1.3824000000000E+05
172 -3.8018970688118E-15  2.4123848075061E-12 -9.8603882321899E-12  7.3256085018230E-12  1.3824000000000E+05
173 -3.7369284621933E-15  2.3124749712143E-12 -7.7175630445079E-12  7.5997100266976E-12  1.3824000000000E+05
174 -3.6694926933109E-15  2.2336298662466E-12 -6.1887896548345E-12  7.9858960483620E-12  1.3824000000000E+05
175 -3.6008233432565E-15  2.1589258723979E-12 -6.0098573821897E-12  8.6677606793749E-12  1.3824000000000E+05
176 -3.5222853440596E-15  1.9563923548056E-12 -7.2706772006826E-12  6.2524356977316E-12  1.3824000000000E+05
177 -3.4371682454741E-15  2.0695092565159E-12 -6.5418099024950E-12  5.0560752023125E-12  1.3824000000000E+05
178 -3.3471168223825E-15  1.8849058618069E-12 -5.6918975327686E-12  5.8335904512550E-12  1.3824000000000E+05
179 -3.2566542055890E-15  1.7920447684044E-12 -5.1856989172189E-12  6.8770027088618E-12  1.3824000000000E+05
180 -3.1452207093965E-15  1.4068857621526E-12 -3.8191270792032E-12  4.4594599216838E-12  1.3824000000000E+05
181 -3.0115827526896E-15  1.4078645332733E-12 -3.5791448930783E-12  4.2655171866526E-12  1.3824000000000E+05
182 -2.8804119583005E-15  1.7366359491272E-12 -5.8698220337028E-12  4.7215500353579E-12  1.3824000000000E+05
183 -2.7566426507871E-15  1.6100473437223E-12 -5.4260543168371E-12  4.6852949730747E-12  1.3824000000000E+05
184 -2.6250606627112E-15  1.4228314590906E-12 -3.8244263121736E-12  3.9852505524218E-12  1.3824000000000E+05
185 -2.4638727272581E-15  1.2965052303293E-12 -3.6390166965251E-12  4.4983172799430E-12  1.3824000000000E+05
186 -2.2813027187279E-15  1.5550633649621E-12 -4.2830834681277E-12  4.7069627463860E-12  1.3824000000000E+05
187 -2.0925648045473E-15  1.2753387551490E-12 -3.9867038444477E-12  3.4796311647958E-12  1.3824000000000E+05
188 -1.9046492778184E-15  1.1644206169544E-12 -4.3444942585551E-12  3.7006095326257E-12  1.3824000000000E+05
189 -1.7187897196201E-15  1.1439306071569E-12 -3.8031606018862E-12  4.4014575187553E-12  1.3824000000000E+05
190 -1.5263510619765E-15  9.1461378334140E-13 -2.7036399965465E-12  2.7645026489884E-12  1.3824000000000E+05
191 -1.3376131477716E-15  1.1016050627283E-12 -3.0241924668288E-12  4.1259296190835E-12  1.3824000000000E+05
192 -1.1607998512886E-15  7.2084657755464E-13 -1.9727162175887E-12  2.4782255410146E-12  1.3824000000000E+05
193 -9.8892087935749E-16  8.7128438544681E-13 -2.8047075872502E-12  2.9586549344720E-12  1.3824000000000E+05
194 -8.1046280796984E-16  7.5199893596219E-13 -2.3520775112768E-12  2.0260343520760E-12  1.3824000000000E+05
195 -6.3693906111859E-16  9.5567171546772E-13 -2.6783916892092E-12  2.4938430946840E-12  1.3824000000000E+05
196 -4.6135934574389E-16  8.7109472157532E-13 -3.3906049509926E-12  2.5362335404871E-12  1.3824000000000E+05
197 -2.8865798639944E-16  5.2825253730404E-13 -1.5220714778333E-12  1.6473935130143E-12  1.3824000000000E+05
198 -1.3980586238081E-16  7.4425331396935E-13 -1.8076003726972E-12  1.6138968238047E-12  1.3824000000000E+05
 
 field : THETA    ; Iter =       720 ; region #   0 ; nb.Lev = 198
 k | --   Average    -- | --   Std.Dev    -- | --     min      -- | --     max      -- | --    Vol
  0  6.8171144830013E-02  9.4266852451114E-01 -1.8438846044902E+00  8.1374860676104E-01  2.7371520000000E+07
  1 -1.8414948019426E+00  1.2565098157136E-03 -1.8438846044902E+00 -1.8394888545535E+00  1.3824000000000E+05
  2 -1.8411278819480E+00  1.2001848045641E-03 -1.8433866045059E+00 -1.8391972546117E+00  1.3824000000000E+05
  3 -1.8404112572968E+00  1.0959277012727E-03 -1.8424309603667E+00 -1.8386214152830E+00  1.3824000000000E+05
  4 -1.8393766072774E+00  9.5844099828283E-04 -1.8410886213457E+00 -1.8377752025384E+00  1.3824000000000E+05
  5 -1.8380653147391E+00  8.0541990283983E-04 -1.8394455216215E+00 -1.8366773330100E+00  1.3824000000000E+05
  6 -1.8365228597125E+00  6.5426234108606E-04 -1.8375867695537E+00 -1.8353490135774E+00  1.3824000000000E+05
  7 -1.8347934881150E+00  5.1989142715579E-04 -1.8355851933732E+00 -1.8338109791963E+00  1.3824000000000E+05
  8 -1.8329158633944E+00  4.1420427414614E-04 -1.8334960472062E+00 -1.8320800127494E+00  1.3824000000000E+05
  9 -1.8309198523528E+00  3.4698347832767E-04 -1.8313570433040E+00 -1.8301649905323E+00  1.3824000000000E+05
 10 -1.8288241129317E+00  3.2752835959701E-04 -1.8291915040001E+00 -1.8280624569766E+00  1.3824000000000E+05
 11 -1.8266338524985E+00  3.6648265537967E-04 -1.8270123831596E+00 -1.8257517185882E+00  1.3824000000000E+05
 12 -1.8243380127373E+00  4.7864044558925E-04 -1.8248255547046E+00 -1.8231894855963E+00  1.3824000000000E+05
 13 -1.8219051608535E+00  6.8608159831438E-04 -1.8226313822748E+00 -1.8203041980492E+00  1.3824000000000E+05
 14 -1.8192774841224E+00  1.0192281253045E-03 -1.8204237182046E+00 -1.8169903528639E+00  1.3824000000000E+05
 15 -1.8163624995965E+00  1.5157808777985E-03 -1.8181850047016E+00 -1.8131033797899E+00  1.3824000000000E+05
 16 -1.8130224618427E+00  2.2175639108800E-03 -1.8158752264892E+00 -1.8084558537939E+00  1.3824000000000E+05
 17 -1.8090620757134E+00  3.1641703620538E-03 -1.8134116131804E+00 -1.8028160153337E+00  1.3824000000000E+05
 18 -1.8042160844476E+00  4.3826146953725E-03 -1.8106362526832E+00 -1.7959096252273E+00  1.3824000000000E+05
 19 -1.7981395884083E+00  5.8734303295313E-03 -1.8072716677580E+00 -1.7874260420644E+00  1.3824000000000E+05
 20 -1.7904053039405E+00  7.5955888939792E-03 -1.8028711805379E+00 -1.7770290409750E+00  1.3824000000000E+05
 21 -1.7805128000614E+00  9.4549332771198E-03 -1.7967809016668E+00 -1.7643723049535E+00  1.3824000000000E+05
 22 -1.7679141698226E+00  1.1302432880376E-02 -1.7881391129388E+00 -1.7491187847236E+00  1.3824000000000E+05
 23 -1.7520577978606E+00  1.2947871225302E-02 -1.7759388306486E+00 -1.7309623660045E+00  1.3824000000000E+05
 24 -1.7324468115856E+00  1.4190401041065E-02 -1.7591633077683E+00 -1.7096496627118E+00  1.3824000000000E+05
 25 -1.7087027350287E+00  1.4860407307292E-02 -1.7369730954069E+00 -1.6849994263578E+00  1.3824000000000E+05
 26 -1.6806203692705E+00  1.4860391158164E-02 -1.7088907165367E+00 -1.6569171352475E+00  1.3824000000000E+05
 27 -1.6481997217100E+00  1.4190343705339E-02 -1.6749161711124E+00 -1.6254028305426E+00  1.3824000000000E+05
 28 -1.6116460095303E+00  1.2947741953684E-02 -1.6355269360766E+00 -1.5905511313754E+00  1.3824000000000E+05
 29 -1.5713377386270E+00  1.1302165426238E-02 -1.5915624602645E+00 -1.5525434328292E+00  1.3824000000000E+05
 30 -1.5277718354968E+00  9.4543983569391E-03 -1.5440394907274E+00 -1.5116333626447E+00  1.3824000000000E+05
 31 -1.4815000136646E+00  7.5945449431925E-03 -1.4939650113570E+00 -1.4681274387657E+00  1.3824000000000E+05
 32 -1.4330703563250E+00  5.8714408062020E-03 -1.4422007408747E+00 -1.4223633749124E+00  1.3824000000000E+05
 33 -1.3829836044164E+00  4.3789163453023E-03 -1.3894005699696E+00 -1.3746885562991E+00  1.3824000000000E+05
 34 -1.3316675745825E+00  3.1574745627546E-03 -1.3360111802726E+00 -1.3254408802150E+00  1.3824000000000E+05
 35 -1.2794680621001E+00  2.2057749970646E-03 -1.2823100602822E+00 -1.2749335350684E+00  1.3824000000000E+05
 36 -1.2266517940607E+00  1.4956248493975E-03 -1.2284551555519E+00 -1.2234445309315E+00  1.3824000000000E+05
 37 -1.1734164229817E+00  9.8580555183245E-04 -1.1745293317932E+00 -1.1712110525010E+00  1.3824000000000E+05
 38 -1.1199033839061E+00  6.3238531747653E-04 -1.1205728609171E+00 -1.1184281072103E+00  1.3824000000000E+05
 39 -1.0662107932655E+00  3.9506674947482E-04 -1.0666039500140E+00 -1.0652505587809E+00  1.3824000000000E+05
 40 -1.0124048460095E+00  2.4020423845545E-04 -1.0126302853302E+00 -1.0117974841611E+00  1.3824000000000E+05
 41 -9.5852910996455E-01  1.4150137563465E-04 -9.5865490686003E-01 -9.5815783739424E-01  1.3824000000000E+05
 42 -9.0461169812506E-01  7.9340694982924E-05 -9.0467894452091E-01 -9.0439658769359E-01  1.3824000000000E+05
 43 -8.5067060116599E-01  3.9457277005478E-05 -8.5070279430998E-01 -8.5056075349156E-01  1.3824000000000E+05
 44 -7.9671758434842E-01  1.1397574730846E-05 -7.9672658830397E-01 -7.9668501976463E-01  1.3824000000000E+05
 45 -7.4276107759626E-01  1.3031042062317E-05 -7.4279685883619E-01 -7.4275037176761E-01  1.3824000000000E+05
 46 -6.8880847091374E-01  4.1224304109841E-05 -6.8892124874306E-01 -6.8877417189932E-01  1.3824000000000E+05
 47 -6.3486820302497E-01  8.1248324281665E-05 -6.3508518606020E-01 -6.3479804239627E-01  1.3824000000000E+05
 48 -5.8095201605498E-01  1.4323411531648E-04 -5.8132221799185E-01 -5.8082214323642E-01  1.3824000000000E+05
 49 -5.2707774765536E-01  2.4077894438744E-04 -5.2767717365542E-01 -5.2684694959140E-01  1.3824000000000E+05
 50 -4.7327303757607E-01  3.9224442209594E-04 -4.7421116067932E-01 -4.7287379809897E-01  1.3824000000000E+05
 51 -4.1958031932074E-01  6.2172537253971E-04 -4.2100672015637E-01 -4.1890622698406E-01  1.3824000000000E+05
 52 -3.6606341411761E-01  9.5924263505154E-04 -3.6817281797062E-01 -3.6495302339403E-01  1.3824000000000E+05
 53 -3.1281588806108E-01  1.4394831965001E-03 -3.1584912327958E-01 -3.1103459588168E-01  1.3824000000000E+05
 54 -2.5997099637123E-01  2.0982480797253E-03 -2.6420882886284E-01 -2.5719511272512E-01  1.3824000000000E+05
 55 -2.0771243648926E-01  2.9658363832998E-03 -2.1345915690416E-01 -2.0352328212089E-01  1.3824000000000E+05
 56 -1.5628421874995E-01  4.0571279591764E-03 -1.6383872225487E-01 -1.5018366395580E-01  1.3824000000000E+05
 57 -1.0599682429894E-01  5.3593347819796E-03 -1.1561113419337E-01 -9.7456655476151E-02  1.3824000000000E+05
 58 -5.7225784472412E-02  6.8202270321375E-03 -6.9054617358293E-02 -4.5778120659850E-02  1.3824000000000E+05
 59 -1.0398514971543E-02  8.3415219270924E-03 -2.4447989058068E-02  4.2392798563404E-03  1.3824000000000E+05
 60  3.4033539201401E-02  9.7828395250376E-03  1.7946038264126E-02  5.1826426082842E-02  1.3824000000000E+05
 61  7.5637141490288E-02  1.0979795430455E-02  5.7898673843117E-02  9.6137721961596E-02  1.3824000000000E+05
 62  1.1404869958495E-01  1.1774945826558E-02  9.5232020794648E-02  1.3638839193199E-01  1.3824000000000E+05
 63  1.4902486791041E-01  1.2053956198471E-02  1.2983312388125E-01  1.7201714062201E-01  1.3824000000000E+05
 64  1.8047992863891E-01  1.1774945715672E-02  1.6166324992543E-01  2.0281962071957E-01  1.3824000000000E+05
 65  2.0849959962661E-01  1.0979795236577E-02  1.9076113204025E-01  2.2900017960758E-01  1.3824000000000E+05
 66  2.3332722646552E-01  9.7828393115924E-03  2.1723972533499E-01  2.5112011272238E-01  1.3824000000000E+05
 67  2.5532640145518E-01  8.3415218159762E-03  2.4127692639304E-01  2.6996419567431E-01  1.3824000000000E+05
 68  2.7493036108370E-01  6.8202272637955E-03  2.6310152527860E-01  2.8637802454742E-01  1.3824000000000E+05
 69  2.9259055016639E-01  5.3593358650434E-03  2.8297623284546E-01  3.0113071932896E-01  1.3824000000000E+05
 70  3.0873438396407E-01  4.0571310281820E-03  3.0117986288279E-01  3.1483494062476E-01  1.3824000000000E+05
 71  3.2373739282397E-01  2.9658440227897E-03  3.1799063240555E-01  3.2792655235620E-01  1.3824000000000E+05
 72  3.3791005571436E-01  2.0982661601883E-03  3.3367213453738E-01  3.4068595168702E-01  1.3824000000000E+05
 73  3.5149637824655E-01  1.4395248391452E-03  3.4846295066155E-01  3.5327769838947E-01  1.3824000000000E+05
 74  3.6468004777740E-01  9.5933650873672E-04  3.6257023521171E-01  3.6579050050744E-01  1.3824000000000E+05
 75  3.7759429838221E-01  6.2193250416852E-04  3.7616704703258E-01  3.7826852613569E-01  1.3824000000000E+05
 76  3.9033265268265E-01  3.9269115400527E-04  3.8939279683997E-01  3.9073218364858E-01  1.3824000000000E+05
 77  4.0295884436858E-01  2.4171936044208E-04  4.0235596397538E-01  4.0319026008250E-01  1.3824000000000E+05
 78  4.1551513443143E-01  1.4516418507833E-04  4.1513819626803E-01  4.1564629367806E-01  1.3824000000000E+05
 79  4.2802883007300E-01  8.5107106344221E-05  4.2779900269798E-01  4.2810162121002E-01  1.3824000000000E+05
 80  4.4051714212097E-01  4.8736388452373E-05  4.4038042463910E-01  4.4055671792953E-01  1.3824000000000E+05
 81  4.5299065770336E-01  2.7272105759164E-05  4.5291127467205E-01  4.5301174321591E-01  1.3824000000000E+05
 82  4.6545573548369E-01  1.4920392946049E-05  4.6541072141340E-01  4.6546674753861E-01  1.3824000000000E+05
 83  4.7791610479911E-01  7.9882270165840E-06  4.7789114994896E-01  4.7792174593787E-01  1.3824000000000E+05
 84  4.9037390101695E-01  4.1977220004046E-06  4.9036033115496E-01  4.9037674257430E-01  1.3824000000000E+05
 85  5.0283031603214E-01  2.1900146045483E-06  5.0282299179927E-01  5.0283173850269E-01  1.3824000000000E+05
 86  5.1528599433740E-01  1.1846982023952E-06  5.1528189976577E-01  5.1528673402098E-01  1.3824000000000E+05
 87  5.2774126513908E-01  7.6262094050876E-07  5.2773857616517E-01  5.2774172932583E-01  1.3824000000000E+05
 88  5.4019627000297E-01  7.3122795040398E-07  5.4019372879190E-01  5.4019672472041E-01  1.3824000000000E+05
 89  5.5265102228853E-01  1.0642995600150E-06  5.5264747730815E-01  5.5265172017273E-01  1.3824000000000E+05
 90  5.6510541723485E-01  1.8809963036816E-06  5.6509941494133E-01  5.6510671579046E-01  1.3824000000000E+05
 91  5.7755919789143E-01  3.4743832087049E-06  5.7754852740875E-01  5.7756171142990E-01  1.3824000000000E+05
 92  5.9001187014850E-01  6.3823914584579E-06  5.8999296890582E-01  5.9001670611497E-01  1.3824000000000E+05
 93  6.0246254819682E-01  1.1510499951543E-05  6.0242967851041E-01  6.0247169686828E-01  1.3824000000000E+05
 94  6.1490969851043E-01  2.0312066063496E-05  6.1485380972245E-01  6.1492667393717E-01  1.3824000000000E+05
 95  6.2735073514433E-01  3.5034407198156E-05  6.2725794320407E-01  6.2738160632593E-01  1.3824000000000E+05
 96  6.3978140190194E-01  5.9027265327672E-05  6.3963106088843E-01  6.3983640035770E-01  1.3824000000000E+05
 97  6.5219485933470E-01  9.7091084850662E-05  6.5195728135112E-01  6.5229078845457E-01  1.3824000000000E+05
 98  6.6458038053347E-01  1.5580600366046E-04  6.6421439357624E-01  6.6474405017457E-01  1.3824000000000E+05
 99  6.7692155695890E-01  2.4373151808483E-04  6.7637227846951E-01  6.7719436176260E-01  1.3824000000000E+05
100  6.8919393729101E-01  3.7129993485152E-04  6.8839137023191E-01  6.8963739518689E-01  1.3824000000000E+05
101  7.0136208827628E-01  5.5016422103546E-04  7.0022137365347E-01  7.0206355258516E-01  1.3824000000000E+05
102  7.1337620169929E-01  7.9173657698318E-04  7.1180050439160E-01  7.1445301487340E-01  1.3824000000000E+05
103  7.2516859738462E-01  1.1047280050872E-03  7.2305554025713E-01  7.2676782376157E-01  1.3824000000000E+05
104  7.3665078688182E-01  1.4917399677056E-03  7.3390294594616E-01  7.3894085260758E-01  1.3824000000000E+05
105  7.4771211103009E-01  1.9453996486446E-03  7.4425125056234E-01  7.5086306730710E-01  1.3824000000000E+05
106  7.5822121120206E-01  2.4450953913259E-03  7.5400471629183E-01  7.6237284221926E-01  1.3824000000000E+05
107  7.6803152998309E-01  2.9558153043621E-03  7.6306815142488E-01  7.7325336251121E-01  1.3824000000000E+05
108  7.7699145811752E-01  3.4305477435333E-03  7.7135251959515E-01  7.8324456267320E-01  1.3824000000000E+05
109  7.8495859918351E-01  3.8168684568997E-03  7.7878081799944E-01  7.9207290863719E-01  1.3824000000000E+05
110  7.9181615866470E-01  4.0667916877018E-03  7.8529358117145E-01  7.9949555535110E-01  1.3824000000000E+05
111  7.9748823488522E-01  4.1473158266625E-03  7.9085334638292E-01  8.0534768752871E-01  1.3824000000000E+05
112  8.0195043766769E-01  4.0482720210913E-03  7.9544750713264E-01  8.0957771262904E-01  1.3824000000000E+05
113  8.0523313896364E-01  3.7847292205554E-03  7.9908917419084E-01  8.1225778267262E-01  1.3824000000000E+05
114  8.0741655014952E-01  3.3931544986455E-03  8.0181592767419E-01  8.1356617283289E-01  1.3824000000000E+05
115  8.0861899079940E-01  2.9228159713018E-03  8.0368663022097E-01  8.1374860676104E-01  1.3824000000000E+05
116  8.0898130714163E-01  2.4254113096842E-03  8.0477672668984E-01  8.1307217173734E-01  1.3824000000000E+05
117  8.0865089016826E-01  1.9460105381281E-03  8.0517263356986E-01  8.1178538515056E-01  1.3824000000000E+05
118  8.0776815504819E-01  1.5173326055201E-03  8.0496589325384E-01  8.1009266958693E-01  1.3824000000000E+05
119  8.0645712310232E-01  1.1578692011851E-03  8.0424772987848E-01  8.0814467005209E-01  1.3824000000000E+05
120  8.0482046061307E-01  8.7315768097555E-04  8.0310451261359E-01  8.0604082832875E-01  1.3824000000000E+05
121  8.0293838253914E-01  6.5893550001825E-04  8.0161444330079E-01  8.0383877539407E-01  1.3824000000000E+05
122  8.0087036263445E-01  5.0489761549264E-04  7.9984557894828E-01  8.0156585416153E-01  1.3824000000000E+05
123  7.9865852479271E-01  3.9805200635739E-04  7.9785511332311E-01  7.9922997434453E-01  1.3824000000000E+05
124  7.9633175073052E-01  3.2510724107718E-04  7.9568970273193E-01  7.9682870143402E-01  1.3824000000000E+05
125  7.9390977313035E-01  2.7394132459851E-04  7.9338654197875E-01  7.9435636659234E-01  1.3824000000000E+05
126  7.9140675076133E-01  2.3459253704336E-04  7.9097487671273E-01  7.9180914871976E-01  1.3824000000000E+05
127  7.8883402750721E-01  1.9992552234373E-04  7.8847766686002E-01  7.8918800518062E-01  1.3824000000000E+05
128  7.8620196922404E-01  1.6574799575257E-04  7.8591317587544E-01  7.8649944361888E-01  1.3824000000000E+05
129  7.8352094623230E-01  1.3032983786630E-04  7.8329633450029E-01  7.8375452102164E-01  1.3824000000000E+05
130  7.8080165833762E-01  9.3606954882860E-05  7.8063980055376E-01  7.8096688288038E-01  1.3824000000000E+05
131  7.7805505406379E-01  5.6419207668941E-05  7.7795469765882E-01  7.7815079955220E-01  1.3824000000000E+05
132  7.7529206935246E-01  2.0104729762265E-05  7.7525106048733E-01  7.7531990234480E-01  1.3824000000000E+05
133  7.7252332827388E-01  1.5498767087899E-05  7.7248681425381E-01  7.7253867218167E-01  1.3824000000000E+05
134  7.6975885387252E-01  4.6642393644817E-05  7.6966337805213E-01  7.6982394468428E-01  1.3824000000000E+05
135  7.6700777316839E-01  7.3662340997993E-05  7.6686092383898E-01  7.6711615745235E-01  1.3824000000000E+05
136  7.6427798831617E-01  9.5115112857664E-05  7.6409007178294E-01  7.6442103461586E-01  1.3824000000000E+05
137  7.6157582094606E-01  1.1002333739376E-04  7.6135988481616E-01  7.6174378988697E-01  1.3824000000000E+05
138  7.5890569125200E-01  1.1791524640017E-04  7.5867661472773E-01  7.5908842683997E-01  1.3824000000000E+05
139  7.5626993062714E-01  1.1903006064939E-04  7.5604260270323E-01  7.5645773253173E-01  1.3824000000000E+05
140  7.5366881895419E-01  1.1438836267625E-04  7.5345591388530E-01  7.5385334201254E-01  1.3824000000000E+05
141  7.5110088237164E-01  1.0565527702185E-04  7.5091097842234E-01  7.5127586980762E-01  1.3824000000000E+05
142  7.4856340902242E-01  9.4823484009265E-05  7.4840005896670E-01  7.4872509419811E-01  1.3824000000000E+05
143  7.4605307580571E-01  8.3819634698337E-05  7.4591503700709E-01  7.4620017294356E-01  1.3824000000000E+05
144  7.4356655519637E-01  7.4161358628477E-05  7.4344897084076E-01  7.4369986578246E-01  1.3824000000000E+05
145  7.4110099079332E-01  6.6759818852170E-05  7.4099708098958E-01  7.4122273998137E-01  1.3824000000000E+05
146  7.3865427656846E-01  6.1891952502239E-05  7.3855708548989E-01  7.3876734004677E-01  1.3824000000000E+05
147  7.3622512599475E-01  5.9292559128598E-05  7.3612898415742E-01  7.3633231040081E-01  1.3824000000000E+05
148  7.3381295924958E-01  5.8303809009805E-05  7.3371444555261E-01  7.3391646872524E-01  1.3824000000000E+05
149  7.3141766570398E-01  5.8070003761932E-05  7.3131594836156E-01  7.3151883594711E-01  1.3824000000000E+05
150  7.2903931577311E-01  5.7776448860884E-05  7.2893584204454E-01  7.2913863482695E-01  1.3824000000000E+05
151  7.2667790031998E-01  5.6879443753904E-05  7.2657552813238E-01  7.2677527173165E-01  1.3824000000000E+05
152  7.2433316434700E-01  5.5249803384134E-05  7.2423497074375E-01  7.2442831515004E-01  1.3824000000000E+05
153  7.2200457399499E-01  5.3183768592955E-05  7.2191267115309E-01  7.2209748038671E-01  1.3824000000000E+05
154  7.1969141770046E-01  5.1283873905805E-05  7.1960609663327E-01  7.1978262387266E-01  1.3824000000000E+05
155  7.1739300529436E-01  5.0255274592690E-05  7.1731241074219E-01  7.1748374424363E-01  1.3824000000000E+05
156  7.1510890425861E-01  5.0688840617860E-05  7.1502928524643E-01  7.1520098232896E-01  1.3824000000000E+05
157  7.1283914545734E-01  5.2894417513565E-05  7.1275559790110E-01  7.1293460966673E-01  1.3824000000000E+05
158  7.1058433921710E-01  5.6799653818798E-05  7.1049188655689E-01  7.1068499568357E-01  1.3824000000000E+05
159  7.0834566116530E-01  6.1901910045426E-05  7.0824047940249E-01  7.0845254708877E-01  1.3824000000000E+05
160  7.0612469192069E-01  6.7290967006849E-05  7.0600524118076E-01  7.0623761850582E-01  1.3824000000000E+05
161  7.0392312434839E-01  7.1777382201463E-05  7.0379090865750E-01  7.0404039963095E-01  1.3824000000000E+05
162  7.0174238437619E-01  7.4117081383577E-05  7.0160208472638E-01  7.0186078987437E-01  1.3824000000000E+05
163  6.9958323878131E-01  7.3269070747765E-05  6.9944211008215E-01  6.9969827531563E-01  1.3824000000000E+05
164  6.9744547375464E-01  6.8601697056708E-05  6.9731214663580E-01  6.9755182416562E-01  1.3824000000000E+05
165  6.9532771194424E-01  5.9982101409595E-05  6.9521077977999E-01  6.9541981563793E-01  1.3824000000000E+05
166  6.9322739521885E-01  4.7732048110901E-05  6.9313424791632E-01  6.9330001360100E-01  1.3824000000000E+05
167  6.9114091184181E-01  3.2491053918209E-05  6.9107713418999E-01  6.9118959139070E-01  1.3824000000000E+05
168  6.8906381248029E-01  1.5067349834662E-05  6.8903316925093E-01  6.8908520860653E-01  1.3824000000000E+05
169  6.8699105454331E-01  3.8843541952232E-06  6.8698313538084E-01  6.8699580241152E-01  1.3824000000000E+05
170  6.8491723758896E-01  2.3023817818422E-05  6.8487941503963E-01  6.8495838399917E-01  1.3824000000000E+05
171  6.8283682813351E-01  4.1789636624236E-05  6.8277005254846E-01  6.8291405052917E-01  1.3824000000000E+05
172  6.8074439910415E-01  5.9053609408190E-05  6.8065121380688E-01  6.8085558786773E-01  1.3824000000000E+05
173  6.7863491191299E-01  7.3706058229127E-05  6.7851941982368E-01  6.7877558136942E-01  1.3824000000000E+05
174  6.7650404478982E-01  8.4687188976793E-05  6.7637172030111E-01  6.7666702645816E-01  1.3824000000000E+05
175  6.7434853092996E-01  9.1181407598639E-05  6.7420583344450E-01  6.7452431985908E-01  1.3824000000000E+05
176  6.7216643548670E-01  9.2825082195875E-05  6.7202024313517E-01  6.7234429997267E-01  1.3824000000000E+05
177  6.6995729280312E-01  8.9833076989402E-05  6.6981425096278E-01  6.7012689939997E-01  1.3824000000000E+05
178  6.6772205385359E-01  8.2973174684781E-05  6.6758798861731E-01  6.6787509513946E-01  1.3824000000000E+05
179  6.6546284910775E-01  7.3376815882692E-05  6.6534240492707E-01  6.6559413747784E-01  1.3824000000000E+05
180  6.6318263004285E-01  6.2238967670856E-05  6.6307925011146E-01  6.6329033714870E-01  1.3824000000000E+05
181  6.6088478912226E-01  5.0495715901063E-05  6.6080108604976E-01  6.6096982619086E-01  1.3824000000000E+05
182  6.5857286242322E-01  3.8569561599349E-05  6.5851135396878E-01  6.5863763579932E-01  1.3824000000000E+05
183  6.5625039746049E-01  2.6277427957482E-05  6.5621452853654E-01  6.5629724226008E-01  1.3824000000000E+05
184  6.5392103692879E-01  1.3457843431007E-05  6.5390737725983E-01  6.5395055348688E-01  1.3824000000000E+05
185  6.5158884125398E-01  1.1829365602478E-05  6.5157691553988E-01  6.5162434269217E-01  1.3824000000000E+05
186  6.4925885466822E-01  3.3907710348963E-05  6.4922980270608E-01  6.4934799730148E-01  1.3824000000000E+05
187  6.4693790816954E-01  6.8189913480870E-05  6.4687268549618E-01  6.4709958952445E-01  1.3824000000000E+05
188  6.4463564060685E-01  1.1710061280562E-04  6.4450809099805E-01  6.4489455551070E-01  1.3824000000000E+05
189  6.4236569698699E-01  1.8484304140997E-04  6.4213886249539E-01  6.4275194089583E-01  1.3824000000000E+05
190  6.4014702091704E-01  2.7538148172573E-04  6.3977650941950E-01  6.4069461422394E-01  1.3824000000000E+05
191  6.3800508665955E-01  3.9134211712765E-04  6.3743676930595E-01  6.3874916535241E-01  1.3824000000000E+05
192  6.3597281390887E-01  5.3273236136019E-04  6.3514670536035E-01  6.3694539789795E-01  1.3824000000000E+05
193  6.3409079414717E-01  6.9559670327070E-04  6.3294921580529E-01  6.3531536364969E-01  1.3824000000000E+05
194  6.3240638382238E-01  8.7100731378252E-04  6.3090635827207E-01  6.3389194534163E-01  1.3824000000000E+05
195  6.3097126937462E-01  1.0449526322560E-03  6.2909928235603E-01  6.3270706522571E-01  1.3824000000000E+05
196  6.2983736075689E-01  1.1996355405471E-03  6.2762237544678E-01  6.3178966873918E-01  1.3824000000000E+05
197  6.2905133370178E-01  1.3163165969035E-03  6.2657068533264E-01  6.3116369061793E-01  1.3824000000000E+05
198  6.2864869985471E-01  1.3791948804979E-03  6.2602257101749E-01  6.3084624094044E-01  1.3824000000000E+05
 
 field : PHIHYD   ; Iter =       720 ; region #   0 ; nb.Lev = 198
 k | --   Average    -- | --   Std.Dev    -- | --     min      -- | --     max      -- | --    Vol
  0  5.5185402636283E+01  3.2237663246198E+01  2.7220739673257E-01  1.1136775548357E+02  2.7371520000000E+07
  1  2.7220740664403E-01 -1.2961308020321E-16  2.7220739673257E-01  2.7220741712918E-01  1.3824000000000E+05
  2  8.1671765246275E-01 -3.0475795673029E-16  8.1671762419283E-01  8.1671768313334E-01  1.3824000000000E+05
  3  1.3614187608856E+00  7.8621997031876E-08  1.3614187167127E+00  1.3614188108365E+00  1.3824000000000E+05
  4  1.9063107260725E+00 -4.4967288500553E-15  1.9063106672509E+00  1.9063107964199E+00  1.3824000000000E+05
  5  2.4513935412056E+00  8.9720455906280E-08  2.4513934671573E+00  2.4513936362860E+00  1.3824000000000E+05
  6  2.9966671989911E+00  6.4467291504069E-08  2.9966671067091E+00  2.9966673281534E+00  1.3824000000000E+05
  7  3.5421316923925E+00  1.0658243073483E-07  3.5421315756898E+00  3.5421318727426E+00  1.3824000000000E+05
  8  4.0877870156720E+00 -2.9470777603592E-14  4.0877868638720E+00  4.0877872763142E+00  1.3824000000000E+05
  9  4.6336331658894E+00  1.0946913381083E-07  4.6336329613302E+00  4.6336335543943E+00  1.3824000000000E+05
 10  5.1796701451297E+00  9.1361799601849E-08  5.1796698585828E+00  5.1796707371021E+00  1.3824000000000E+05
 11  5.7258979638768E+00  4.0103560893233E-07  5.7258975466400E+00  5.7258988765477E+00  1.3824000000000E+05
 12  6.2723166461349E+00  5.6800612912536E-07  6.2723160171398E+00  6.2723180567808E+00  1.3824000000000E+05
 13  6.8189262370992E+00  9.0279224083973E-07  6.8189252629356E+00  6.8189284066907E+00  1.3824000000000E+05
 14  7.3657268143801E+00  1.4194382905449E-06  7.3657252798695E+00  7.3657301160672E+00  1.3824000000000E+05
 15  7.9127185039344E+00  2.1422493102415E-06  7.9127160711533E+00  7.9127234546869E+00  1.3824000000000E+05
 16  8.4599015018696E+00  3.2675457707157E-06  8.4598976569517E+00  8.4599087937986E+00  1.3824000000000E+05
 17  9.0072761030222E+00  4.9031243325537E-06  9.0072700934204E+00  9.0072866287516E+00  1.3824000000000E+05
 18  9.5548427364667E+00  7.1216819048348E-06  9.5548335072151E+00  9.5548576008295E+00  1.3824000000000E+05
 19  1.0102602006693E+01  1.0141872228047E-05  1.0102588152219E+01  1.0102622515713E+01  1.3824000000000E+05
 20  1.0650554736965E+01  1.4122924750147E-05  1.0650534492976E+01  1.0650582355562E+01  1.3824000000000E+05
 21  1.1198702008532E+01  1.9102715807263E-05  1.1198673311898E+01  1.1198738281635E+01  1.3824000000000E+05
 22  1.1747045186497E+01  2.5130924606075E-05  1.1747005824096E+01  1.1747091624779E+01  1.3824000000000E+05
 23  1.2295585921549E+01  3.2113306978447E-05  1.2295533767852E+01  1.2295643862103E+01  1.3824000000000E+05
 24  1.2844326117836E+01  3.9856606077002E-05  1.2844259428365E+01  1.2844396579615E+01  1.3824000000000E+05
 25  1.3393267862137E+01  4.8045509032618E-05  1.3393185557817E+01  1.3393351422411E+01  1.3824000000000E+05
 26  1.3942413317853E+01  5.6306166272016E-05  1.3942315181211E+01  1.3942510035789E+01  1.3824000000000E+05
 27  1.4491764596832E+01  6.4259505637290E-05  1.4491651318047E+01  1.4491874002149E+01  1.3824000000000E+05
 28  1.5041323629200E+01  7.1543650913168E-05  1.5041196685415E+01  1.5041444779326E+01  1.3824000000000E+05
 29  1.5591092052729E+01  7.7917810382658E-05  1.5590953458074E+01  1.5591223645990E+01  1.3824000000000E+05
 30  1.6141071138277E+01  8.3243983675424E-05  1.6140923138890E+01  1.6141211658777E+01  1.3824000000000E+05
 31  1.6691261758295E+01  8.7499341436368E-05  1.6691106551279E+01  1.6691409624259E+01  1.3824000000000E+05
 32  1.7241664395405E+01  9.0765325870859E-05  1.7241503926431E+01  1.7241818086855E+01  1.3824000000000E+05
 33  1.7792279180885E+01  9.3167772837136E-05  1.7792115038986E+01  1.7792437331858E+01  1.3824000000000E+05
 34  1.8343105950154E+01  9.4872703125993E-05  1.8342939347615E+01  1.8343267401179E+01  1.3824000000000E+05
 35  1.8894144303449E+01  9.6037931286318E-05  1.8893976112757E+01  1.8894308118382E+01  1.3824000000000E+05
 36  1.9445393663109E+01  9.6812275901346E-05  1.9445224481436E+01  1.9445559119287E+01  1.3824000000000E+05
 37  1.9996853322666E+01  9.7297531075506E-05  1.9996683541326E+01  1.9997019884573E+01  1.3824000000000E+05
 38  2.0548522485973E+01  9.7604239198670E-05  2.0548352351797E+01  2.0548689771527E+01  1.3824000000000E+05
 39  2.1100400296719E+01  9.7797396129562E-05  2.1100229960173E+01  2.1100568042842E+01  1.3824000000000E+05
 40  2.1652485859674E+01  9.7900178870315E-05  2.1652315409600E+01  2.1652653891319E+01  1.3824000000000E+05
 41  2.2204778255428E+01  9.7965377217391E-05  2.2204607742620E+01  2.2204946460017E+01  1.3824000000000E+05
 42  2.2757276550268E+01  9.8004530617556E-05  2.2757106002754E+01  2.2757444858023E+01  1.3824000000000E+05
 43  2.3309979802625E+01  9.8016869335646E-05  2.3309809235169E+01  2.3310148172363E+01  1.3824000000000E+05
 44  2.3862887067190E+01  9.8026861519136E-05  2.3862716486931E+01  2.3863055476815E+01  1.3824000000000E+05
 45  2.4415997397557E+01  9.8042376810222E-05  2.4415826807043E+01  2.4416165838426E+01  1.3824000000000E+05
 46  2.4969309848018E+01  9.8054922770408E-05  2.4969139246355E+01  2.4969478322598E+01  1.3824000000000E+05
 47  2.5522823475039E+01  9.8073523150449E-05  2.5522652857432E+01  2.5522991997509E+01  1.3824000000000E+05
 48  2.6076537338847E+01  9.8090122102070E-05  2.6076366694449E+01  2.6076705938664E+01  1.3824000000000E+05
 49  2.6630450505610E+01  9.8138451722935E-05  2.6630279813173E+01  2.6630619234296E+01  1.3824000000000E+05
 50  2.7184562050738E+01  9.8218697859995E-05  2.7184391271143E+01  2.7184730992347E+01  1.3824000000000E+05
 51  2.7738871064006E+01  9.8354413290491E-05  2.7738700128242E+01  2.7739040349679E+01  1.3824000000000E+05
 52  2.8293376657357E+01  9.8600161789490E-05  2.8293205448111E+01  2.8293546484079E+01  1.3824000000000E+05
 53  2.8848077976478E+01  9.8969134577426E-05  2.8847906301400E+01  2.8848248629418E+01  1.3824000000000E+05
 54  2.9402974217371E+01  9.9564099128049E-05  2.9402801772775E+01  2.9403146093987E+01  1.3824000000000E+05
 55  2.9958064649126E+01  1.0044740161112E-04  2.9957890975070E+01  2.9958238281593E+01  1.3824000000000E+05
 56  3.0513348643721E+01  1.0172830216533E-04  3.0513173075612E+01  3.0513524714401E+01  1.3824000000000E+05
 57  3.1068825712704E+01  1.0352532260706E-04  3.1068647340802E+01  3.1069005055908E+01  1.3824000000000E+05
 58  3.1624495548928E+01  1.0592592237802E-04  3.1624313203717E+01  3.1624679131848E+01  1.3824000000000E+05
 59  3.2180358069077E+01  1.0905459885850E-04  3.2180170353984E+01  3.2180546946494E+01  1.3824000000000E+05
 60  3.2736413450089E+01  1.1289712767119E-04  3.2736218838652E+01  3.2736608691756E+01  1.3824000000000E+05
 61  3.3292662150625E+01  1.1742300901003E-04  3.3292459149747E+01  3.3292864746880E+01  1.3824000000000E+05
 62  3.3849104908854E+01  1.2251933953182E-04  3.3848892265268E+01  3.3849315667403E+01  1.3824000000000E+05
 63  3.4405742710917E+01  1.2795869615846E-04  3.4405519613918E+01  3.4405962163179E+01  1.3824000000000E+05
 64  3.4962576730401E+01  1.3354947591409E-04  3.4962342953826E+01  3.4962805066699E+01  1.3824000000000E+05
 65  3.5519608246395E+01  1.3898474122338E-04  3.5519364185896E+01  3.5519845294176E+01  1.3824000000000E+05
 66  3.6076838553328E+01  1.4403177451774E-04  3.6076585148062E+01  3.6077083802843E+01  1.3824000000000E+05
 67  3.6634268877620E+01  1.4849989209929E-04  3.6634007443218E+01  3.6634521548364E+01  1.3824000000000E+05
 68  3.7191900313376E+01  1.5231229118475E-04  3.7191632337423E+01  3.7192159446038E+01  1.3824000000000E+05
 69  3.7749733783505E+01  1.5538881078000E-04  3.7749460736607E+01  3.7749998338848E+01  1.3824000000000E+05
 70  3.8307770026197E+01  1.5777288310971E-04  3.8307493224698E+01  3.8308038974248E+01  1.3824000000000E+05
 71  3.8866009601849E+01  1.5958269391283E-04  3.8865730134233E+01  3.8866281990411E+01  1.3824000000000E+05
 72  3.9424452913360E+01  1.6090327657386E-04  3.9424171622589E+01  3.9424727911485E+01  1.3824000000000E+05
 73  3.9983100232836E+01  1.6181946496497E-04  3.9982817736730E+01  3.9983377150509E+01  1.3824000000000E+05
 74  4.0541951729288E+01  1.6243666044927E-04  4.0541668460039E+01  4.0542230018125E+01  1.3824000000000E+05
 75  4.1101007493934E+01  1.6285759035657E-04  4.1100723742137E+01  4.1101286735016E+01  1.3824000000000E+05
 76  4.1660267561418E+01  1.6311686104468E-04  4.1659983515927E+01  4.1660547446135E+01  1.3824000000000E+05
 77  4.2219731926566E+01  1.6328003654886E-04  4.2219447706447E+01  4.2220012235138E+01  1.3824000000000E+05
 78  4.2779400556994E+01  1.6338103417273E-04  4.2779116235171E+01  4.2779681137846E+01  1.3824000000000E+05
 79  4.3339273402255E+01  1.6345339455342E-04  4.3338989022045E+01  4.3339554154017E+01  1.3824000000000E+05
 80  4.3899350400233E+01  1.6348977547580E-04  4.3899065986500E+01  4.3899631257105E+01  1.3824000000000E+05
 81  4.4459631481505E+01  1.6349623001189E-04  4.4459347048007E+01  4.4459912401987E+01  1.3824000000000E+05
 82  4.5020116572197E+01  1.6352304920666E-04  4.5019832126340E+01  4.5020397530813E+01  1.3824000000000E+05
 83  4.5580805595794E+01  1.6353373206711E-04  4.5580521141621E+01  4.5581086577274E+01  1.3824000000000E+05
 84  4.6141698474243E+01  1.6351329868652E-04  4.6141414014174E+01  4.6141979469601E+01  1.3824000000000E+05
 85  4.6702795128596E+01  1.6351608907088E-04  4.6702510664300E+01  4.6703076132592E+01  1.3824000000000E+05
 86  4.7264095479375E+01  1.6352251721200E-04  4.7263811012069E+01  4.7264376488924E+01  1.3824000000000E+05
 87  4.7825599446783E+01  1.6351347484075E-04  4.7825314977245E+01  4.7825880459967E+01  1.3824000000000E+05
 88  4.8387306950837E+01  1.6353933373123E-04  4.8387022479369E+01  4.8387587966226E+01  1.3824000000000E+05
 89  4.8949217911449E+01  1.6352832203616E-04  4.8948933437972E+01  4.8949498927515E+01  1.3824000000000E+05
 90  4.9511332248446E+01  1.6353632955760E-04  4.9511047772814E+01  4.9511613262900E+01  1.3824000000000E+05
 91  5.0073649881513E+01  1.6352688728685E-04  5.0073365404060E+01  5.0073930890407E+01  1.3824000000000E+05
 92  5.0636170730019E+01  1.6353141707039E-04  5.0635886252285E+01  5.0636451726454E+01  1.3824000000000E+05
 93  5.1198894712672E+01  1.6353326129477E-04  5.1198610238330E+01  5.1199175684918E+01  1.3824000000000E+05
 94  5.1761821746942E+01  1.6348975254650E-04  5.1761537283049E+01  5.1762102675722E+01  1.3824000000000E+05
 95  5.2324951748164E+01  1.6349615708200E-04  5.2324667307045E+01  5.2325232602785E+01  1.3824000000000E+05
 96  5.2888284628167E+01  1.6345810883838E-04  5.2888000230467E+01  5.2888565361190E+01  1.3824000000000E+05
 97  5.3451820293214E+01  1.6337471562044E-04  5.3451535972881E+01  5.3452100833383E+01  1.3824000000000E+05
 98  5.4015558640969E+01  1.6323804261912E-04  5.4015274453067E+01  5.4015838884315E+01  1.3824000000000E+05
 99  5.4579499556099E+01  1.6307553946640E-04  5.4579215588405E+01  5.4579779355478E+01  1.3824000000000E+05
100  5.5143642904087E+01  1.6277950151206E-04  5.5143359293157E+01  5.5143922057953E+01  1.3824000000000E+05
101  5.5707988522846E+01  1.6234233351641E-04  5.5707705474460E+01  5.5708266764741E+01  1.3824000000000E+05
102  5.6272536211847E+01  1.6170435446098E-04  5.6272254024226E+01  5.6272813202897E+01  1.3824000000000E+05
103  5.6837285718803E+01  1.6083773960152E-04  5.6837004804576E+01  5.6837561046159E+01  1.3824000000000E+05
104  5.7402236724550E+01  1.5964799465078E-04  5.7401957624449E+01  5.7402509908962E+01  1.3824000000000E+05
105  5.7967388827555E+01  1.5816062133681E-04  5.7967112206266E+01  5.7967659342789E+01  1.3824000000000E+05
106  5.8532741530545E+01  1.5627466385127E-04  5.8532468144859E+01  5.8533008835776E+01  1.3824000000000E+05
107  5.9098294232573E+01  1.5401104185318E-04  5.9098024866063E+01  5.9098557816258E+01  1.3824000000000E+05
108  5.9664046230188E+01  1.5146883222988E-04  5.9663781597932E+01  5.9664305660608E+01  1.3824000000000E+05
109  6.0229996730639E+01  1.4871368684977E-04  6.0229737369995E+01  6.0230251705233E+01  1.3824000000000E+05
110  6.0796144878028E+01  1.4581865173894E-04  6.0795891052042E+01  6.0796395262084E+01  1.3824000000000E+05
111  6.1362489790365E+01  1.4296799071579E-04  6.1362241432588E+01  6.1362735636568E+01  1.3824000000000E+05
112  6.1929030602432E+01  1.4029195077166E-04  6.1928787322260E+01  6.1929272146387E+01  1.3824000000000E+05
113  6.2495766507453E+01  1.3787569890262E-04  6.2495527656229E+01  6.2496004139715E+01  1.3824000000000E+05
114  6.3062696790642E+01  1.3583707086237E-04  6.3062461569000E+01  6.3062931011162E+01  1.3824000000000E+05
115  6.3629820849902E+01  1.3419391813540E-04  6.3629588425399E+01  6.3630052214302E+01  1.3824000000000E+05
116  6.4197138202255E+01  1.3289876814621E-04  6.4196907807864E+01  6.4197367269963E+01  1.3824000000000E+05
117  6.4764648477848E+01  1.3194102968381E-04  6.4764419473740E+01  6.4764875770008E+01  1.3824000000000E+05
118  6.5332351405474E+01  1.3127875369208E-04  6.5332123301531E+01  6.5332577376859E+01  1.3824000000000E+05
119  6.5900246794027E+01  1.3081169590902E-04  6.5900019241887E+01  6.5900471819397E+01  1.3824000000000E+05
120  6.6468334513620E+01  1.3059638639452E-04  6.6468107281626E+01  6.6468558886174E+01  1.3824000000000E+05
121  6.7036614478789E+01  1.3041303291330E-04  6.7036387421862E+01  6.7036838416948E+01  1.3824000000000E+05
122  6.7605086634842E+01  1.3027406283445E-04  6.7604859667123E+01  6.7605310293505E+01  1.3824000000000E+05
123  6.8173750947492E+01  1.3021241020532E-04  6.8173524021236E+01  6.8173974430580E+01  1.3824000000000E+05
124  6.8742607395339E+01  1.3017782928167E-04  6.8742380486510E+01  6.8742830767437E+01  1.3824000000000E+05
125  6.9311655964552E+01  1.3016326409015E-04  6.9311429064085E+01  6.9311879260446E+01  1.3824000000000E+05
126  6.9880896645094E+01  1.3014377974768E-04  6.9880669754411E+01  6.9881119876787E+01  1.3824000000000E+05
127  7.0450329427911E+01  1.3019331861256E-04  7.0450102557456E+01  7.0450552589220E+01  1.3824000000000E+05
128  7.1019954302646E+01  1.3013266648819E-04  7.1019727472514E+01  7.1020177371835E+01  1.3824000000000E+05
129  7.1589771255514E+01  1.3005934580858E-04  7.1589544497521E+01  7.1589994196584E+01  1.3824000000000E+05
130  7.2159780267120E+01  1.2997203572636E-04  7.2159553627698E+01  7.2160003030489E+01  1.3824000000000E+05
131  7.2729981310092E+01  1.2987617407678E-04  7.2729754853229E+01  7.2730203833431E+01  1.3824000000000E+05
132  7.3300374346541E+01  1.2966298488187E-04  7.3300148155634E+01  7.3300596556483E+01  1.3824000000000E+05
133  7.3870959325511E+01  1.2939982572841E-04  7.3870733502668E+01  7.3871181140821E+01  1.3824000000000E+05
134  7.4441736180755E+01  1.2914925177373E-04  7.4441510842081E+01  7.4441957517275E+01  1.3824000000000E+05
135  7.5012704829312E+01  1.2874615650582E-04  7.5012480095334E+01  7.5012925606567E+01  1.3824000000000E+05
136  7.5583865171442E+01  1.2847290507318E-04  7.5583641153205E+01  7.5584085320297E+01  1.3824000000000E+05
137  7.6155217092358E+01  1.2804043533630E-04  7.6154993875493E+01  7.6155436562635E+01  1.3824000000000E+05
138  7.6726760465919E+01  1.2758045656629E-04  7.6726538096420E+01  7.6726979232663E+01  1.3824000000000E+05
139  7.7298495160039E+01  1.2711869077918E-04  7.7298273635653E+01  7.7298713227200E+01  1.3824000000000E+05
140  7.7870421043121E+01  1.2673673933705E-04  7.7870200312883E+01  7.7870638443907E+01  1.3824000000000E+05
141  7.8442537990554E+01  1.2627904520022E-04  7.8442317962458E+01  7.8442754784411E+01  1.3824000000000E+05
142  7.9014845890335E+01  1.2597546160633E-04  7.9014626444625E+01  7.9015062157219E+01  1.3824000000000E+05
143  7.9587344647090E+01  1.2568283356912E-04  7.9587125651339E+01  7.9587560480154E+01  1.3824000000000E+05
144  8.0160034184239E+01  1.2550233661684E-04  8.0159815506636E+01  8.0160249682162E+01  1.3824000000000E+05
145  8.0732914444413E+01  1.2537392536334E-04  8.0732695963212E+01  8.0733129704353E+01  1.3824000000000E+05
146  8.1305985388485E+01  1.2536276217335E-04  8.1305766997384E+01  8.1306200500238E+01  1.3824000000000E+05
147  8.1879246993678E+01  1.2534241499247E-04  8.1879028604211E+01  8.1879462035161E+01  1.3824000000000E+05
148  8.2452699251077E+01  1.2531208705330E-04  8.2452480793562E+01  8.2452914285018E+01  1.3824000000000E+05
149  8.3026342162805E+01  1.2535349247554E-04  8.3026123587022E+01  8.3026557234333E+01  1.3824000000000E+05
150  8.3600175738920E+01  1.2548953779620E-04  8.3599957015029E+01  8.3600390873836E+01  1.3824000000000E+05
151  8.4174199994106E+01  1.2543598339328E-04  8.4173981113699E+01  8.4174415197656E+01  1.3824000000000E+05
152  8.4748414944166E+01  1.2560607138611E-04  8.4748195921145E+01  8.4748630200260E+01  1.3824000000000E+05
153  8.5322820602376E+01  1.2562607217782E-04  8.5322601473521E+01  8.5323035873278E+01  1.3824000000000E+05
154  8.5897416975771E+01  1.2562499998800E-04  8.5897197801147E+01  8.5897632202361E+01  1.3824000000000E+05
155  8.6472204061418E+01  1.2556585911447E-04  8.6471984924875E+01  8.6472419164207E+01  1.3824000000000E+05
156  8.7047181842729E+01  1.2543556654317E-04  8.7046962852415E+01  8.7047396723950E+01  1.3824000000000E+05
157  8.7622350285912E+01  1.2527220924373E-04  8.7622131573988E+01  8.7622564833089E+01  1.3824000000000E+05
158  8.8197709336741E+01  1.2499990694223E-04  8.8197491056692E+01  8.8197923428129E+01  1.3824000000000E+05
159  8.8773258918004E+01  1.2462104717393E-04  8.8773041237626E+01  8.8773472430128E+01  1.3824000000000E+05
160  8.9348998928170E+01  1.2422881156715E-04  8.9348782016894E+01  8.9349211745264E+01  1.3824000000000E+05
161  8.9924929241893E+01  1.2370787366519E-04  8.9924713252831E+01  8.9925141266501E+01  1.3824000000000E+05
162  9.0501049712905E+01  1.2314400630115E-04  9.0500834762290E+01  9.0501260876329E+01  1.3824000000000E+05
163  9.1077360179490E+01  1.2260143881971E-04  9.1077146328129E+01  9.1077570450461E+01  1.3824000000000E+05
164  9.1653860472232E+01  1.2206161503088E-04  9.1653647713905E+01  9.1654069862285E+01  1.3824000000000E+05
165  9.2230550423177E+01  1.2147833608512E-04  9.2230338683201E+01  9.2230758987760E+01  1.3824000000000E+05
166  9.2807429875212E+01  1.2107100451233E-04  9.2807219019166E+01  9.2807637710422E+01  1.3824000000000E+05
167  9.3384498690438E+01  1.2068594063132E-04  9.3384288539886E+01  9.3384705926116E+01  1.3824000000000E+05
168  9.3961756756668E+01  1.2035453927523E-04  9.3961547107098E+01  9.3961963547113E+01  1.3824000000000E+05
169  9.4539203991646E+01  1.2029451683456E-04  9.4538994628439E+01  9.4539410505322E+01  1.3824000000000E+05
170  9.5116840345081E+01  1.2023973457554E-04  9.5116631055507E+01  9.5117046754353E+01  1.3824000000000E+05
171  9.5694665798824E+01  1.2023218978773E-04  9.5694456380565E+01  9.5694872270342E+01  1.3824000000000E+05
172  9.6272680365527E+01  1.2037817052663E-04  9.6272470633773E+01  9.6272887051473E+01  1.3824000000000E+05
173  9.6850884085982E+01  1.2063498957638E-04  9.6850673881146E+01  9.6851091116277E+01  1.3824000000000E+05
174  9.7429277025163E+01  1.2101050375990E-04  9.7429066221867E+01  9.7429484500848E+01  1.3824000000000E+05
175  9.8007859266967E+01  1.2126844188334E-04  9.8007647783082E+01  9.8008067255168E+01  1.3824000000000E+05
176  9.8586630907779E+01  1.2162794902054E-04  9.8586418710989E+01  9.8586839438805E+01  1.3824000000000E+05
177  9.9165592049242E+01  1.2205480799047E-04  9.9165379158670E+01  9.9165801116243E+01  1.3824000000000E+05
178  9.9744742790867E+01  1.2226029595643E-04  9.9744529272689E+01  9.9744952352135E+01  1.3824000000000E+05
179  1.0032408322319E+02  1.2269953623534E-04  1.0032386918125E+02  1.0032429320673E+02  1.3824000000000E+05
180  1.0090361342212E+02  1.2273927449009E-04  1.0090339898610E+02  1.0090382373169E+02  1.3824000000000E+05
181  1.0148333344471E+02  1.2291034733021E-04  1.0148311875887E+02  1.0148354396649E+02  1.3824000000000E+05
182  1.0206324332653E+02  1.2306561141775E-04  1.0206302854088E+02  1.0206345393543E+02  1.3824000000000E+05
183  1.0264334308016E+02  1.2299387572411E-04  1.0264312834464E+02  1.0264355364535E+02  1.3824000000000E+05
184  1.0322363269480E+02  1.2283546804568E-04  1.0322341815536E+02  1.0322384308396E+02  1.3824000000000E+05
185  1.0380411213640E+02  1.2263946966656E-04  1.0380389793171E+02  1.0380432221861E+02  1.3824000000000E+05
186  1.0438478134842E+02  1.2240236966698E-04  1.0438456760653E+02  1.0438499099538E+02  1.3824000000000E+05
187  1.0496564025289E+02  1.2207094250058E-04  1.0496542708878E+02  1.0496584933833E+02  1.3824000000000E+05
188  1.0554668875169E+02  1.2172416006811E-04  1.0554647626765E+02  1.0554689714863E+02  1.3824000000000E+05
189  1.0612792672754E+02  1.2118735645260E-04  1.0612771501909E+02  1.0612813430348E+02  1.3824000000000E+05
190  1.0670935404404E+02  1.2070799231059E-04  1.0670914321249E+02  1.0670956065477E+02  1.3824000000000E+05
191  1.0729097054423E+02  1.2002138576045E-04  1.0729076071474E+02  1.0729117602764E+02  1.3824000000000E+05
192  1.0787277604704E+02  1.1939148366322E-04  1.0787256738787E+02  1.0787298021887E+02  1.3824000000000E+05
193  1.0845477034182E+02  1.1846357110090E-04  1.0845456307817E+02  1.0845497299571E+02  1.3824000000000E+05
194  1.0903695318170E+02  1.1751114158795E-04  1.0903674759708E+02  1.0903715409536E+02  1.3824000000000E+05
195  1.0961932427730E+02  1.1633887757543E-04  1.0961912069721E+02  1.0961952322546E+02  1.3824000000000E+05
196  1.1020188329289E+02  1.1504489625594E-04  1.1020168205010E+02  1.1020208006603E+02  1.3824000000000E+05
197  1.1078462984700E+02  1.1358447907507E-04  1.1078443123375E+02  1.1078482427306E+02  1.3824000000000E+05
198  1.1136756351876E+02  1.1220201202633E-04  1.1136736773718E+02  1.1136775548357E+02  1.3824000000000E+05
 
 field : PHI_NH   ; Iter =       720 ; region #   0 ; nb.Lev = 198
 k | --   Average    -- | --   Std.Dev    -- | --     min      -- | --     max      -- | --    Vol
  0  7.1731622069904E-13  3.3400393275336E-12 -1.3694180618856E-11  3.8243055645662E-11  2.7371520000000E+07
  1  6.9188395448850E-14  3.4657319035820E-12 -1.2135164301959E-11  1.0442825570361E-11  1.3824000000000E+05
  2  7.8357424824839E-14  3.4747621642249E-12 -1.2326435998277E-11  1.0629491986631E-11  1.3824000000000E+05
  3  8.7540043878482E-14  3.5128372711937E-12 -1.2660473758021E-11  1.1202797779615E-11  1.3824000000000E+05
  4  9.6420509987922E-14  3.5066242320203E-12 -1.2875065922286E-11  1.1484330825797E-11  1.3824000000000E+05
  5  1.0413235536719E-13  3.5266065376938E-12 -1.3045596789544E-11  1.1821202573868E-11  1.3824000000000E+05
  6  1.1206942689407E-13  3.5513603409960E-12 -1.3278696271683E-11  1.2118998428175E-11  1.3824000000000E+05
  7  1.1949418899151E-13  3.5335753662361E-12 -1.3301627707096E-11  1.2305051025616E-11  1.3824000000000E+05
  8  1.2662166840957E-13  3.5761302388900E-12 -1.3576866049685E-11  1.2718113132228E-11  1.3824000000000E+05
  9  1.3479747608555E-13  3.5822322575361E-12 -1.3682947689089E-11  1.2944995046903E-11  1.3824000000000E+05
 10  1.4103476150952E-13  3.5223575430192E-12 -1.3551008172127E-11  1.2858558673785E-11  1.3824000000000E+05
 11  1.4640934622616E-13  3.5294590449246E-12 -1.3540842244607E-11  1.3006175356445E-11  1.3824000000000E+05
 12  1.5379788766706E-13  3.5521677905366E-12 -1.3694180618856E-11  1.3266810055353E-11  1.3824000000000E+05
 13  1.6017186027432E-13  3.4789833887188E-12 -1.3416622840389E-11  1.3164306518121E-11  1.3824000000000E+05
 14  1.6415427497185E-13  3.3923111932018E-12 -1.3119428163812E-11  1.2929538182506E-11  1.3824000000000E+05
 15  1.6951275320606E-13  3.3717428715638E-12 -1.3031855035739E-11  1.2988310784949E-11  1.3824000000000E+05
 16  1.7615276248549E-13  3.3473696530288E-12 -1.2932748076149E-11  1.2997896610383E-11  1.3824000000000E+05
 17  1.8078944478648E-13  3.2422508916742E-12 -1.2509630449542E-11  1.2674030619047E-11  1.3824000000000E+05
 18  1.8412816809791E-13  3.0745070040362E-12 -1.1991236907985E-11  1.2173091440476E-11  1.3824000000000E+05
 19  1.8819892569316E-13  2.9264890762678E-12 -1.2021245986795E-11  1.1731097858417E-11  1.3824000000000E+05
 20  1.9236548157690E-13  2.8454271601042E-12 -1.2104182573631E-11  1.1448752758814E-11  1.3824000000000E+05
 21  1.9684412807554E-13  2.7840822114500E-12 -1.2240265147268E-11  1.1275822817068E-11  1.3824000000000E+05
 22  2.0242742736738E-13  2.6589157205325E-12 -1.2162073489354E-11  1.0837253283123E-11  1.3824000000000E+05
 23  2.0658035325866E-13  2.4367613581097E-12 -1.1789404106383E-11  1.0014636773383E-11  1.3824000000000E+05
 24  2.0711334342812E-13  2.1613988208761E-12 -1.1278317657103E-11  8.9072058732730E-12  1.3824000000000E+05
 25  2.0596478845877E-13  1.9183604446410E-12 -1.0856391761175E-11  7.7184749674740E-12  1.3824000000000E+05
 26  2.0554619175499E-13  1.7616017306912E-12 -1.0490551188161E-11  6.5771968896152E-12  1.3824000000000E+05
 27  2.0636458873788E-13  1.6876078159893E-12 -1.0122040415238E-11  5.8339078734986E-12  1.3824000000000E+05
 28  2.0884622721867E-13  1.6741843278935E-12 -9.7914410061943E-12  5.2698660069904E-12  1.3824000000000E+05
 29  2.1363502419098E-13  1.6936652572456E-12 -9.5791664425838E-12  5.1504558573740E-12  1.3824000000000E+05
 30  2.2027903003319E-13  1.7134339172636E-12 -9.4020651979485E-12  5.2692929163783E-12  1.3824000000000E+05
 31  2.2757096747366E-13  1.7191445095844E-12 -9.2139937481664E-12  5.3677619276271E-12  1.3824000000000E+05
 32  2.3489810667977E-13  1.7207985141138E-12 -9.0216620906805E-12  5.4609313793823E-12  1.3824000000000E+05
 33  2.4237988790949E-13  1.7277969131128E-12 -8.9006202130120E-12  5.5874881439536E-12  1.3824000000000E+05
 34  2.5033531853570E-13  1.7345760612538E-12 -8.7850740787753E-12  5.7225411009010E-12  1.3824000000000E+05
 35  2.5886567327787E-13  1.7325319107383E-12 -8.5991476619915E-12  5.8025508912373E-12  1.3824000000000E+05
 36  2.6731866961659E-13  1.7225779601711E-12 -8.3461630775826E-12  5.8466218762362E-12  1.3824000000000E+05
 37  2.7473575755170E-13  1.7131124752789E-12 -8.1155823998320E-12  5.8908744307129E-12  1.3824000000000E+05
 38  2.8107273097986E-13  1.7111279979917E-12 -7.9250575299860E-12  5.9260526946756E-12  1.3824000000000E+05
 39  2.8715357517007E-13  1.7156460965966E-12 -7.7305812519021E-12  5.9470977076595E-12  1.3824000000000E+05
 40  2.9375465533166E-13  1.7180737881582E-12 -7.5107196578622E-12  5.9532252285462E-12  1.3824000000000E+05
 41  3.0108574726814E-13  1.7098938389133E-12 -7.2453892610521E-12  5.9129570182441E-12  1.3824000000000E+05
 42  3.0857529979901E-13  1.6907052547865E-12 -6.8818175330148E-12  5.7855686479829E-12  1.3824000000000E+05
 43  3.1543126153838E-13  1.6685534417727E-12 -6.4897072951990E-12  5.5941000158989E-12  1.3824000000000E+05
 44  3.2154557096255E-13  1.6528216758647E-12 -6.1306621796896E-12  5.4083332172235E-12  1.3824000000000E+05
 45  3.2731802941018E-13  1.6468843596117E-12 -5.8359709964899E-12  5.2533289865590E-12  1.3824000000000E+05
 46  3.3319094899558E-13  1.6463336580632E-12 -5.7241592931311E-12  5.0973964473493E-12  1.3824000000000E+05
 47  3.3975172435184E-13  1.6432921741158E-12 -5.6447640136524E-12  4.9050978065128E-12  1.3824000000000E+05
 48  3.4747745373478E-13  1.6322712701774E-12 -5.5028346283109E-12  4.6697964846166E-12  1.3824000000000E+05
 49  3.5627527450458E-13  1.6130509796187E-12 -5.3537801709457E-12  4.7396690574638E-12  1.3824000000000E+05
 50  3.6567102208594E-13  1.5905485777477E-12 -5.1971426790435E-12  4.8100102546194E-12  1.3824000000000E+05
 51  3.7518177937673E-13  1.5724683310176E-12 -5.1526897280260E-12  4.8601325760800E-12  1.3824000000000E+05
 52  3.8449415971783E-13  1.5650746396511E-12 -5.0880604340678E-12  4.8881028866740E-12  1.3824000000000E+05
 53  3.9354974688600E-13  1.5702136619602E-12 -5.0169492501488E-12  4.9079277173043E-12  1.3824000000000E+05
 54  4.0230641434899E-13  1.5857538063294E-12 -4.9411295014586E-12  4.9232791029236E-12  1.3824000000000E+05
 55  4.1058358550576E-13  1.6077761954917E-12 -4.8443812278349E-12  4.9898865054572E-12  1.3824000000000E+05
 56  4.1835663423338E-13  1.6326777898543E-12 -4.7646255146024E-12  5.3613695679304E-12  1.3824000000000E+05
 57  4.2577522195605E-13  1.6583189728764E-12 -4.7051958628818E-12  5.6394984329834E-12  1.3824000000000E+05
 58  4.3290976577521E-13  1.6834724315385E-12 -4.6645471751436E-12  5.8398232943499E-12  1.3824000000000E+05
 59  4.3985102523816E-13  1.7069865268777E-12 -4.6237979230203E-12  5.9654656257989E-12  1.3824000000000E+05
 60  4.4679787474652E-13  1.7282729645613E-12 -4.5788323621967E-12  6.0191146011935E-12  1.3824000000000E+05
 61  4.5381958433430E-13  1.7480133108285E-12 -4.5264148891724E-12  6.0150932402040E-12  1.3824000000000E+05
 62  4.6082669900915E-13  1.7677391567707E-12 -4.5024199847107E-12  6.0005622473432E-12  1.3824000000000E+05
 63  4.6777067800559E-13  1.7887253624627E-12 -4.4986159202522E-12  5.9637300360952E-12  1.3824000000000E+05
 64  4.7462267214055E-13  1.8110509926833E-12 -4.5318765705143E-12  5.9317376364336E-12  1.3824000000000E+05
 65  4.8137452313202E-13  1.8335958361992E-12 -4.5678701345550E-12  5.8731180227718E-12  1.3824000000000E+05
 66  4.8808907346244E-13  1.8551905498694E-12 -4.5949943012031E-12  5.8651227757436E-12  1.3824000000000E+05
 67  4.9481577488484E-13  1.8756802909334E-12 -4.6114417477414E-12  6.0350749435542E-12  1.3824000000000E+05
 68  5.0162301636457E-13  1.8957180551890E-12 -4.6309592862796E-12  6.1983960615264E-12  1.3824000000000E+05
 69  5.0862011456434E-13  1.9160131603389E-12 -4.6361355518319E-12  6.3562107862359E-12  1.3824000000000E+05
 70  5.1589933452865E-13  1.9371135266542E-12 -4.7089907981875E-12  6.5133288182502E-12  1.3824000000000E+05
 71  5.2350935701864E-13  1.9593524762337E-12 -4.8783311036738E-12  6.6639750914092E-12  1.3824000000000E+05
 72  5.3143660702706E-13  1.9824791806174E-12 -5.0658899250887E-12  6.8072589703540E-12  1.3824000000000E+05
 73  5.3962256592266E-13  2.0055954737824E-12 -5.2534213479691E-12  6.9613579314848E-12  1.3824000000000E+05
 74  5.4799229129021E-13  2.0275465744303E-12 -5.4325264992469E-12  7.1241924911477E-12  1.3824000000000E+05
 75  5.5650753789791E-13  2.0475672686663E-12 -5.5640689767090E-12  7.2828332281708E-12  1.3824000000000E+05
 76  5.6517972775527E-13  2.0658487023642E-12 -5.5974436492804E-12  7.4485752179847E-12  1.3824000000000E+05
 77  5.7398186871481E-13  2.0834049799180E-12 -5.5974005547453E-12  7.6148268385482E-12  1.3824000000000E+05
 78  5.8281958364614E-13  2.1014604669618E-12 -5.6086295622638E-12  7.7747906524582E-12  1.3824000000000E+05
 79  5.9160562529049E-13  2.1208205885117E-12 -5.8178095477020E-12  7.9196350107915E-12  1.3824000000000E+05
 80  6.0030787234655E-13  2.1417002603103E-12 -6.0066447546001E-12  8.0526143181936E-12  1.3824000000000E+05
 81  6.0889900990558E-13  2.1639121670638E-12 -6.1311199909693E-12  8.1830514669325E-12  1.3824000000000E+05
 82  6.1732194272014E-13  2.1870444900543E-12 -6.2432201628946E-12  8.2999792532357E-12  1.3824000000000E+05
 83  6.2556210755231E-13  2.2105602325417E-12 -6.3168774996137E-12  8.4036383710995E-12  1.3824000000000E+05
 84  6.3364327075586E-13  2.2340550326125E-12 -6.3405501421845E-12  8.4928070441514E-12  1.3824000000000E+05
 85  6.4157219836252E-13  2.2573659728398E-12 -6.3419252486793E-12  8.5665384557812E-12  1.3824000000000E+05
 86  6.4936085675914E-13  2.2804088718557E-12 -6.3116671157059E-12  8.6401649331786E-12  1.3824000000000E+05
 87  6.5701250243496E-13  2.3030296235930E-12 -6.2298652197633E-12  8.7070887769219E-12  1.3824000000000E+05
 88  6.6452055784496E-13  2.3250563026325E-12 -6.1357375407002E-12  8.7757860617229E-12  1.3824000000000E+05
 89  6.7191256792643E-13  2.3464759612799E-12 -6.0322730748974E-12  8.8444560762118E-12  1.3824000000000E+05
 90  6.7921982751382E-13  2.3674747828378E-12 -5.8964890455971E-12  8.9051933862721E-12  1.3824000000000E+05
 91  6.8638958833168E-13  2.3882821799432E-12 -5.7538495872935E-12  8.9513157417442E-12  1.3824000000000E+05
 92  6.9331402593512E-13  2.4091027845624E-12 -5.5841130396225E-12  9.0050117035489E-12  1.3824000000000E+05
 93  6.9997560758947E-13  2.4301014515160E-12 -5.5321103780643E-12  9.0461135792422E-12  1.3824000000000E+05
 94  7.0642378945528E-13  2.4513828934313E-12 -5.6795076143696E-12  9.0703561768918E-12  1.3824000000000E+05
 95  7.1276704312562E-13  2.4730154129388E-12 -5.8380058687795E-12  9.1026303179756E-12  1.3824000000000E+05
 96  7.1920403037610E-13  2.4949566559089E-12 -5.9690520680790E-12  9.1238821946380E-12  1.3824000000000E+05
 97  7.2586540614627E-13  2.5169889866687E-12 -6.0922321964395E-12  9.1392519494088E-12  1.3824000000000E+05
 98  7.3276489152030E-13  2.5389332488784E-12 -6.1899809209987E-12  9.1494548327507E-12  1.3824000000000E+05
 99  7.3984885135655E-13  2.5607601451023E-12 -6.2625705344570E-12  9.1579038229462E-12  1.3824000000000E+05
100  7.4698645850024E-13  2.5825391062053E-12 -6.3212495634212E-12  9.1524730627948E-12  1.3824000000000E+05
101  7.5405220475734E-13  2.6044116625432E-12 -6.3653679705054E-12  9.1318624732719E-12  1.3824000000000E+05
102  7.6104973479930E-13  2.6265513069875E-12 -6.3983253679013E-12  9.1306090039375E-12  1.3824000000000E+05
103  7.6803883941770E-13  2.6491042765180E-12 -6.4413372442828E-12  9.2304850086685E-12  1.3824000000000E+05
104  7.7499678513524E-13  2.6720939340779E-12 -6.4422125061359E-12  9.3229562284883E-12  1.3824000000000E+05
105  7.8185804625566E-13  2.6954811688922E-12 -6.4415578624767E-12  9.4081074509434E-12  1.3824000000000E+05
106  7.8859430927123E-13  2.7190904148340E-12 -6.3992937171431E-12  9.4449500630763E-12  1.3824000000000E+05
107  7.9524336850425E-13  2.7426119201843E-12 -6.3413485186656E-12  9.4667229655774E-12  1.3824000000000E+05
108  8.0189026432973E-13  2.7658952377850E-12 -6.3577199046342E-12  9.4716353435101E-12  1.3824000000000E+05
109  8.0863830656844E-13  2.7888978511197E-12 -6.4676924716152E-12  9.4614849077519E-12  1.3824000000000E+05
110  8.1552269783922E-13  2.8116146506258E-12 -6.5620599456938E-12  9.5827060801004E-12  1.3824000000000E+05
111  8.2249017313648E-13  2.8341209850429E-12 -6.6373221242349E-12  9.6660757902788E-12  1.3824000000000E+05
112  8.2949237207633E-13  2.8564418229915E-12 -6.6923326122783E-12  9.7699503822601E-12  1.3824000000000E+05
113  8.3647881981500E-13  2.8785938816866E-12 -6.7309892795730E-12  9.8788338113552E-12  1.3824000000000E+05
114  8.4343943371514E-13  2.9006170368584E-12 -6.7402930145806E-12  9.9780184604211E-12  1.3824000000000E+05
115  8.5040749269901E-13  2.9225087714347E-12 -6.7314653906465E-12  1.0095037599264E-11  1.3824000000000E+05
116  8.5736212483956E-13  2.9443645500452E-12 -6.7068449872798E-12  1.0253809189868E-11  1.3824000000000E+05
117  8.6422074553155E-13  2.9663914273230E-12 -6.6660470646788E-12  1.0410790238373E-11  1.3824000000000E+05
118  8.7090234777205E-13  2.9888030227779E-12 -6.6155999751427E-12  1.0567835812753E-11  1.3824000000000E+05
119  8.7737243795954E-13  3.0117764609468E-12 -6.6232077828266E-12  1.0729590961529E-11  1.3824000000000E+05
120  8.8365791729232E-13  3.0355177482846E-12 -6.7926125997279E-12  1.0886846919497E-11  1.3824000000000E+05
121  8.8986292585526E-13  3.0601643123041E-12 -6.9562670822803E-12  1.1037311255364E-11  1.3824000000000E+05
122  8.9608822252210E-13  3.0856727882355E-12 -7.1012520962828E-12  1.1178294494315E-11  1.3824000000000E+05
123  9.0237154102045E-13  3.1119209070279E-12 -7.2177061546500E-12  1.1328158381132E-11  1.3824000000000E+05
124  9.0869914394268E-13  3.1388076668411E-12 -7.3255757166915E-12  1.1459818355602E-11  1.3824000000000E+05
125  9.1506684921025E-13  3.1662480082464E-12 -7.4032973726709E-12  1.1579165091768E-11  1.3824000000000E+05
126  9.2151468662494E-13  3.1941685866812E-12 -7.4415298746207E-12  1.1699544238673E-11  1.3824000000000E+05
127  9.2804773959350E-13  3.2226306032237E-12 -7.4576419653048E-12  1.1823747479737E-11  1.3824000000000E+05
128  9.3460077022389E-13  3.2517408185792E-12 -7.4491742672234E-12  1.1937401283370E-11  1.3824000000000E+05
129  9.4103583685093E-13  3.2815894675238E-12 -7.4525490786853E-12  1.2040528438199E-11  1.3824000000000E+05
130  9.4721537420812E-13  3.3123005572553E-12 -7.4435088381471E-12  1.2133540932508E-11  1.3824000000000E+05
131  9.5309361751340E-13  3.3438390147357E-12 -7.4310280013004E-12  1.2222912873643E-11  1.3824000000000E+05
132  9.5871628428400E-13  3.3761437385288E-12 -7.4486320568850E-12  1.2316244439010E-11  1.3824000000000E+05
133  9.6422397881017E-13  3.4092238135395E-12 -7.4539085851281E-12  1.2499635430829E-11  1.3824000000000E+05
134  9.6972392545233E-13  3.4429173895028E-12 -7.4500780441959E-12  1.2897945999449E-11  1.3824000000000E+05
135  9.7524978982219E-13  3.4770354387907E-12 -7.4331629850579E-12  1.3298437751247E-11  1.3824000000000E+05
136  9.8086560241535E-13  3.5115302613039E-12 -7.4100668295430E-12  1.3794807715052E-11  1.3824000000000E+05
137  9.8658346928434E-13  3.5464014667962E-12 -7.4286202569605E-12  1.4247062608554E-11  1.3824000000000E+05
138  9.9238996417335E-13  3.5816011516874E-12 -7.4947913765933E-12  1.4671630372230E-11  1.3824000000000E+05
139  9.9835003333811E-13  3.6171558923994E-12 -7.5718772367140E-12  1.5150662516768E-11  1.3824000000000E+05
140  1.0044950025914E-12  3.6531050448829E-12 -7.6473957257186E-12  1.5616282376854E-11  1.3824000000000E+05
141  1.0107431158685E-12  3.6892659308788E-12 -7.7409735822207E-12  1.6042113866430E-11  1.3824000000000E+05
142  1.0169333118754E-12  3.7254390329342E-12 -7.8269743730678E-12  1.6472008146753E-11  1.3824000000000E+05
143  1.0229506133735E-12  3.7615869764752E-12 -7.9109602719197E-12  1.6934874960971E-11  1.3824000000000E+05
144  1.0288047886237E-12  3.7976901947719E-12 -7.9954781987572E-12  1.7407794157616E-11  1.3824000000000E+05
145  1.0345801448267E-12  3.8337925468633E-12 -8.0972611044601E-12  1.7810416161268E-11  1.3824000000000E+05
146  1.0403683697292E-12  3.8700158093035E-12 -8.1862211078289E-12  1.8274782800073E-11  1.3824000000000E+05
147  1.0461875868339E-12  3.9063116251303E-12 -8.2372627795378E-12  1.8708121642337E-11  1.3824000000000E+05
148  1.0520100175232E-12  3.9425397238574E-12 -8.2823064852131E-12  1.9133674748578E-11  1.3824000000000E+05
149  1.0578348217528E-12  3.9786352179181E-12 -8.3216208621664E-12  1.9502252936423E-11  1.3824000000000E+05
150  1.0636832826729E-12  4.0144408121538E-12 -8.4391185038062E-12  1.9889077024139E-11  1.3824000000000E+05
151  1.0695928640816E-12  4.0498114314123E-12 -8.6933999549419E-12  2.0287342424260E-11  1.3824000000000E+05
152  1.0756071806782E-12  4.0847931781184E-12 -8.9187062930887E-12  2.0686534122947E-11  1.3824000000000E+05
153  1.0817064250164E-12  4.1194175237344E-12 -9.1105956320766E-12  2.1072016343997E-11  1.3824000000000E+05
154  1.0878425077730E-12  4.1536686150063E-12 -9.3243972281248E-12  2.1425970327513E-11  1.3824000000000E+05
155  1.0939753601563E-12  4.1875926797819E-12 -9.5280386794927E-12  2.1772324247107E-11  1.3824000000000E+05
156  1.0999721172410E-12  4.2211143373364E-12 -9.7182516347359E-12  2.2133070640958E-11  1.3824000000000E+05
157  1.1057506962987E-12  4.2540550848725E-12 -9.8966471001952E-12  2.2449065663783E-11  1.3824000000000E+05
158  1.1114086227652E-12  4.2864736843889E-12 -1.0056428504957E-11  2.2693412179151E-11  1.3824000000000E+05
159  1.1169857150347E-12  4.3184511285723E-12 -1.0226054015977E-11  2.2983855348598E-11  1.3824000000000E+05
160  1.1224274376958E-12  4.3497985596754E-12 -1.0388768889456E-11  2.3232649597474E-11  1.3824000000000E+05
161  1.1278039707777E-12  4.3805141556160E-12 -1.0541091935830E-11  2.3470365016526E-11  1.3824000000000E+05
162  1.1332374386803E-12  4.4107815299786E-12 -1.0662312829729E-11  2.3712318389191E-11  1.3824000000000E+05
163  1.1388120704222E-12  4.4407584215529E-12 -1.0765365506242E-11  2.3983648962446E-11  1.3824000000000E+05
164  1.1446169930031E-12  4.4706878544937E-12 -1.0879645923018E-11  2.4257496142156E-11  1.3824000000000E+05
165  1.1506004402923E-12  4.5006954610746E-12 -1.1006129111736E-11  2.4579325166231E-11  1.3824000000000E+05
166  1.1566123030594E-12  4.5308110862778E-12 -1.1117531099392E-11  2.4953991553795E-11  1.3824000000000E+05
167  1.1626137672677E-12  4.5610566997616E-12 -1.1213101366197E-11  2.5323667194536E-11  1.3824000000000E+05
168  1.1685874507609E-12  4.5913199778224E-12 -1.1324993020980E-11  2.5699755535520E-11  1.3824000000000E+05
169  1.1744395294632E-12  4.6214300732557E-12 -1.1455342894318E-11  2.6118702443519E-11  1.3824000000000E+05
170  1.1801700605995E-12  4.6513463245681E-12 -1.1578168159054E-11  2.6567157076107E-11  1.3824000000000E+05
171  1.1858432134226E-12  4.6812847392704E-12 -1.1706084100417E-11  2.7003394554631E-11  1.3824000000000E+05
172  1.1914841683873E-12  4.7114264447633E-12 -1.1833392374092E-11  2.7474490645856E-11  1.3824000000000E+05
173  1.1971168403273E-12  4.7417547782285E-12 -1.1945130996045E-11  2.8008587776461E-11  1.3824000000000E+05
174  1.2027472317200E-12  4.7722584353846E-12 -1.2050393203373E-11  2.8541143962662E-11  1.3824000000000E+05
175  1.2083878672121E-12  4.8029963628364E-12 -1.2160622569209E-11  2.9082195018098E-11  1.3824000000000E+05
176  1.2140330938437E-12  4.8340809645641E-12 -1.2249491371504E-11  2.9645993640444E-11  1.3824000000000E+05
177  1.2196438702020E-12  4.8655744967873E-12 -1.2336454479646E-11  3.0258124657483E-11  1.3824000000000E+05
178  1.2251266580370E-12  4.8973772505423E-12 -1.2443476056051E-11  3.0889657442693E-11  1.3824000000000E+05
179  1.2303717111946E-12  4.9293331964711E-12 -1.2554046336557E-11  3.1514261410884E-11  1.3824000000000E+05
180  1.2353827988521E-12  4.9613468623625E-12 -1.2642097648450E-11  3.2173666741881E-11  1.3824000000000E+05
181  1.2401772810806E-12  4.9932524030073E-12 -1.2705685662596E-11  3.2812485148384E-11  1.3824000000000E+05
182  1.2446926637172E-12  5.0247505864647E-12 -1.2778628228215E-11  3.3373477751062E-11  1.3824000000000E+05
183  1.2488286844523E-12  5.0556127181926E-12 -1.2829472777021E-11  3.3936161360692E-11  1.3824000000000E+05
184  1.2524610384475E-12  5.0855679102423E-12 -1.2868604519301E-11  3.4473227493665E-11  1.3824000000000E+05
185  1.2555304584196E-12  5.1143433331184E-12 -1.2923499591811E-11  3.4953873221610E-11  1.3824000000000E+05
186  1.2580741170686E-12  5.1418185482933E-12 -1.2980183354126E-11  3.5390415711467E-11  1.3824000000000E+05
187  1.2601457130739E-12  5.1678308616823E-12 -1.3026369604712E-11  3.5810820976680E-11  1.3824000000000E+05
188  1.2617978097672E-12  5.1922238922421E-12 -1.3066400588860E-11  3.6216565167746E-11  1.3824000000000E+05
189  1.2631470731608E-12  5.2150091566102E-12 -1.3129436452763E-11  3.6554735492226E-11  1.3824000000000E+05
190  1.2643381525276E-12  5.2362618452191E-12 -1.3183732440297E-11  3.6869560531490E-11  1.3824000000000E+05
191  1.2654357302776E-12  5.2558742730867E-12 -1.3228266290409E-11  3.7162787758741E-11  1.3824000000000E+05
192  1.2664030151830E-12  5.2735234984190E-12 -1.3278359077455E-11  3.7399126248180E-11  1.3824000000000E+05
193  1.2672213863634E-12  5.2888366605510E-12 -1.3342216122625E-11  3.7610840677627E-11  1.3824000000000E+05
194  1.2679177158822E-12  5.3016489698162E-12 -1.3366872585371E-11  3.7800605128143E-11  1.3824000000000E+05
195  1.2684628411285E-12  5.3120367853486E-12 -1.3368410391173E-11  3.7960374306849E-11  1.3824000000000E+05
196  1.2688407940953E-12  5.3199232756958E-12 -1.3365640534695E-11  3.8075823966018E-11  1.3824000000000E+05
197  1.2690338019207E-12  5.3250796332714E-12 -1.3361961556790E-11  3.8170672739239E-11  1.3824000000000E+05
198  1.2690626017296E-12  5.3275476884911E-12 -1.3362331362151E-11  3.8243055645662E-11  1.3824000000000E+05
 
 field : ETAN     ; Iter =      1200 ; region #   0 ; nb.Lev =   1
 k | --   Average    -- | --   Std.Dev    -- | --     min      -- | --     max      -- | --    Vol
  0  4.0157559291507E-12  2.2048806293448E-12 -3.6805434105513E-13  7.5644681644666E-12  6.9120000000000E+04
 
 field : UVEL     ; Iter =      1200 ; region #   0 ; nb.Lev = 198
 k | --   Average    -- | --   Std.Dev    -- | --     min      -- | --     max      -- | --    Vol
  0  9.3404932231581E-25  6.3346793258507E-13 -3.4110122192361E-12  2.9073823881775E-12  2.7371520000000E+07
  1  3.7642521426179E-22  1.3458550112362E-12 -3.4110122192361E-12  2.9073823881775E-12  1.3824000000000E+05
  2 -2.9610545343504E-22  8.4707681910577E-13 -2.2743516660282E-12  1.7368687301978E-12  1.3824000000000E+05
  3 -1.2035132511769E-21  4.5963057550051E-13 -1.5626919401317E-12  8.7820290264652E-13  1.3824000000000E+05
  4 -5.4787629608675E-22  9.2694025805033E-13 -1.9010957111552E-12  2.4347212166246E-12  1.3824000000000E+05
  5  8.4188195490999E-22  3.2839556555367E-13 -9.2211703749695E-13  6.1632632027047E-13  1.3824000000000E+05
  6  9.8176789525413E-22  8.6609654674449E-13 -2.0369383619826E-12  2.1117039133783E-12  1.3824000000000E+05
  7 -2.4887972304000E-23  5.6323882199543E-13 -1.1784973654844E-12  1.7596338162770E-12  1.3824000000000E+05
  8 -9.5346353307638E-23  6.6733666624673E-13 -1.5501296350488E-12  1.8231205047873E-12  1.3824000000000E+05
  9  7.9630584666402E-22  8.6769677076937E-13 -2.2737733842722E-12  1.8644069067773E-12  1.3824000000000E+05
 10  1.0203186567226E-21  5.2227275393833E-13 -1.3186100775014E-12  1.1316192019542E-12  1.3824000000000E+05
 11  1.3955750442590E-22  9.0996499708008E-13 -2.3118470987344E-12  2.2151821720363E-12  1.3824000000000E+05
 12 -6.0061693755336E-22  2.7589321411519E-13 -5.6392673708596E-13  7.5049354881858E-13  1.3824000000000E+05
 13 -5.0968450464246E-22  7.9152682845166E-13 -1.8674779194496E-12  2.0555472515809E-12  1.3824000000000E+05
 14 -1.2536924832464E-22  4.8384012708897E-13 -1.3291205862966E-12  1.0926883727730E-12  1.3824000000000E+05
 15  4.7081340356891E-23  6.6827719705002E-13 -2.0552108085610E-12  1.4462363321948E-12  1.3824000000000E+05
 16 -6.0084385655659E-23  7.0775139148353E-13 -2.0588815796152E-12  1.7003377910705E-12  1.3824000000000E+05
 17 -2.6047888556214E-22  4.6010990377398E-13 -1.0926470529131E-12  1.3896809071275E-12  1.3824000000000E+05
 18 -2.5679853215359E-22  7.8670135690389E-13 -1.7092374270997E-12  1.9793300643929E-12  1.3824000000000E+05
 19  1.7259452701353E-22  4.5656883104513E-13 -1.1996765473193E-12  9.0867952502629E-13  1.3824000000000E+05
 20  7.0891526165519E-22  7.5943935820352E-13 -1.6056684874228E-12  1.6504459954805E-12  1.3824000000000E+05
 21  6.1236698339100E-22  4.6302651699056E-13 -8.2926384237644E-13  1.2766936419804E-12  1.3824000000000E+05
 22  4.0242054108017E-23  5.9432571550288E-13 -1.3496373334817E-12  1.3178636289331E-12  1.3824000000000E+05
 23 -1.3656338860421E-22  6.6605510616306E-13 -1.6442127836224E-12  1.2427364266169E-12  1.3824000000000E+05
 24  1.5431348993458E-22  4.2439863126024E-13 -1.1280360995449E-12  6.9700953260460E-13  1.3824000000000E+05
 25  2.5829462420359E-22  6.9348903005493E-13 -1.3192794820382E-12  1.5196156931646E-12  1.3824000000000E+05
 26 -1.0376072369073E-22  3.4652921511301E-13 -8.0750660141893E-13  8.7206683458195E-13  1.3824000000000E+05
 27 -4.5705340518745E-22  7.0885568184346E-13 -1.5602364844502E-12  1.6397696183579E-12  1.3824000000000E+05
 28 -4.7365449574901E-22  4.5789337979736E-13 -1.1878925311096E-12  8.2757532446926E-13  1.3824000000000E+05
 29 -1.4685540530487E-22  6.1024621647814E-13 -1.4017624672590E-12  1.6890305029206E-12  1.3824000000000E+05
 30  2.9891164095094E-22  6.1925660836861E-13 -1.2901188496280E-12  1.5044905558785E-12  1.3824000000000E+05
 31  4.6573606933231E-22  4.1689788294612E-13 -1.0891235913065E-12  1.2990285908636E-12  1.3824000000000E+05
 32 -4.8231308804293E-24  6.8615640792962E-13 -1.6988613557442E-12  1.4393140765457E-12  1.3824000000000E+05
 33 -3.7895253881661E-22  3.2015254542257E-13 -7.1867078489765E-13  7.5150410551862E-13  1.3824000000000E+05
 34  1.1285033186019E-22  7.2003899804899E-13 -1.6196978068097E-12  1.5632082029294E-12  1.3824000000000E+05
 35  6.2065654383385E-22  4.5527380779182E-13 -8.2808805111093E-13  1.2518801089994E-12  1.3824000000000E+05
 36  2.4054538479872E-22  5.5733898552426E-13 -1.2689054253272E-12  1.3232018743073E-12  1.3824000000000E+05
 37 -2.7115659750631E-22  6.0585834804641E-13 -1.7432692593486E-12  1.0335890366693E-12  1.3824000000000E+05
 38 -9.6051512415759E-23  4.4468840048740E-13 -9.8693653736793E-13  1.0438970357453E-12  1.3824000000000E+05
 39  2.1001661374099E-22  6.9738785022048E-13 -1.1855951475254E-12  1.5794209215813E-12  1.3824000000000E+05
 40  1.9736054010029E-22  3.7535266016816E-13 -7.5188304792239E-13  9.4977595790651E-13  1.3824000000000E+05
 41 -7.5334300054201E-23  6.9828992506716E-13 -1.4769198250306E-12  1.2909182692590E-12  1.3824000000000E+05
 42 -2.1546552629847E-22  4.6640645197372E-13 -1.0114889954208E-12  9.5530611465697E-13  1.3824000000000E+05
 43 -7.5317157282809E-23  5.8016371853803E-13 -1.4097334674947E-12  1.5630484764025E-12  1.3824000000000E+05
 44  6.1262404042813E-22  5.6457782147665E-13 -1.0075740846219E-12  1.6151090308393E-12  1.3824000000000E+05
 45  7.0161200165258E-22  5.3208631062960E-13 -1.3222183240143E-12  1.4331441205678E-12  1.3824000000000E+05
 46 -1.6947738944831E-22  6.4380047113356E-13 -1.4661891003581E-12  1.1029632485200E-12  1.3824000000000E+05
 47 -5.5846916860619E-22  4.2474706858750E-13 -9.4972822633006E-13  1.0716543551944E-12  1.3824000000000E+05
 48  3.9969016088845E-22  7.0314698111493E-13 -1.4284280308372E-12  1.6130888502037E-12  1.3824000000000E+05
 49  8.9142691322061E-22  4.7332185029898E-13 -8.0834458273202E-13  1.1508290368769E-12  1.3824000000000E+05
 50  1.5628492347669E-22  6.5474678428780E-13 -1.3309447578972E-12  1.6254876227867E-12  1.3824000000000E+05
 51 -6.2903033180057E-22  5.4415302686346E-13 -1.2614312668215E-12  1.1340599700332E-12  1.3824000000000E+05
 52 -1.9962314066931E-22  6.5251326324779E-13 -1.6645587769014E-12  1.6939196209871E-12  1.3824000000000E+05
 53  2.8630878935894E-22  6.3033146648311E-13 -1.4642326735749E-12  1.2235552117663E-12  1.3824000000000E+05
 54  3.5246773442450E-22  4.0571327798199E-13 -9.6518083726799E-13  1.0448619712539E-12  1.3824000000000E+05
 55  4.7559646626395E-23  7.6567603829896E-13 -1.3257442771096E-12  1.4856745708645E-12  1.3824000000000E+05
 56 -1.1688520968924E-22  4.1306944512724E-13 -9.8424568023168E-13  8.9871727314198E-13  1.3824000000000E+05
 57 -1.9541599514578E-22  7.5162029327069E-13 -1.5992633641041E-12  1.8071258655366E-12  1.3824000000000E+05
 58  1.4011029263977E-22  5.0739500881894E-13 -8.8323790858566E-13  1.3097789226249E-12  1.3824000000000E+05
 59  3.3804848661438E-22  6.7052755689620E-13 -1.8076314937024E-12  1.4084216194132E-12  1.3824000000000E+05
 60  2.2045516378565E-22  6.3777695083051E-13 -1.6379529819835E-12  1.0964998854755E-12  1.3824000000000E+05
 61 -1.5590676982488E-22  4.7516559763868E-13 -1.1621509214612E-12  1.0518809572367E-12  1.3824000000000E+05
 62  2.0010837858362E-22  8.3264162738644E-13 -1.7178827177789E-12  1.5936309110616E-12  1.3824000000000E+05
 63  1.2563434712086E-22  3.2872521398900E-13 -7.9753384058381E-13  8.2864303904632E-13  1.3824000000000E+05
 64 -3.5031814567017E-22  7.9075347838775E-13 -1.4563466851971E-12  1.5845158176979E-12  1.3824000000000E+05
 65 -4.9142545013506E-22  4.5372596427122E-13 -8.6116907394247E-13  1.1625325142307E-12  1.3824000000000E+05
 66  8.5555556264735E-23  6.9415025096532E-13 -1.8068289453400E-12  1.7237191715210E-12  1.3824000000000E+05
 67  3.3903001859739E-22  7.0854687206293E-13 -1.4581111401732E-12  1.3366843505958E-12  1.3824000000000E+05
 68 -1.0266964770387E-23  5.3100753765864E-13 -1.5034082843296E-12  1.4246855148926E-12  1.3824000000000E+05
 69 -3.5524385636474E-22  7.8371635240779E-13 -1.4335365591539E-12  1.5440391021479E-12  1.3824000000000E+05
 70 -1.9631824003397E-23  3.0741387483821E-13 -6.8608080892763E-13  7.7170641837612E-13  1.3824000000000E+05
 71  2.4191765280004E-22  8.5314500937219E-13 -1.8123829280750E-12  1.6157245741481E-12  1.3824000000000E+05
 72  1.8958132799287E-22  4.2714788170618E-13 -9.3817055820279E-13  9.7662920810360E-13  1.3824000000000E+05
 73 -1.2557345506737E-22  7.8195802467370E-13 -1.6001363502091E-12  1.9204938731358E-12  1.3824000000000E+05
 74 -3.2699740705467E-22  6.2125002892850E-13 -1.1359677061677E-12  1.2283007087309E-12  1.3824000000000E+05
 75 -8.1543699341289E-23  5.3605507800039E-13 -1.2686137054765E-12  1.2540132413270E-12  1.3824000000000E+05
 76  5.3233922307169E-22  7.7753903029480E-13 -1.6110490783592E-12  1.5197687211084E-12  1.3824000000000E+05
 77  2.1651210628648E-22  2.7718220687150E-13 -6.9497374735456E-13  8.4176958027236E-13  1.3824000000000E+05
 78 -5.1283225509312E-22  8.5187738969713E-13 -1.6091672453853E-12  1.5951085237894E-12  1.3824000000000E+05
 79 -4.5506272472042E-22  3.4489297603909E-13 -1.2049877644741E-12  5.8095047609624E-13  1.3824000000000E+05
 80  4.4932281035049E-22  7.6498330831601E-13 -1.4631687574432E-12  1.5218283381640E-12  1.3824000000000E+05
 81  6.6273986888922E-22  5.6697833363170E-13 -1.4324687957367E-12  1.2705586457216E-12  1.3824000000000E+05
 82  3.7862068633887E-23  5.3491027377084E-13 -1.2548546185776E-12  9.8790049737083E-13  1.3824000000000E+05
 83 -6.1056880643310E-22  8.3386304480327E-13 -1.4776865174673E-12  2.0199283334648E-12  1.3824000000000E+05
 84 -1.8085262421053E-22  3.2625388069073E-13 -7.9039825214220E-13  9.8252663493463E-13  1.3824000000000E+05
 85  4.6847191424985E-22  8.4667335498401E-13 -2.1282996840060E-12  1.5272742801893E-12  1.3824000000000E+05
 86  4.5541821446855E-22  4.4706859417877E-13 -1.3532996650373E-12  9.7306011425906E-13  1.3824000000000E+05
 87  1.2889555918133E-23  7.5734390256684E-13 -1.3663882899264E-12  1.9741767603186E-12  1.3824000000000E+05
 88 -3.9346351733863E-22  6.0017422559776E-13 -1.0064703298034E-12  1.6030004419194E-12  1.3824000000000E+05
 89 -2.1106694072335E-22  6.4884330630213E-13 -1.3124170904366E-12  1.3248818147146E-12  1.3824000000000E+05
 90  2.2967949483593E-22  7.3067247734812E-13 -1.6841548271506E-12  1.5744674901247E-12  1.3824000000000E+05
 91  2.1153304471178E-22  4.9995847687835E-13 -9.2339479260160E-13  1.3099340852848E-12  1.3824000000000E+05
 92 -3.8939400449118E-22  8.0315624374166E-13 -1.9739546687298E-12  1.9310627547116E-12  1.3824000000000E+05
 93 -6.1973499364599E-22  4.6199309515752E-13 -1.0754638369660E-12  8.7248011726255E-13  1.3824000000000E+05
 94 -3.8624281735922E-23  7.7770666393824E-13 -1.3468953718603E-12  2.2338472659732E-12  1.3824000000000E+05
 95  4.1941156871926E-22  5.5361679318333E-13 -1.3152361394451E-12  1.3332546049632E-12  1.3824000000000E+05
 96  1.3661884289632E-22  7.5302932340612E-13 -1.7275435506606E-12  1.4975648698170E-12  1.3824000000000E+05
 97 -3.4009958014147E-22  6.8927857105563E-13 -1.2994984146873E-12  1.8728600949071E-12  1.3824000000000E+05
 98 -3.3471005958341E-22  6.0552559227414E-13 -1.1508318864033E-12  1.3062104015937E-12  1.3824000000000E+05
 99  2.6261144886868E-22  7.4934960087145E-13 -1.9106552211870E-12  1.3341869306922E-12  1.3824000000000E+05
100  6.9790912462391E-22  5.8200114923947E-13 -1.0799942242270E-12  1.2310074130212E-12  1.3824000000000E+05
101  4.6368794988972E-22  8.1497357384605E-13 -1.5870835150017E-12  1.9699908440303E-12  1.3824000000000E+05
102 -1.8714515853322E-22  5.2220053263526E-13 -9.5079360068289E-13  1.2764056373759E-12  1.3824000000000E+05
103 -5.0344674749019E-23  7.9731516487984E-13 -1.8372012165653E-12  1.6540394315821E-12  1.3824000000000E+05
104  6.9549645641970E-22  6.6243888109393E-13 -1.7182281267942E-12  1.1784545477012E-12  1.3824000000000E+05
105  5.8674210393118E-22  6.8844611480448E-13 -1.2549040346270E-12  1.6787611488813E-12  1.3824000000000E+05
106 -5.9677072968899E-22  7.3541385464908E-13 -1.9015188755968E-12  1.8237206544657E-12  1.3824000000000E+05
107 -8.3473228494526E-22  6.5971338028655E-13 -1.4488681847666E-12  1.4146722699071E-12  1.3824000000000E+05
108  1.9890214983863E-24  8.8703549935842E-13 -1.6535327119331E-12  1.9630209881799E-12  1.3824000000000E+05
109  5.7643830535498E-22  5.4729718429100E-13 -1.3291278712986E-12  9.5903329938668E-13  1.3824000000000E+05
110  3.6959302852071E-23  9.4490095346212E-13 -2.0144715017347E-12  1.7448329393118E-12  1.3824000000000E+05
111 -6.5428112639498E-22  6.6099984616724E-13 -1.5444757108246E-12  1.5656835606124E-12  1.3824000000000E+05
112 -5.7216716619601E-22  7.7157252220735E-13 -1.6798509480075E-12  1.4750789847095E-12  1.3824000000000E+05
113  2.3317246502406E-22  8.2992564161592E-13 -1.9505150458338E-12  1.8075119767324E-12  1.3824000000000E+05
114  8.9502787196002E-22  7.1807660759655E-13 -1.3401857518902E-12  1.6495900235205E-12  1.3824000000000E+05
115  3.4554416092932E-22  8.7626339455746E-13 -2.1222577901508E-12  1.8452374755727E-12  1.3824000000000E+05
116 -8.5950180168884E-22  5.5833457745013E-13 -1.3526206738004E-12  1.3499393613224E-12  1.3824000000000E+05
117 -6.0070374081518E-22  9.0374363483309E-13 -1.9133941050028E-12  1.7495466926436E-12  1.3824000000000E+05
118  7.1660298420717E-22  6.6075881666672E-13 -1.3466507787468E-12  1.5215951588816E-12  1.3824000000000E+05
119  7.1837865901402E-22  7.1373502235318E-13 -1.7575822699290E-12  1.6045249875263E-12  1.3824000000000E+05
120 -7.8438497337681E-22  7.6944505227893E-13 -1.6325632249690E-12  1.4760332155052E-12  1.3824000000000E+05
121 -9.9674506892128E-22  6.1741751545445E-13 -1.1564646067864E-12  1.6159748202540E-12  1.3824000000000E+05
122  1.7109181264423E-22  7.8633442762412E-13 -1.5563633838526E-12  2.0040964070894E-12  1.3824000000000E+05
123  8.4961497657234E-22  5.4162642924606E-13 -1.4115246636738E-12  1.0758856231886E-12  1.3824000000000E+05
124  1.1751682149394E-22  8.0890484095797E-13 -2.0150773686989E-12  1.6514482065655E-12  1.3824000000000E+05
125 -5.1966294019871E-22  6.8138189254488E-13 -1.8058252886307E-12  1.6087660721016E-12  1.3824000000000E+05
126 -1.7267347344169E-22  8.1547453532038E-13 -1.6843587600530E-12  1.7833714125039E-12  1.3824000000000E+05
127  5.1175579400210E-22  7.3845077932166E-13 -2.0346643426168E-12  2.2519224243212E-12  1.3824000000000E+05
128  2.8216921864499E-22  7.0284630731076E-13 -1.3967898747209E-12  1.3753573007424E-12  1.3824000000000E+05
129 -3.1682591322432E-22  8.4825484345458E-13 -2.5173144824318E-12  1.7251658457062E-12  1.3824000000000E+05
130 -7.7238086375843E-22  5.5924055180571E-13 -1.0579354001119E-12  1.3074735132302E-12  1.3824000000000E+05
131 -4.4601025054192E-22  8.7063663336252E-13 -1.8151677790609E-12  1.6758941931818E-12  1.3824000000000E+05
132  3.4364047938243E-22  6.6624111341850E-13 -1.2977379248703E-12  1.8002267677415E-12  1.3824000000000E+05
133  4.3441750905319E-22  6.8654179152117E-13 -1.5628088728370E-12  1.4664984661451E-12  1.3824000000000E+05
134 -4.7987939812212E-22  7.7035256058762E-13 -1.8111829702676E-12  1.5266937702800E-12  1.3824000000000E+05
135 -6.6666825746726E-22  6.1492971039282E-13 -1.2862349607152E-12  1.4453342521696E-12  1.3824000000000E+05
136  2.2872343175900E-22  8.1206626869474E-13 -1.3739298648154E-12  1.6908961548992E-12  1.3824000000000E+05
137  7.9023097489489E-22  6.4622919764685E-13 -1.6029741679282E-12  1.3935301600035E-12  1.3824000000000E+05
138  1.2032614300813E-25  8.1060732273099E-13 -1.4764460764653E-12  1.4389643294504E-12  1.3824000000000E+05
139 -4.7172956899466E-22  6.3791869722991E-13 -1.7302902951556E-12  1.3645441408052E-12  1.3824000000000E+05
140  5.7094696455950E-23  6.5229952421141E-13 -1.1983673543475E-12  1.7653223034564E-12  1.3824000000000E+05
141  1.0426875091424E-22  8.1039514820374E-13 -1.5973113695364E-12  1.8799268879729E-12  1.3824000000000E+05
142 -6.1221518418735E-22  5.4851329006438E-13 -1.2529649946019E-12  1.0825852884564E-12  1.3824000000000E+05
143 -5.4584815000917E-22  8.5890767846999E-13 -2.4302520311611E-12  1.5251887929018E-12  1.3824000000000E+05
144  1.3523627022703E-22  4.7819191527761E-13 -1.0975834770026E-12  1.1029925580144E-12  1.3824000000000E+05
145  2.6053511357486E-22  7.5555772380683E-13 -1.8141267249061E-12  1.7053506752637E-12  1.3824000000000E+05
146 -2.2574694706035E-22  5.9999580626364E-13 -1.0391262862967E-12  1.8363448605989E-12  1.3824000000000E+05
147 -6.3261077178410E-22  6.1661576674875E-13 -1.3279613688098E-12  1.5951894079356E-12  1.3824000000000E+05
148 -1.4652655209383E-22  7.7820989779394E-13 -2.4624892950141E-12  1.3913439516474E-12  1.3824000000000E+05
149  6.9798215301861E-22  5.4989313707659E-13 -1.6199206855663E-12  1.0798104534894E-12  1.3824000000000E+05
150  9.2523521334134E-22  6.4676572677501E-13 -1.4378508506882E-12  1.8597185841033E-12  1.3824000000000E+05
151  9.8322223062918E-23  5.2487834118079E-13 -9.2012047352648E-13  1.3922712128725E-12  1.3824000000000E+05
152 -8.9594610389054E-22  6.7115690357279E-13 -1.5719827335968E-12  1.7119408520231E-12  1.3824000000000E+05
153 -5.8496656531076E-23  5.8044837281517E-13 -1.2745742641329E-12  1.3234218898427E-12  1.3824000000000E+05
154  9.8180302128338E-22  6.3649814799508E-13 -1.5793222945847E-12  1.2691471478348E-12  1.3824000000000E+05
155  7.0483966129377E-23  6.8172569493467E-13 -1.4667783724061E-12  1.4496047827242E-12  1.3824000000000E+05
156 -1.7650802326096E-21  5.5266034067270E-13 -1.0269322819989E-12  1.0475664925716E-12  1.3824000000000E+05
157 -1.6438501035161E-21  6.6560737455049E-13 -1.3699263469478E-12  1.6112979585919E-12  1.3824000000000E+05
158 -7.0057287381879E-23  5.6947769112913E-13 -1.3132607040299E-12  1.2452723529675E-12  1.3824000000000E+05
159  6.9813958846091E-22  6.9757693624164E-13 -1.4975584084762E-12  1.9768662639921E-12  1.3824000000000E+05
160  1.3901842434732E-22  6.0440476377679E-13 -1.2447361468859E-12  1.3789037637501E-12  1.3824000000000E+05
161 -6.7978692873990E-22  6.0782073978240E-13 -1.3089437142235E-12  1.8423802515102E-12  1.3824000000000E+05
162 -2.6471988020138E-22  7.3127692530403E-13 -1.9585465948739E-12  1.2753125919600E-12  1.3824000000000E+05
163  1.1346211767398E-21  6.0104530274108E-13 -1.8134289418991E-12  1.1196108799099E-12  1.3824000000000E+05
164  1.6630661273041E-21  7.6754749364062E-13 -1.2749455098970E-12  2.1385951086929E-12  1.3824000000000E+05
165  7.7641705565498E-23  6.4897503286549E-13 -1.0753506917909E-12  2.0536376344255E-12  1.3824000000000E+05
166 -1.0729609509995E-21  5.8878768560668E-13 -1.7633048014274E-12  1.1456268568258E-12  1.3824000000000E+05
167  8.3863259536775E-23  5.7153628233511E-13 -1.9426642475080E-12  1.0073028405917E-12  1.3824000000000E+05
168  1.2163236077639E-21  4.9748528532714E-13 -8.6933898786982E-13  1.3598806109918E-12  1.3824000000000E+05
169 -2.2566351021825E-22  7.2472800354575E-13 -1.4852214401423E-12  1.6943257117998E-12  1.3824000000000E+05
170 -2.2003300896218E-21  4.8305116508558E-13 -1.0745373920314E-12  1.0524637245606E-12  1.3824000000000E+05
171 -1.5069246364397E-21  5.8413130469412E-13 -1.2087062518538E-12  1.4636762233944E-12  1.3824000000000E+05
172  1.1369232405790E-21  4.8393030950667E-13 -1.1653315296468E-12  1.0577460159539E-12  1.3824000000000E+05
173  1.7524991047101E-21  4.8384462048948E-13 -1.1795821711092E-12  9.3875041126476E-13  1.3824000000000E+05
174  3.6907777730054E-24  5.5940926913277E-13 -1.0122517103648E-12  1.5291128043781E-12  1.3824000000000E+05
175 -1.3570257750933E-21  4.0273546772859E-13 -8.7472412642966E-13  1.1166763839443E-12  1.3824000000000E+05
176 -1.0953475981838E-22  5.5025062929226E-13 -1.3708093923362E-12  1.0952476564788E-12  1.3824000000000E+05
177  2.2484156577152E-21  2.9271083442405E-13 -1.0215410731261E-12  6.1987365799331E-13  1.3824000000000E+05
178  2.0753495759972E-21  4.9570763746329E-13 -8.7704967045890E-13  1.2795845731045E-12  1.3824000000000E+05
179 -5.8349188324830E-22  4.1822275338994E-13 -7.2569180073397E-13  1.4358920420314E-12  1.3824000000000E+05
180 -2.1348992972919E-21  4.2060867954360E-13 -8.2516131274497E-13  1.1048753794114E-12  1.3824000000000E+05
181 -6.8870125804955E-22  5.1130697528438E-13 -1.4477611704694E-12  1.0496922962413E-12  1.3824000000000E+05
182  1.3016098375537E-21  3.1633652817148E-13 -7.3050574506231E-13  6.5365473625753E-13  1.3824000000000E+05
183  5.6345558771618E-22  4.6815881153541E-13 -1.0906155221573E-12  9.0795548085409E-13  1.3824000000000E+05
184 -1.7506355035922E-21  4.2692909074244E-13 -1.0877886290612E-12  8.2487859934414E-13  1.3824000000000E+05
185 -1.7890309819796E-21  3.9665110162010E-13 -6.8425348641095E-13  8.9220728973671E-13  1.3824000000000E+05
186  6.3699273563922E-22  4.2994636494509E-13 -1.2109538007599E-12  8.9699147898403E-13  1.3824000000000E+05
187  1.7778829092749E-21  3.3678390622418E-13 -1.0259081414154E-12  7.2523235866762E-13  1.3824000000000E+05
188  2.9189154938369E-22  3.9922622059779E-13 -7.3174012984491E-13  1.1234281548565E-12  1.3824000000000E+05
189 -1.4739293792994E-21  3.6740050564061E-13 -7.1990120539822E-13  1.0641319210094E-12  1.3824000000000E+05
190 -7.9906486413983E-22  4.2396238676914E-13 -1.2152786866717E-12  8.3721900374460E-13  1.3824000000000E+05
191  1.0692691450884E-21  3.8497254040247E-13 -8.9423999461023E-13  9.0437838629733E-13  1.3824000000000E+05
192  1.2498556757002E-21  3.6969966431738E-13 -9.6091948951548E-13  8.7449059428201E-13  1.3824000000000E+05
193 -5.3658074102810E-22  4.2823083471865E-13 -1.2126075251621E-12  1.2207617868124E-12  1.3824000000000E+05
194 -1.6882388656752E-21  2.9787737400388E-13 -7.6393630493327E-13  6.6837610085980E-13  1.3824000000000E+05
195 -3.6689134563517E-22  4.0440693973059E-13 -1.0705154572775E-12  9.1009942295480E-13  1.3824000000000E+05
196  1.2839422906639E-21  2.9169616925013E-13 -6.8966704689453E-13  6.9764995920069E-13  1.3824000000000E+05
197  4.8239900992836E-22  3.7966810334169E-13 -6.4138505547081E-13  8.5358290685738E-13  1.3824000000000E+05
198 -1.3547038249239E-21  3.1335694936615E-13 -7.1017204765245E-13  8.0099048715256E-13  1.3824000000000E+05
 
 field : VVEL     ; Iter =      1200 ; region #   0 ; nb.Lev = 198
 k | --   Average    -- | --   Std.Dev    -- | --     min      -- | --     max      -- | --    Vol
  0  1.2946769755390E-25  5.8880802537711E-13 -3.3139890068607E-12  3.8723854056018E-12  2.7371520000000E+07
  1  3.7623032712179E-24  1.3831041861612E-12 -3.3139890068607E-12  3.8723854056018E-12  1.3824000000000E+05
  2 -2.9102326518828E-23  8.4434958129665E-13 -1.3697158624029E-12  2.0635725023972E-12  1.3824000000000E+05
  3 -4.3142337079813E-23  5.4117756869229E-13 -1.1675396838764E-12  1.4757783432923E-12  1.3824000000000E+05
  4 -1.0832972214234E-23  9.1877561468626E-13 -2.5021196831437E-12  1.7811071458166E-12  1.3824000000000E+05
  5  4.0531182361210E-23  3.5522368094225E-13 -8.9037798319908E-13  6.9077861709589E-13  1.3824000000000E+05
  6  5.9493230689130E-23  8.7752320797610E-13 -1.7549120832007E-12  2.2376628928489E-12  1.3824000000000E+05
  7  2.0630949507078E-23  5.4575428759111E-13 -1.5241699824363E-12  1.2530345351107E-12  1.3824000000000E+05
  8  2.5794345090950E-23  6.5267297148839E-13 -1.7082240735766E-12  1.3901155437104E-12  1.3824000000000E+05
  9  7.5357141474964E-23  8.5531884775044E-13 -1.9370808863123E-12  1.8392662850115E-12  1.3824000000000E+05
 10  8.4141951553162E-23  4.0485948283734E-13 -1.0210036661798E-12  1.1346271522330E-12  1.3824000000000E+05
 11  1.4321968270125E-23  8.9343537234680E-13 -1.8507883327977E-12  1.6728089519306E-12  1.3824000000000E+05
 12 -4.3643969417574E-23  2.1292038745903E-13 -6.4021341614488E-13  5.5660635737056E-13  1.3824000000000E+05
 13 -3.9739145893494E-23  7.4591940571223E-13 -1.3605966615487E-12  1.6413054519579E-12  1.3824000000000E+05
 14 -1.7161897046927E-23  4.4322646913849E-13 -9.5477166635529E-13  9.0621655444307E-13  1.3824000000000E+05
 15 -4.6789119316085E-24  5.9678516016351E-13 -1.4353625385960E-12  1.2415173596538E-12  1.3824000000000E+05
 16 -4.3600914068070E-24  6.9546305335907E-13 -1.5634849549633E-12  1.7806587324470E-12  1.3824000000000E+05
 17 -3.2390796766530E-25  3.4166161565817E-13 -6.9422519531854E-13  9.5893327695123E-13  1.3824000000000E+05
 18  3.8536409467875E-24  7.6688536330239E-13 -1.9940456860199E-12  1.6603353603642E-12  1.3824000000000E+05
 19  1.2407414946510E-23  2.9850302902772E-13 -6.1581250364001E-13  7.7485699888387E-13  1.3824000000000E+05
 20  4.5854508291791E-23  7.1917508334086E-13 -1.5642292470361E-12  1.5133760946189E-12  1.3824000000000E+05
 21  7.0513365835483E-23  3.9810143331049E-13 -1.1179486277460E-12  8.6644567612742E-13  1.3824000000000E+05
 22  3.4834502776833E-23  5.7128598505679E-13 -1.2573714846205E-12  1.4047958113977E-12  1.3824000000000E+05
 23 -2.2715467495101E-23  6.1987370793205E-13 -1.2332694667430E-12  1.3486748300336E-12  1.3824000000000E+05
 24 -2.1751349760832E-23  3.8055673781983E-13 -8.7298907846431E-13  8.7220198101978E-13  1.3824000000000E+05
 25  1.8377144502645E-23  6.5591878777338E-13 -1.3003587882148E-12  1.2199564844149E-12  1.3824000000000E+05
 26  1.0159408528028E-23  2.9007532759050E-13 -6.2559247147645E-13  8.0297227075387E-13  1.3824000000000E+05
 27 -2.8332659448186E-23  6.8184916790485E-13 -1.3465016920778E-12  1.4133076099404E-12  1.3824000000000E+05
 28 -2.6475925893841E-23  3.7755143058200E-13 -9.6961310833694E-13  7.5845583145487E-13  1.3824000000000E+05
 29 -2.9010728362848E-24  5.8939715778089E-13 -1.5756679494807E-12  1.4861409857131E-12  1.3824000000000E+05
 30  1.7641148281223E-23  5.5328435360143E-13 -1.3460146772522E-12  1.2550776566103E-12  1.3824000000000E+05
 31  4.8361324283299E-23  4.2580931024953E-13 -1.0222660111682E-12  1.2643158579075E-12  1.3824000000000E+05
 32  5.4276353716299E-23  5.8869557753220E-13 -1.2714256357859E-12  1.4188907464353E-12  1.3824000000000E+05
 33 -1.4225343894192E-23  2.8387578188251E-13 -7.9211482907605E-13  5.6860480784085E-13  1.3824000000000E+05
 34 -3.3093492660128E-23  6.7204165185216E-13 -1.4533090889677E-12  1.5129813628380E-12  1.3824000000000E+05
 35  6.6961611596796E-23  3.2809480899294E-13 -8.1017032520808E-13  7.7218052693389E-13  1.3824000000000E+05
 36  7.2420932584050E-23  5.5718979352778E-13 -1.3144298694693E-12  1.1812450243766E-12  1.3824000000000E+05
 37 -5.2114051822410E-23  4.5878993256480E-13 -9.0285842321300E-13  1.1505105724579E-12  1.3824000000000E+05
 38 -4.1936717325723E-23  4.4887799484502E-13 -1.0406812959116E-12  1.1479412169115E-12  1.3824000000000E+05
 39  4.8700604353933E-23  5.8909277639111E-13 -1.3719075431426E-12  1.2592247135191E-12  1.3824000000000E+05
 40  4.0136838777570E-24  3.0980698199777E-13 -8.3408834904793E-13  7.3889434431232E-13  1.3824000000000E+05
 41 -5.1183530429196E-23  6.6339255136880E-13 -1.3410424575361E-12  1.3686382195828E-12  1.3824000000000E+05
 42  2.7156980872548E-23  2.8247245758253E-13 -7.1936236325634E-13  6.5060286609093E-13  1.3824000000000E+05
 43  5.2049402992090E-23  5.6675612977063E-13 -1.3650436894053E-12  1.5106722753376E-12  1.3824000000000E+05
 44  5.2212965076183E-24  4.7587256303858E-13 -1.2067820593321E-12  8.6957897172868E-13  1.3824000000000E+05
 45  5.7327326936079E-23  5.1504184834228E-13 -1.1473366348554E-12  1.2824683372631E-12  1.3824000000000E+05
 46  9.6877205146072E-23  5.6551387396333E-13 -1.0499669509150E-12  1.1280209131300E-12  1.3824000000000E+05
 47 -3.5394067096976E-23  3.9273799223854E-13 -1.0238184294528E-12  9.0472974701090E-13  1.3824000000000E+05
 48 -5.8168894974967E-23  6.6687946233847E-13 -1.3149208368723E-12  1.4532251232012E-12  1.3824000000000E+05
 49  1.1337625563213E-22  3.7724702724586E-13 -8.1430180025689E-13  8.8168062623199E-13  1.3824000000000E+05
 50  8.2226467950305E-23  6.5021694082508E-13 -1.5979650946937E-12  1.5697807851141E-12  1.3824000000000E+05
 51 -1.2752875747551E-22  4.3942912123174E-13 -1.0016079338936E-12  9.8732091646752E-13  1.3824000000000E+05
 52 -6.9126898421029E-23  5.9645657497626E-13 -1.5818170489961E-12  1.6714854807599E-12  1.3824000000000E+05
 53  1.0429798339096E-22  5.7177617066642E-13 -1.1623218600413E-12  1.4560239109808E-12  1.3824000000000E+05
 54  3.5376314596000E-23  3.3330593837249E-13 -9.9275182848572E-13  7.8285274583943E-13  1.3824000000000E+05
 55 -6.7262412575455E-23  7.2340932553790E-13 -1.6135615553292E-12  1.5120334862070E-12  1.3824000000000E+05
 56  4.2443641405253E-23  3.0223435839245E-13 -7.8093411453255E-13  6.4789052281347E-13  1.3824000000000E+05
 57  5.2847944491561E-23  7.2152383466974E-13 -1.4628683856580E-12  1.5984487503116E-12  1.3824000000000E+05
 58 -5.6469367500540E-23  4.3233778402623E-13 -8.4456836453031E-13  8.7864424120689E-13  1.3824000000000E+05
 59  5.3763491015020E-23  6.1120038474028E-13 -1.3278519522063E-12  1.4081168990288E-12  1.3824000000000E+05
 60  1.3388270359634E-22  5.8608083421182E-13 -1.3253045160472E-12  1.1628401575631E-12  1.3824000000000E+05
 61 -1.1023894759039E-22  4.2595004772903E-13 -1.2240384496266E-12  1.0596455446066E-12  1.3824000000000E+05
 62 -1.0704999936688E-22  7.6197710120641E-13 -1.4414496589004E-12  1.4914421802444E-12  1.3824000000000E+05
 63  1.4841627560744E-22  2.9417374936201E-13 -7.1538867050246E-13  7.6770498240888E-13  1.3824000000000E+05
 64  1.0076178916771E-23  7.3685883773125E-13 -1.3957920204016E-12  1.2498687271532E-12  1.3824000000000E+05
 65 -2.1134766926630E-22  4.2301281777914E-13 -9.6890552362556E-13  7.9611134740706E-13  1.3824000000000E+05
 66  2.4932537601343E-23  6.4884957598503E-13 -1.3084365128141E-12  1.3406681971250E-12  1.3824000000000E+05
 67  1.7872209948514E-22  6.4634204894635E-13 -1.1675227278138E-12  1.1979821014461E-12  1.3824000000000E+05
 68 -3.5927448765766E-23  5.2825599529772E-13 -1.2697572220921E-12  1.2146933512332E-12  1.3824000000000E+05
 69 -8.2419944963457E-23  7.2155765412733E-13 -1.5550050628940E-12  1.3215393767148E-12  1.3824000000000E+05
 70  1.3086212017302E-22  3.3822357475401E-13 -8.1475581106026E-13  7.7535117254102E-13  1.3824000000000E+05
 71  4.9986224042889E-23  7.9958506331210E-13 -1.7802646027834E-12  1.5076538067647E-12  1.3824000000000E+05
 72 -1.4381108976997E-22  4.0542251439820E-13 -9.3725046107204E-13  9.0910513827397E-13  1.3824000000000E+05
 73  5.2005087319555E-23  7.3892380666410E-13 -1.4804103819852E-12  1.5970181062727E-12  1.3824000000000E+05
 74  1.2849665101096E-22  6.0072242887024E-13 -1.2133382720471E-12  1.3642017681751E-12  1.3824000000000E+05
 75 -1.6804449831618E-22  5.3330293499404E-13 -1.5771787723821E-12  1.0271167224538E-12  1.3824000000000E+05
 76 -8.6625308333332E-23  7.2680089587526E-13 -1.8660504220394E-12  1.3497697205818E-12  1.3824000000000E+05
 77  2.3345852352438E-22  3.9718439402025E-13 -9.9531161227545E-13  1.2530024329423E-12  1.3824000000000E+05
 78  2.3461779740424E-23  8.0858206516860E-13 -1.3038692451081E-12  1.9385973550485E-12  1.3824000000000E+05
 79 -2.5032932253675E-22  3.9314891456875E-13 -5.9828913479206E-13  1.2892464350071E-12  1.3824000000000E+05
 80  5.6766916707239E-23  7.4514870780621E-13 -1.6578105204181E-12  1.3504587873683E-12  1.3824000000000E+05
 81  2.3466234809304E-22  5.2852509864154E-13 -1.2342785501525E-12  8.5911808328657E-13  1.3824000000000E+05
 82 -1.0513338564043E-22  5.8125322365713E-13 -1.2263631657599E-12  1.1964337111056E-12  1.3824000000000E+05
 83 -1.5435591286247E-22  7.5919654193524E-13 -1.4784473853857E-12  1.6384563825046E-12  1.3824000000000E+05
 84  1.7248615334730E-22  3.4749851639387E-13 -8.8005205429334E-13  9.1002868890713E-13  1.3824000000000E+05
 85  4.4669095467857E-23  8.0577407275797E-13 -1.8671350321126E-12  1.5329333116928E-12  1.3824000000000E+05
 86 -1.8284962362506E-22  2.6909935929674E-13 -7.6107232590118E-13  6.6459413739473E-13  1.3824000000000E+05
 87  8.9103098886120E-23  7.2768882981379E-13 -1.5080372534551E-12  1.6886602928938E-12  1.3824000000000E+05
 88  1.6279588064393E-22  4.9468145362372E-13 -1.1760186028166E-12  8.4312832799726E-13  1.3824000000000E+05
 89 -1.7487498073711E-22  6.0010006209483E-13 -1.3958142777686E-12  1.1880816349624E-12  1.3824000000000E+05
 90 -1.0723611676357E-22  6.3824311277413E-13 -1.6076345863640E-12  1.1122846904261E-12  1.3824000000000E+05
 91  2.1838269775524E-22  3.1290939163895E-13 -6.4819654344364E-13  6.3650837530150E-13  1.3824000000000E+05
 92  2.1412148551088E-24  7.6560677172614E-13 -1.2577430557358E-12  1.8723925413288E-12  1.3824000000000E+05
 93 -2.7385728372417E-22  2.1746872409922E-13 -7.5666115457035E-13  6.5003563714519E-13  1.3824000000000E+05
 94  4.7214122704166E-23  7.1578007687040E-13 -1.8718354821159E-12  1.1549882482242E-12  1.3824000000000E+05
 95  2.0156718679854E-22  4.1431879394872E-13 -1.0838449880939E-12  8.2465033911840E-13  1.3824000000000E+05
 96 -1.4814053837183E-22  5.6433446587475E-13 -1.0233858375836E-12  1.7877247313953E-12  1.3824000000000E+05
 97 -1.3627709671794E-22  6.2671652157375E-13 -1.3785427468387E-12  1.8040315398017E-12  1.3824000000000E+05
 98  1.9051356516232E-22  3.7207881513829E-13 -1.1659006048881E-12  9.5354686857662E-13  1.3824000000000E+05
 99  1.9729032846375E-23  7.0681117443227E-13 -1.8732815801485E-12  1.8874394826596E-12  1.3824000000000E+05
100 -1.9086511632215E-22  2.6005099201981E-13 -6.2518042383329E-13  6.0866614057141E-13  1.3824000000000E+05
101  1.4139218256515E-22  7.1735591877003E-13 -1.7687979707064E-12  1.7825954631235E-12  1.3824000000000E+05
102  2.0445392291033E-22  4.8959015188811E-13 -9.6443982717845E-13  1.1925903434903E-12  1.3824000000000E+05
103 -1.7105581623306E-22  6.2751471411234E-13 -1.1598672550911E-12  1.6157287117559E-12  1.3824000000000E+05
104 -7.0970527243912E-23  6.0021166610839E-13 -1.0664305582706E-12  1.3691526113308E-12  1.3824000000000E+05
105  2.6000613123141E-22  4.3759889196293E-13 -1.1255550965028E-12  9.9068298377593E-13  1.3824000000000E+05
106 -2.8375809666385E-23  6.5426349041534E-13 -1.3833014340788E-12  1.4034324038059E-12  1.3824000000000E+05
107 -3.1901977244314E-22  4.2592304518110E-13 -1.2505948970094E-12  9.2086877544741E-13  1.3824000000000E+05
108  5.2488389912645E-23  7.2542965258533E-13 -1.8733266789573E-12  1.5930589695483E-12  1.3824000000000E+05
109  2.4179026111623E-22  4.2002215413395E-13 -1.3242740570840E-12  8.1862109318223E-13  1.3824000000000E+05
110 -1.6210578173925E-22  6.4630768048175E-13 -1.2567002832314E-12  2.0186817096218E-12  1.3824000000000E+05
111 -1.7900115253884E-22  5.9724819300913E-13 -1.3644907134506E-12  1.4720655432347E-12  1.3824000000000E+05
112  1.8176433282708E-22  4.6482845258457E-13 -1.6005468356420E-12  9.0834950357392E-13  1.3824000000000E+05
113  8.1492052027639E-24  6.8541808024287E-13 -1.9447305172448E-12  1.5922074103163E-12  1.3824000000000E+05
114 -1.9152880229968E-22  4.4395007651222E-13 -8.6583971732022E-13  1.0293647052528E-12  1.3824000000000E+05
115  1.2631021363229E-22  6.5887847165531E-13 -1.6956626230079E-12  1.1894964113474E-12  1.3824000000000E+05
116  1.1996453676562E-22  4.7359538925082E-13 -8.8543899970730E-13  1.1179857350658E-12  1.3824000000000E+05
117 -2.3999809357215E-22  5.9736030114053E-13 -1.2741653770355E-12  1.3310200527949E-12  1.3824000000000E+05
118 -4.1545836238284E-23  6.0369537520359E-13 -1.2990609733157E-12  1.3330513653897E-12  1.3824000000000E+05
119  2.9174507567172E-22  5.4668853934562E-13 -1.2999655907104E-12  1.1326574600953E-12  1.3824000000000E+05
120 -7.5074554710585E-23  6.7945752106681E-13 -1.5418888940480E-12  1.3527474569837E-12  1.3824000000000E+05
121 -3.1732750282862E-22  5.2111839936886E-13 -1.0795423911153E-12  9.9346754984783E-13  1.3824000000000E+05
122  1.3846858241791E-22  6.7502523502106E-13 -1.3718507067059E-12  1.7275514280238E-12  1.3824000000000E+05
123  2.3139481570383E-22  5.2292107689671E-13 -1.2947043461233E-12  1.2241283866549E-12  1.3824000000000E+05
124 -2.3580811050064E-22  6.5726376762747E-13 -1.6352012140631E-12  1.5714540144842E-12  1.3824000000000E+05
125 -1.6394748164277E-22  6.6573083297142E-13 -1.7288563789508E-12  1.4716785309586E-12  1.3824000000000E+05
126  2.4198531581321E-22  6.1936564842701E-13 -1.7412570479534E-12  1.2762315924266E-12  1.3824000000000E+05
127  6.3563077117916E-23  6.5725137053099E-13 -1.4521611634901E-12  1.4326991256496E-12  1.3824000000000E+05
128 -1.9019559199173E-22  5.5438626160021E-13 -1.1819008857566E-12  1.5281921640407E-12  1.3824000000000E+05
129  1.1570182297420E-22  6.4156172679470E-13 -1.4756287036283E-12  1.5399123891258E-12  1.3824000000000E+05
130  1.4061599801035E-22  5.1897268045886E-13 -9.1989067090612E-13  1.2528052525342E-12  1.3824000000000E+05
131 -2.8933574146322E-22  6.0883947874123E-13 -1.3952260373304E-12  1.3670258892246E-12  1.3824000000000E+05
132 -1.2537903637726E-22  6.2394586905191E-13 -1.3947553610497E-12  1.0667708864811E-12  1.3824000000000E+05
133  2.8962480288821E-22  5.1944169284063E-13 -1.3357495315824E-12  1.1675779979581E-12  1.3824000000000E+05
134 -4.4444386142543E-23  6.4880681973168E-13 -1.4304847348404E-12  1.5191233304041E-12  1.3824000000000E+05
135 -3.3096827232951E-22  4.6041055774718E-13 -1.1308478606656E-12  1.4775088662746E-12  1.3824000000000E+05
136  8.6765879735412E-23  6.1177614065192E-13 -1.4997631625450E-12  1.4151746540371E-12  1.3824000000000E+05
137  2.4157379785330E-22  6.7054286629601E-13 -1.5117637873488E-12  1.5561992933635E-12  1.3824000000000E+05
138 -1.2023629646301E-22  5.4962614886625E-13 -1.5980358735985E-12  1.2614820292124E-12  1.3824000000000E+05
139 -9.6510542047314E-23  5.8302730448343E-13 -1.6757254251995E-12  1.2654655019112E-12  1.3824000000000E+05
140  2.0772443259134E-22  4.9792162160202E-13 -1.0982883881655E-12  1.4057102341215E-12  1.3824000000000E+05
141  2.2930380467401E-23  6.1650999463601E-13 -1.7591504997874E-12  1.3060509245771E-12  1.3824000000000E+05
142 -2.4016136978182E-22  5.8354810578520E-13 -1.5177311236693E-12  1.5242213876439E-12  1.3824000000000E+05
143  3.8782178270959E-23  6.4961270254865E-13 -1.5435677845114E-12  1.7709940807474E-12  1.3824000000000E+05
144  1.6751563432925E-22  5.3381630665437E-13 -1.3034488625485E-12  1.4652144221179E-12  1.3824000000000E+05
145 -1.4329907716903E-22  6.3608367679441E-13 -1.1767994515291E-12  1.7191557848551E-12  1.3824000000000E+05
146 -1.3103488905196E-22  5.3201357983798E-13 -1.2303780654585E-12  9.3885605223134E-13  1.3824000000000E+05
147  1.1515804725175E-22  6.2985276190378E-13 -1.4592977791341E-12  1.3930710705299E-12  1.3824000000000E+05
148 -6.3900630748747E-24  6.8278757261689E-13 -1.3711949809031E-12  1.5898186804465E-12  1.3824000000000E+05
149 -1.0671700930496E-22  5.7060011382620E-13 -1.3004978302471E-12  1.2456736980449E-12  1.3824000000000E+05
150  1.3026615541109E-22  5.0243674925323E-13 -1.1679262624643E-12  1.2344664178844E-12  1.3824000000000E+05
151  1.2283971554070E-22  5.6290740957730E-13 -1.0522669059308E-12  1.4020583934725E-12  1.3824000000000E+05
152 -1.5795383878523E-22  5.6490529269957E-13 -1.8966377835152E-12  1.2513443369816E-12  1.3824000000000E+05
153 -5.4596008779974E-23  5.6259675899991E-13 -1.3658090739821E-12  1.0940163693475E-12  1.3824000000000E+05
154  1.8340640320558E-22  6.2298597801425E-13 -9.9981994536658E-13  1.9713155376958E-12  1.3824000000000E+05
155  4.4622272062017E-24  5.8546715873043E-13 -1.0122008145669E-12  1.6519822138838E-12  1.3824000000000E+05
156 -2.2785321580685E-22  5.9856252618822E-13 -1.6858567680823E-12  1.2176285515515E-12  1.3824000000000E+05
157 -8.6016649275889E-23  5.9132260331324E-13 -1.5749791199057E-12  1.1789602072446E-12  1.3824000000000E+05
158  4.0079474071022E-23  5.8877321878825E-13 -1.2056964049219E-12  1.3194075276060E-12  1.3824000000000E+05
159 -4.2004705686839E-23  6.2343165785569E-13 -1.1665703498413E-12  1.5798263529217E-12  1.3824000000000E+05
160 -1.3210598257987E-23  5.3724788579847E-13 -1.0724146814336E-12  1.2289445830167E-12  1.3824000000000E+05
161  3.5470172571776E-23  5.9291482525946E-13 -1.5628553135176E-12  1.4097069045905E-12  1.3824000000000E+05
162 -4.2182375890517E-23  6.5496212488745E-13 -2.0484557261106E-12  1.2856680459970E-12  1.3824000000000E+05
163  9.1856813186067E-24  6.2268953713223E-13 -1.3038813205122E-12  1.7274433223547E-12  1.3824000000000E+05
164  1.5041857829936E-22  6.5284934786013E-13 -1.7266138546903E-12  1.3833565282260E-12  1.3824000000000E+05
165  5.3928207266894E-23  7.1132093602723E-13 -1.8840443099349E-12  1.4999507662601E-12  1.3824000000000E+05
166 -9.0318092284801E-23  5.7169649078989E-13 -1.3172804293516E-12  1.3467631981381E-12  1.3824000000000E+05
167 -1.1502177046587E-23  6.0343278032590E-13 -1.6157687543511E-12  1.6621883379392E-12  1.3824000000000E+05
168  8.1992531841969E-23  6.7156763992156E-13 -1.4955025192193E-12  1.6299269321024E-12  1.3824000000000E+05
169 -2.5630807254105E-23  6.3725208027907E-13 -1.2198019518244E-12  1.5886918103179E-12  1.3824000000000E+05
170 -1.5535367191006E-22  7.0714293423727E-13 -1.6875760623114E-12  1.4240127496818E-12  1.3824000000000E+05
171 -8.0403239720978E-23  5.7816591032940E-13 -1.2813216622032E-12  1.0290082717869E-12  1.3824000000000E+05
172  6.5922973797873E-23  5.8743968683852E-13 -1.5663268874179E-12  1.4089808532567E-12  1.3824000000000E+05
173  6.0012840495819E-23  6.3267269834179E-13 -1.4680384855648E-12  1.7930684061146E-12  1.3824000000000E+05
174  1.8046167280690E-23  5.4497590777168E-13 -1.0987951646134E-12  1.2586335935935E-12  1.3824000000000E+05
175 -2.6049572356443E-23  7.1259625294915E-13 -1.8564799781920E-12  1.0302248750875E-12  1.3824000000000E+05
176 -3.5724052709087E-23  5.6104767833572E-13 -1.0828687089466E-12  1.2202324070379E-12  1.3824000000000E+05
177  9.2779664704672E-23  6.2630894314022E-13 -1.1142499529058E-12  1.6432428561993E-12  1.3824000000000E+05
178  1.5156392383487E-22  6.1983889568064E-13 -1.3390648924560E-12  1.6846883436480E-12  1.3824000000000E+05
179 -1.3227382486254E-23  5.3729706587710E-13 -1.2308700208332E-12  1.1947476395448E-12  1.3824000000000E+05
180 -1.4795640887540E-22  6.7232512369667E-13 -1.4707279146114E-12  1.1834306160128E-12  1.3824000000000E+05
181 -5.0325152535748E-23  5.1512333282765E-13 -9.8832661029491E-13  1.0183169374744E-12  1.3824000000000E+05
182  1.0518392245121E-22  6.1899013372605E-13 -9.5853476407460E-13  1.6509529797766E-12  1.3824000000000E+05
183  3.4280465218382E-23  5.1865788838221E-13 -1.1223076222251E-12  8.4734035552836E-13  1.3824000000000E+05
184 -1.4601141950080E-22  5.7380776248493E-13 -1.2330208219139E-12  1.4070427285909E-12  1.3824000000000E+05
185 -1.2447899280451E-22  5.7792928339364E-13 -1.2042267096454E-12  1.4517492470686E-12  1.3824000000000E+05
186  3.6190255029434E-23  5.0323681424541E-13 -1.1425084922091E-12  1.3785765307039E-12  1.3824000000000E+05
187  8.6069250375740E-23  6.7334705407103E-13 -1.4004046877467E-12  1.2922420151088E-12  1.3824000000000E+05
188 -4.8669835880296E-24  3.9922448442256E-13 -1.0084346071430E-12  8.3262550797032E-13  1.3824000000000E+05
189 -1.0071404353088E-22  6.7518578353610E-13 -1.7727978783075E-12  1.1829369415701E-12  1.3824000000000E+05
190 -3.4148075338904E-23  5.6833815445397E-13 -1.2870308615133E-12  1.1416623764549E-12  1.3824000000000E+05
191  8.5463960339479E-23  4.7087591918912E-13 -1.1249824699124E-12  1.0989304620067E-12  1.3824000000000E+05
192  7.0644073490629E-23  5.6571272106745E-13 -1.3018576176076E-12  1.3601492418332E-12  1.3824000000000E+05
193 -5.7123253598487E-23  4.4295875996094E-13 -9.2071977478260E-13  9.7300822505399E-13  1.3824000000000E+05
194 -1.3233672271759E-22  5.6034930276120E-13 -1.2351702742709E-12  1.0934162411950E-12  1.3824000000000E+05
195 -2.7921537914252E-23  4.4033477556052E-13 -9.2973987575932E-13  1.0422836760068E-12  1.3824000000000E+05
196  9.9046519635664E-23  5.2014663870618E-13 -9.5992504492793E-13  1.1620338777647E-12  1.3824000000000E+05
197  3.7009800338682E-23  4.6745681256030E-13 -1.0849517661972E-12  1.0319763890411E-12  1.3824000000000E+05
198 -8.8811550559598E-23  4.6226245853306E-13 -9.5971373039630E-13  1.0010417748194E-12  1.3824000000000E+05
 
 field : WVEL     ; Iter =      1200 ; region #   0 ; nb.Lev = 198
 k | --   Average    -- | --   Std.Dev    -- | --     min      -- | --     max      -- | --    Vol
  0  9.4280438251873E-15  4.5695877831040E-12 -1.8027419022866E-11  2.0442291430026E-11  2.7302400000000E+07
  1  1.4797340629051E-14  3.2904144117967E-13 -2.1990251196424E-12  1.4844981078223E-12  6.9120000000000E+04
  2  1.4794913622402E-14  4.9748250110966E-12 -1.2520950080609E-11  1.3247796313258E-11  1.3824000000000E+05
  3  1.4790727798950E-14  5.2825675758217E-12 -9.9279987398988E-12  1.1841175990659E-11  1.3824000000000E+05
  4  1.4788838877884E-14  5.5896756726710E-12 -9.9663484242492E-12  1.0940600837040E-11  1.3824000000000E+05
  5  1.4785986221477E-14  5.0785501291317E-12 -1.1691462807985E-11  1.0280508127526E-11  1.3824000000000E+05
  6  1.4776400268042E-14  4.7037097241720E-12 -1.0308220666045E-11  9.0331657526261E-12  1.3824000000000E+05
  7  1.4762895124495E-14  4.4209757862681E-12 -9.8056823021401E-12  9.1348820610965E-12  1.3824000000000E+05
  8  1.4746177530047E-14  3.7900906261491E-12 -8.6397810263662E-12  9.0195193786045E-12  1.3824000000000E+05
  9  1.4731091860723E-14  4.8405684146738E-12 -1.1874951136640E-11  1.0561706031987E-11  1.3824000000000E+05
 10  1.4718267756861E-14  4.9698291937731E-12 -9.4342891988961E-12  9.2747210420122E-12  1.3824000000000E+05
 11  1.4705597850578E-14  4.6616928800990E-12 -1.0407278636692E-11  9.3129357185194E-12  1.3824000000000E+05
 12  1.4693647533239E-14  4.8480550345361E-12 -1.1298771167388E-11  9.3312475640132E-12  1.3824000000000E+05
 13  1.4677790875666E-14  5.1467127417095E-12 -1.1739992199185E-11  9.6137352981979E-12  1.3824000000000E+05
 14  1.4657976478669E-14  4.9389613052397E-12 -8.6564899890482E-12  9.7609973922375E-12  1.3824000000000E+05
 15  1.4638521876209E-14  4.7879314718237E-12 -1.0329137603428E-11  9.4237641723534E-12  1.3824000000000E+05
 16  1.4626108966047E-14  5.5297627730303E-12 -1.3305524172035E-11  1.0119178890320E-11  1.3824000000000E+05
 17  1.4617319700391E-14  5.8841339728270E-12 -1.1266487565305E-11  1.2182179392676E-11  1.3824000000000E+05
 18  1.4604881090509E-14  5.6718023170490E-12 -1.0539904271432E-11  1.1359921244315E-11  1.3824000000000E+05
 19  1.4589718322363E-14  4.8985902081872E-12 -1.1509832616612E-11  9.6384236069890E-12  1.3824000000000E+05
 20  1.4571420202219E-14  4.2789936897014E-12 -1.2002026767295E-11  9.8437012370615E-12  1.3824000000000E+05
 21  1.4553533275728E-14  4.0990920104810E-12 -9.9786208124358E-12  1.1820980593392E-11  1.3824000000000E+05
 22  1.4537805116133E-14  4.1409629823091E-12 -1.0656193610334E-11  1.0406721719769E-11  1.3824000000000E+05
 23  1.4521871359703E-14  4.6121146696051E-12 -1.2518530825575E-11  8.9621749595487E-12  1.3824000000000E+05
 24  1.4505886204168E-14  4.7160361767066E-12 -1.1036172891399E-11  9.7308516521924E-12  1.3824000000000E+05
 25  1.4490106645540E-14  4.9118404014368E-12 -1.0391256997213E-11  1.0890672819494E-11  1.3824000000000E+05
 26  1.4472682311988E-14  4.5212096832742E-12 -1.1325387898250E-11  9.6180823033634E-12  1.3824000000000E+05
 27  1.4454486990138E-14  3.9529885087869E-12 -1.1078731197378E-11  8.8884754432550E-12  1.3824000000000E+05
 28  1.4438039241602E-14  3.7698094080168E-12 -9.3307042969822E-12  9.9822197937383E-12  1.3824000000000E+05
 29  1.4421642892368E-14  3.4615925493194E-12 -9.4368898530228E-12  9.2707753589826E-12  1.3824000000000E+05
 30  1.4403396171422E-14  3.0277408562809E-12 -1.0276870957914E-11  7.5693254371996E-12  1.3824000000000E+05
 31  1.4382425292013E-14  2.7738655310140E-12 -9.1709074918403E-12  8.0378940575026E-12  1.3824000000000E+05
 32  1.4361968404697E-14  2.9016090963014E-12 -8.1771459064208E-12  8.4679963399370E-12  1.3824000000000E+05
 33  1.4343464687588E-14  2.5251079285311E-12 -9.3619085020611E-12  7.3506633855818E-12  1.3824000000000E+05
 34  1.4328044923416E-14  2.7036169545395E-12 -9.6099800043876E-12  8.0639097965080E-12  1.3824000000000E+05
 35  1.4311185981213E-14  3.2551329115341E-12 -8.8314688590207E-12  1.0244398459408E-11  1.3824000000000E+05
 36  1.4295046627913E-14  3.3890515543022E-12 -9.6929603266685E-12  9.7541201608073E-12  1.3824000000000E+05
 37  1.4282608018031E-14  3.3388323469256E-12 -1.1535985578085E-11  9.0738394669818E-12  1.3824000000000E+05
 38  1.4272944965828E-14  3.6520976680844E-12 -1.1939143408514E-11  1.1272342814362E-11  1.3824000000000E+05
 39  1.4261739937268E-14  4.1289243614154E-12 -1.1612989619091E-11  1.2741358464281E-11  1.3824000000000E+05
 40  1.4244880995084E-14  3.8369584194256E-12 -1.2370877302189E-11  1.0837578805598E-11  1.3824000000000E+05
 41  1.4227610859087E-14  3.9521962504733E-12 -1.2761315571484E-11  1.0673609520933E-11  1.3824000000000E+05
 42  1.4213527474372E-14  4.3761973012603E-12 -1.2483217929070E-11  1.2532404615709E-11  1.3824000000000E+05
 43  1.4197593718033E-14  4.2172867063616E-12 -1.2716375609644E-11  1.2216543866044E-11  1.3824000000000E+05
 44  1.4178576008874E-14  3.7174010152576E-12 -1.2545815916994E-11  1.0563244229065E-11  1.3824000000000E+05
 45  1.4157605129485E-14  3.7088753733951E-12 -1.1391415207940E-11  1.1481536500138E-11  1.3824000000000E+05
 46  1.4132727909730E-14  4.1602744495979E-12 -1.1528468391223E-11  1.2602004675704E-11  1.3824000000000E+05
 47  1.4107747891610E-14  3.6616317229637E-12 -1.1671049050577E-11  1.1422473588368E-11  1.3824000000000E+05
 48  1.4083281865765E-14  3.4684458895633E-12 -1.1122614818572E-11  1.1123724454972E-11  1.3824000000000E+05
 49  1.4055937483936E-14  3.9206064709273E-12 -9.5556493110323E-12  1.2430008400074E-11  1.3824000000000E+05
 50  1.4030443473691E-14  3.8313012872502E-12 -1.0969019168726E-11  1.0773885443464E-11  1.3824000000000E+05
 51  1.4002893494838E-14  3.5638790434374E-12 -9.0611114376215E-12  1.0557331076163E-11  1.3824000000000E+05
 52  1.3972465160099E-14  3.8714513905071E-12 -9.8406622997874E-12  1.0882323278845E-11  1.3824000000000E+05
 53  1.3945531972011E-14  4.5225753749410E-12 -1.0897548315909E-11  1.3000259762669E-11  1.3824000000000E+05
 54  1.3919935163424E-14  4.0270292547458E-12 -1.1402294645829E-11  1.1655207008354E-11  1.3824000000000E+05
 55  1.3894235556321E-14  3.7896159699580E-12 -1.1515016941030E-11  1.1238584771608E-11  1.3824000000000E+05
 56  1.3866274383814E-14  4.4696998388374E-12 -1.2534272875306E-11  1.2409400015531E-11  1.3824000000000E+05
 57  1.3834715266393E-14  4.5094604680475E-12 -1.2875893747611E-11  1.1553472642157E-11  1.3824000000000E+05
 58  1.3799455405519E-14  3.8724067894338E-12 -1.0703918144190E-11  9.7865791583994E-12  1.3824000000000E+05
 59  1.3763475955527E-14  3.9619961668512E-12 -1.0739874114960E-11  1.0082262889906E-11  1.3824000000000E+05
 60  1.3726262924380E-14  4.5723523949786E-12 -1.3558071710973E-11  1.1412381640640E-11  1.3824000000000E+05
 61  1.3683704375112E-14  3.9639006148979E-12 -1.1472431520605E-11  1.0799581431807E-11  1.3824000000000E+05
 62  1.3638061873099E-14  3.8618616552479E-12 -1.1205839522736E-11  1.0841878511596E-11  1.3824000000000E+05
 63  1.3602288020114E-14  4.7693662604887E-12 -1.1996210388213E-11  1.3421136650220E-11  1.3824000000000E+05
 64  1.3574121250701E-14  4.8801831122069E-12 -1.2990298621889E-11  1.3589912310954E-11  1.3824000000000E+05
 65  1.3544720900194E-14  4.1534703588391E-12 -1.0746130017885E-11  1.2332549475239E-11  1.3824000000000E+05
 66  1.3506479884999E-14  4.3464282819384E-12 -1.1912694789612E-11  1.3748246801184E-11  1.3824000000000E+05
 67  1.3452407911882E-14  5.0910911638278E-12 -1.2416123573236E-11  1.4957416722353E-11  1.3824000000000E+05
 68  1.3388056095786E-14  4.3750578480411E-12 -1.1501636842702E-11  1.2399908563031E-11  1.3824000000000E+05
 69  1.3322470698427E-14  3.9846129050340E-12 -1.0872972588433E-11  1.0993328039990E-11  1.3824000000000E+05
 70  1.3258530075980E-14  4.5764689150818E-12 -1.1158046063911E-11  1.2819421246794E-11  1.3824000000000E+05
 71  1.3197056615943E-14  4.6150548637256E-12 -1.2420979101760E-11  1.3014814231928E-11  1.3824000000000E+05
 72  1.3134966365344E-14  3.9598803685043E-12 -1.2603060233057E-11  1.1555902029754E-11  1.3824000000000E+05
 73  1.3071436936614E-14  4.2562823242369E-12 -1.1952754356808E-11  1.3261373194559E-11  1.3824000000000E+05
 74  1.3013664219821E-14  5.0452783710982E-12 -1.2557735981683E-11  1.4466100052174E-11  1.3824000000000E+05
 75  1.2953629937748E-14  4.4070293259784E-12 -1.2634469375300E-11  1.1689358034888E-11  1.3824000000000E+05
 76  1.2884343797247E-14  4.0671929405134E-12 -1.1612066762017E-11  1.0497798827000E-11  1.3824000000000E+05
 77  1.2808478557267E-14  4.8045394444121E-12 -1.1741558725887E-11  1.3981940417726E-11  1.3824000000000E+05
 78  1.2721511086891E-14  5.0370544446115E-12 -1.1530567814324E-11  1.5087306352420E-11  1.3824000000000E+05
 79  1.2620563030336E-14  4.3542505111132E-12 -1.1626456523237E-11  1.2709030317540E-11  1.3824000000000E+05
 80  1.2507895953147E-14  4.4325411660482E-12 -1.2839519695440E-11  1.2876439998105E-11  1.3824000000000E+05
 81  1.2392967310561E-14  5.1620436972156E-12 -1.3247293697063E-11  1.5120891817320E-11  1.3824000000000E+05
 82  1.2287084929467E-14  4.7349313213318E-12 -1.1747172073210E-11  1.4541272239221E-11  1.3824000000000E+05
 83  1.2185931275929E-14  4.6269153752622E-12 -1.1331895614450E-11  1.4543370020619E-11  1.3824000000000E+05
 84  1.2081693669633E-14  5.2136668629989E-12 -1.2731069340660E-11  1.6447701312259E-11  1.3824000000000E+05
 85  1.1974166513800E-14  5.2633144529401E-12 -1.2516855190219E-11  1.6507467959964E-11  1.3824000000000E+05
 86  1.1858415483741E-14  4.4224705302114E-12 -1.2215283715373E-11  1.4153065931973E-11  1.3824000000000E+05
 87  1.1733412594983E-14  4.8314134013727E-12 -1.2700557756390E-11  1.5073836703084E-11  1.3824000000000E+05
 88  1.1598952250762E-14  5.6105927817106E-12 -1.3508991973080E-11  1.6770228940288E-11  1.3824000000000E+05
 89  1.1460996760126E-14  4.9671341045498E-12 -1.3520742248632E-11  1.5209591430636E-11  1.3824000000000E+05
 90  1.1326330819324E-14  4.5559264100458E-12 -1.3265423874419E-11  1.4001922443875E-11  1.3824000000000E+05
 91  1.1189403313046E-14  5.3696531167311E-12 -1.3669850845976E-11  1.6867905839235E-11  1.3824000000000E+05
 92  1.1056998937454E-14  5.7936925166288E-12 -1.3591388850895E-11  1.8204518674536E-11  1.3824000000000E+05
 93  1.0929528886369E-14  5.1051265599723E-12 -1.2896440836045E-11  1.6361225863246E-11  1.3824000000000E+05
 94  1.0806376369397E-14  4.9230858784108E-12 -1.3056915622437E-11  1.5848437316708E-11  1.3824000000000E+05
 95  1.0690830936189E-14  5.6680876908495E-12 -1.4524868937163E-11  1.7193123870021E-11  1.3824000000000E+05
 96  1.0571379162614E-14  5.7889070840860E-12 -1.5263029522318E-11  1.8145768970436E-11  1.3824000000000E+05
 97  1.0450077017198E-14  6.0287797665159E-12 -1.5225492371648E-11  1.9227955799526E-11  1.3824000000000E+05
 98  1.0329802856100E-14  6.3132146541133E-12 -1.5430403150290E-11  2.0442291430026E-11  1.3824000000000E+05
 99  1.0202127208281E-14  6.0899347831436E-12 -1.4817782741361E-11  1.8940835651538E-11  1.3824000000000E+05
100  1.0068694848500E-14  5.2951766940877E-12 -1.4547744179330E-11  1.5598694911849E-11  1.3824000000000E+05
101  9.9305337609652E-15  5.6598798419830E-12 -1.5188630865866E-11  1.6530988980407E-11  1.3824000000000E+05
102  9.7849711865927E-15  6.3583588887753E-12 -1.5684913081686E-11  1.9068263290814E-11  1.3824000000000E+05
103  9.6328295129090E-15  5.6693873766861E-12 -1.4238804096905E-11  1.7618954023275E-11  1.3824000000000E+05
104  9.4872669386795E-15  4.6457873321639E-12 -1.2677740662370E-11  1.4460852591638E-11  1.3824000000000E+05
105  9.3505450292086E-15  5.1421362720170E-12 -1.3341983227642E-11  1.5581829786825E-11  1.3824000000000E+05
106  9.2138231196616E-15  5.8646986069306E-12 -1.5126789894975E-11  1.7197858014817E-11  1.3824000000000E+05
107  9.0762788227281E-15  5.3517336020538E-12 -1.5029796654722E-11  1.5928589971951E-11  1.3824000000000E+05
108  8.9319498296100E-15  5.0186238437457E-12 -1.4599598983202E-11  1.5769693902187E-11  1.3824000000000E+05
109  8.7773409936331E-15  5.5298288606774E-12 -1.4254424966060E-11  1.7853472342685E-11  1.3824000000000E+05
110  8.6095739587518E-15  5.4475783518239E-12 -1.4059714858401E-11  1.7659091906849E-11  1.3824000000000E+05
111  8.4379005835564E-15  5.6763270326212E-12 -1.5677977235407E-11  1.6375105009753E-11  1.3824000000000E+05
112  8.2726007109659E-15  6.1151716563039E-12 -1.7750938376627E-11  1.6391734810915E-11  1.3824000000000E+05
113  8.1101791944191E-15  5.7115770512464E-12 -1.5951299559525E-11  1.5994302869837E-11  1.3824000000000E+05
114  7.9463184998629E-15  4.7628074315644E-12 -1.2629353546704E-11  1.3805153938872E-11  1.3824000000000E+05
115  7.7791682555933E-15  5.3075430854646E-12 -1.3902665457466E-11  1.5164744431258E-11  1.3824000000000E+05
116  7.6083172679481E-15  6.1193838013350E-12 -1.6493750367326E-11  1.8092246767230E-11  1.3824000000000E+05
117  7.4245136783942E-15  5.5540045382038E-12 -1.3904568274791E-11  1.7339538983750E-11  1.3824000000000E+05
118  7.2501675442246E-15  4.8220765195815E-12 -1.2172237740545E-11  1.4492264334981E-11  1.3824000000000E+05
119  7.1033713887533E-15  5.3546544609722E-12 -1.5081364892328E-11  1.6144205499873E-11  1.3824000000000E+05
120  6.9870035680530E-15  5.8787551475776E-12 -1.6745225839475E-11  1.9094340863801E-11  1.3824000000000E+05
121  6.8809155902004E-15  5.7689368565128E-12 -1.4469653142348E-11  1.9096399153959E-11  1.3824000000000E+05
122  6.7830514865513E-15  5.6738981965368E-12 -1.4031626799608E-11  1.7785886039425E-11  1.3824000000000E+05
123  6.6958784193867E-15  5.5366995915448E-12 -1.4833978224826E-11  1.7893047867444E-11  1.3824000000000E+05
124  6.5934911848931E-15  5.1576618585664E-12 -1.3524463018660E-11  1.7187847672772E-11  1.3824000000000E+05
125  6.4931599189977E-15  5.6122130316037E-12 -1.4826258500451E-11  1.6571586025846E-11  1.3824000000000E+05
126  6.4154443072883E-15  6.1883860438791E-12 -1.7245434645359E-11  1.7806015198489E-11  1.3824000000000E+05
127  6.3541764440787E-15  5.9171919480296E-12 -1.5127222918460E-11  1.8597555546923E-11  1.3824000000000E+05
128  6.3019548425522E-15  5.4197638437032E-12 -1.4543298396845E-11  1.7714445319145E-11  1.3824000000000E+05
129  6.2575459215740E-15  5.8964223591519E-12 -1.5455279410410E-11  1.8436443406819E-11  1.3824000000000E+05
130  6.2151929691560E-15  6.3905079891165E-12 -1.6179427385851E-11  1.9777568588617E-11  1.3824000000000E+05
131  6.1621489802024E-15  5.7640231264207E-12 -1.4341214185768E-11  1.8411551925851E-11  1.3824000000000E+05
132  6.1078714101389E-15  5.2973873667619E-12 -1.3944246453117E-11  1.6947920424961E-11  1.3824000000000E+05
133  6.0605841332259E-15  5.8107102035699E-12 -1.4406955882284E-11  1.8617933796163E-11  1.3824000000000E+05
134  6.0128856626000E-15  5.9541043478300E-12 -1.6227683720004E-11  1.9871720283432E-11  1.3824000000000E+05
135  5.9709439039051E-15  5.6261146064529E-12 -1.3890735016396E-11  1.8220418288245E-11  1.3824000000000E+05
136  5.9388707942648E-15  5.3688765282539E-12 -1.4101957568223E-11  1.6725725003589E-11  1.3824000000000E+05
137  5.9051529097909E-15  5.1330742053926E-12 -1.6144339797809E-11  1.6047738630213E-11  1.3824000000000E+05
138  5.8652671196803E-15  4.7316358767829E-12 -1.2675200102516E-11  1.5341559184565E-11  1.3824000000000E+05
139  5.8323716226850E-15  5.1754627589273E-12 -1.4262199843201E-11  1.6257089409033E-11  1.3824000000000E+05
140  5.8200358112740E-15  5.7026455233868E-12 -1.5759261343010E-11  1.7612194913589E-11  1.3824000000000E+05
141  5.8270261043566E-15  5.4608067750493E-12 -1.4965049535035E-11  1.7426329886665E-11  1.3824000000000E+05
142  5.8290820729122E-15  5.1739786738205E-12 -1.4774040315326E-11  1.4877607183730E-11  1.3824000000000E+05
143  5.8188022301076E-15  5.7960108112134E-12 -1.4809132282020E-11  1.6190929936339E-11  1.3824000000000E+05
144  5.8130455181379E-15  6.4884311262569E-12 -1.8027419022866E-11  1.9164808523617E-11  1.3824000000000E+05
145  5.8101671621435E-15  6.1018127646105E-12 -1.8025263549419E-11  1.9314198200019E-11  1.3824000000000E+05
146  5.8085223872509E-15  5.3642409578758E-12 -1.4918488815587E-11  1.8007081991420E-11  1.3824000000000E+05
147  5.8155126803489E-15  5.2204394269269E-12 -1.5650207884069E-11  1.7294173531057E-11  1.3824000000000E+05
148  5.8249701357550E-15  4.8157608602275E-12 -1.5843112811350E-11  1.5148555632033E-11  1.3824000000000E+05
149  5.8253813294918E-15  4.5146945391030E-12 -1.3134146026222E-11  1.3610285597181E-11  1.3824000000000E+05
150  5.8188022300956E-15  4.8543009614443E-12 -1.3504983029119E-11  1.5470213111452E-11  1.3824000000000E+05
151  5.8023544816058E-15  5.1141321161381E-12 -1.5076440776147E-11  1.6862594508823E-11  1.3824000000000E+05
152  5.7715149531934E-15  4.8986425216393E-12 -1.3123968235449E-11  1.4604510797868E-11  1.3824000000000E+05
153  5.7373858750649E-15  5.1278529006210E-12 -1.1767655721160E-11  1.5076128215125E-11  1.3824000000000E+05
154  5.6962665037772E-15  5.4263431857727E-12 -1.2226004654141E-11  1.6517113911014E-11  1.3824000000000E+05
155  5.6391105776570E-15  5.0518911440876E-12 -1.3832275296055E-11  1.5533015500734E-11  1.3824000000000E+05
156  5.5642733219072E-15  4.4163518495830E-12 -1.3560869556044E-11  1.1744984968672E-11  1.3824000000000E+05
157  5.4766890611023E-15  4.3600693248285E-12 -1.0940821483531E-11  1.1914592419221E-11  1.3824000000000E+05
158  5.3973286745300E-15  4.6683623302058E-12 -1.1544135779620E-11  1.3205396451971E-11  1.3824000000000E+05
159  5.3237249998779E-15  4.7312458392741E-12 -1.3291981420258E-11  1.3174914380321E-11  1.3824000000000E+05
160  5.2497101315387E-15  4.9242907901106E-12 -1.3697379815950E-11  1.2857235966739E-11  1.3824000000000E+05
161  5.1769288444168E-15  5.2463983342854E-12 -1.3818228055277E-11  1.4503146422383E-11  1.3824000000000E+05
162  5.0914005522342E-15  5.1335854348386E-12 -1.2600169872057E-11  1.4267006446885E-11  1.3824000000000E+05
163  4.9898357052196E-15  4.8433633149346E-12 -1.1781748605096E-11  1.2992339390692E-11  1.3824000000000E+05
164  4.8734678844846E-15  4.4975441407570E-12 -1.0331499443337E-11  1.4421010520680E-11  1.3824000000000E+05
165  4.7492873832021E-15  3.9308721775132E-12 -1.0371581278298E-11  1.4351335206564E-11  1.3824000000000E+05
166  4.6259292693855E-15  3.0074342206222E-12 -8.8587165861790E-12  8.7808230623813E-12  1.3824000000000E+05
167  4.4984592184324E-15  2.8991013670113E-12 -7.3407526178486E-12  6.9496131372223E-12  1.3824000000000E+05
168  4.3804466227858E-15  3.3723040402971E-12 -8.4068996408121E-12  1.1129858177945E-11  1.3824000000000E+05
169  4.2821713252861E-15  3.7441426563362E-12 -1.0188370904272E-11  1.2506246069989E-11  1.3824000000000E+05
170  4.1908863209663E-15  3.6160914014578E-12 -1.1170758642109E-11  7.6417919593925E-12  1.3824000000000E+05
171  4.1000125104753E-15  3.7059645696103E-12 -8.7455532724035E-12  8.1653230120220E-12  1.3824000000000E+05
172  3.9959805012056E-15  4.0033600552809E-12 -8.7375729783401E-12  9.6146084539829E-12  1.3824000000000E+05
173  3.8890701358535E-15  3.6803324542192E-12 -8.8827856000050E-12  1.0551400501182E-11  1.3824000000000E+05
174  3.7846269327634E-15  3.3785540230337E-12 -9.0162259810170E-12  9.9916739273416E-12  1.3824000000000E+05
175  3.6662031435230E-15  2.9099114610702E-12 -6.6214388163862E-12  1.0474050399304E-11  1.3824000000000E+05
176  3.5399666738028E-15  2.4739361257569E-12 -5.8011336310189E-12  8.1972554979259E-12  1.3824000000000E+05
177  3.4030391674962E-15  2.3829071101660E-12 -6.3461802609993E-12  5.7267622978937E-12  1.3824000000000E+05
178  3.2619997239488E-15  2.4239868465251E-12 -8.0467926611347E-12  7.5911146335328E-12  1.3824000000000E+05
179  3.1230162489457E-15  2.6497394802915E-12 -8.8209683315923E-12  9.1778133117888E-12  1.3824000000000E+05
180  2.9733417375154E-15  1.9251519089920E-12 -7.3712917185516E-12  6.4643294736774E-12  1.3824000000000E+05
181  2.8154433518576E-15  1.6233330384161E-12 -5.1670853961961E-12  4.5078386146926E-12  1.3824000000000E+05
182  2.6657688403455E-15  1.9088918156125E-12 -6.0626106853239E-12  5.0432455357811E-12  1.3824000000000E+05
183  2.5222622344344E-15  2.0974600538024E-12 -5.6800968968501E-12  6.7698766708946E-12  1.3824000000000E+05
184  2.3820451783001E-15  1.8191528555819E-12 -5.2237914542294E-12  5.0499768442506E-12  1.3824000000000E+05
185  2.2397721537377E-15  1.7438630684633E-12 -4.9312559147637E-12  4.6667376784015E-12  1.3824000000000E+05
186  2.0921536109340E-15  2.4163965904994E-12 -5.9090257604858E-12  6.0794579005587E-12  1.3824000000000E+05
187  1.9346664189232E-15  2.2574907668369E-12 -5.7125038566039E-12  6.0806995356564E-12  1.3824000000000E+05
188  1.7812911639716E-15  2.2658988520035E-12 -8.2211040786901E-12  6.0129121796946E-12  1.3824000000000E+05
189  1.6423076890444E-15  2.0282867956931E-12 -6.8965875819919E-12  6.0022938241900E-12  1.3824000000000E+05
190  1.4835869159966E-15  1.4975907671666E-12 -3.9960490787844E-12  4.2900257908862E-12  1.3824000000000E+05
191  1.3178758497652E-15  1.5285705227664E-12 -3.8586380745024E-12  4.1765458549476E-12  1.3824000000000E+05
192  1.1550431394062E-15  9.1237772740054E-13 -2.5593395522305E-12  2.9719372311018E-12  1.3824000000000E+05
193  9.8809849192378E-16  1.4178077487442E-12 -4.2497299294574E-12  3.4835600430859E-12  1.3824000000000E+05
194  8.2362100683985E-16  1.2963994726976E-12 -2.9050794440014E-12  2.7666137459039E-12  1.3824000000000E+05
195  6.5708755323361E-16  1.3487735992881E-12 -2.9987690769862E-12  3.4615931250066E-12  1.3824000000000E+05
196  4.8438619383935E-16  1.1638445626245E-12 -3.7591861948892E-12  2.7730516255617E-12  1.3824000000000E+05
197  3.1908632117386E-16  6.3081171695157E-13 -1.6128901033928E-12  2.0146318028045E-12  1.3824000000000E+05
198  1.5625361082915E-16  1.0434731999607E-12 -2.2605595799427E-12  2.1668315178564E-12  1.3824000000000E+05
 
 field : THETA    ; Iter =      1200 ; region #   0 ; nb.Lev = 198
 k | --   Average    -- | --   Std.Dev    -- | --     min      -- | --     max      -- | --    Vol
  0  6.8171144830011E-02  9.3610523856355E-01 -1.8394815645549E+00  8.0515756738997E-01  2.7371520000000E+07
  1 -1.8378569681128E+00  9.1426956192697E-04 -1.8394815645549E+00 -1.8363019298842E+00  1.3824000000000E+05
  2 -1.8375914651437E+00  9.0414068038997E-04 -1.8391901486271E+00 -1.8360458915588E+00  1.3824000000000E+05
  3 -1.8370634053466E+00  8.8631421961964E-04 -1.8386146559476E+00 -1.8355328584781E+00  1.3824000000000E+05
  4 -1.8362779885064E+00  8.6558248756229E-04 -1.8377689111189E+00 -1.8347603435307E+00  1.3824000000000E+05
  5 -1.8352413063956E+00  8.4895723836666E-04 -1.8366715717625E+00 -1.8337232022135E+00  1.3824000000000E+05
  6 -1.8339583558582E+00  8.4544936979913E-04 -1.8353437707038E+00 -1.8324119980936E+00  1.3824000000000E+05
  7 -1.8324304870531E+00  8.6575643405754E-04 -1.8338061558947E+00 -1.8308109298677E+00  1.3824000000000E+05
  8 -1.8306523609856E+00  9.2186100656717E-04 -1.8320754113552E+00 -1.8288954168006E+00  1.3824000000000E+05
  9 -1.8286085053002E+00  1.0265835967833E-03 -1.8301603027490E+00 -1.8266294692865E+00  1.3824000000000E+05
 10 -1.8262695790789E+00  1.1931196229621E-03 -1.8280572518559E+00 -1.8239630030191E+00  1.3824000000000E+05
 11 -1.8235884920171E+00  1.4344691061621E-03 -1.8257454312233E+00 -1.8208292868015E+00  1.3824000000000E+05
 12 -1.8204965745273E+00  1.7625881826463E-03 -1.8231814092326E+00 -1.8171427420518E+00  1.3824000000000E+05
 13 -1.8169000621364E+00  2.1871886381154E-03 -1.8202934841084E+00 -1.8127973319406E+00  1.3824000000000E+05
 14 -1.8126772326117E+00  2.7142660456258E-03 -1.8169760246669E+00 -1.8076657843000E+00  1.3824000000000E+05
 15 -1.8076766031450E+00  3.3445157296010E-03 -1.8130843659671E+00 -1.8015998792276E+00  1.3824000000000E+05
 16 -1.8017166373265E+00  4.0718298422402E-03 -1.8084310459827E+00 -1.7944319948091E+00  1.3824000000000E+05
 17 -1.7945874045966E+00  4.8821058048206E-03 -1.8027843515430E+00 -1.7859780398337E+00  1.3824000000000E+05
 18 -1.7860545578209E+00  5.7526257721789E-03 -1.7958701954014E+00 -1.7760418112671E+00  1.3824000000000E+05
 19 -1.7758658355311E+00  6.6522566766907E-03 -1.7873782066169E+00 -1.7644207012121E+00  1.3824000000000E+05
 20 -1.7637600564595E+00  7.5426522556323E-03 -1.7769725476026E+00 -1.7509125521130E+00  1.3824000000000E+05
 21 -1.7494782755344E+00  8.3805114727753E-03 -1.7643073853493E+00 -1.7353233328560E+00  1.3824000000000E+05
 22 -1.7327764508263E+00  9.1207785209138E-03 -1.7490462122626E+00 -1.7174751974573E+00  1.3824000000000E+05
 23 -1.7134386818549E+00  9.7204887558744E-03 -1.7308834588917E+00 -1.6972144078231E+00  1.3824000000000E+05
 24 -1.6912898772694E+00  1.0142811233183E-02 -1.7095662243870E+00 -1.6744185661064E+00  1.3824000000000E+05
 25 -1.6662066426086E+00  1.0360750284022E-02 -1.6849136249909E+00 -1.6490026193983E+00  1.3824000000000E+05
 26 -1.6381252751895E+00  1.0359972935201E-02 -1.6568313349099E+00 -1.6209231723301E+00  1.3824000000000E+05
 27 -1.6070460130585E+00  1.0140333865271E-02 -1.6253193956835E+00 -1.5901807666372E+00  1.3824000000000E+05
 28 -1.5730330768151E+00  9.7158594605618E-03 -1.5904722313937E+00 -1.5568199487035E+00  1.3824000000000E+05
 29 -1.5362105086768E+00  9.1131911192075E-03 -1.5524708735412E+00 -1.5209271287879E+00  1.3824000000000E+05
 30 -1.4967542787037E+00  8.3687267528291E-03 -1.5115684663054E+00 -1.4826264181315E+00  1.3824000000000E+05
 31 -1.4548815198916E+00  7.5248898746220E-03 -1.4680709852697E+00 -1.4420737915889E+00  1.3824000000000E+05
 32 -1.4108380134418E+00  6.6260613392915E-03 -1.4223156060471E+00 -1.3994500460574E+00  1.3824000000000E+05
 33 -1.3648851411519E+00  5.7147140059768E-03 -1.3746492348663E+00 -1.3549530967316E+00  1.3824000000000E+05
 34 -1.3172874532300E+00  4.8282028348793E-03 -1.3254093884925E+00 -1.3087901692360E+00  1.3824000000000E+05
 35 -1.2683017953013E+00  3.9965090237796E-03 -1.2749089935979E+00 -1.2611704086135E+00  1.3824000000000E+05
 36 -1.2181686463266E+00  3.2410544361133E-03 -1.2234259190787E+00 -1.2122983451588E+00  1.3824000000000E+05
 37 -1.1671059959096E+00  2.5745301083224E-03 -1.1711973158345E+00 -1.1623685459669E+00  1.3824000000000E+05
 38 -1.1153057873976E+00  2.0015500563449E-03 -1.1184182421374E+00 -1.1115616556921E+00  1.3824000000000E+05
 39 -1.0629327115580E+00  1.5198657047904E-03 -1.0652436706318E+00 -1.0600419058028E+00  1.3824000000000E+05
 40 -1.0101249759528E+00  1.1218588605835E-03 -1.0117928198631E+00 -1.0079560613396E+00  1.3824000000000E+05
 41 -9.5699660103269E-01  7.9606270462718E-04 -9.5815479732660E-01 -9.5543368646191E-01  1.3824000000000E+05
 42 -9.0364079445178E-01  5.2852345173563E-04 -9.0439472308694E-01 -9.0258854875788E-01  1.3824000000000E+05
 43 -8.5013400987666E-01  3.0389228383169E-04 -8.5055975600929E-01 -8.4952094675651E-01  1.3824000000000E+05
 44 -7.9654038158583E-01  1.0622195941573E-04 -7.9668470909014E-01 -7.9632073110293E-01  1.3824000000000E+05
 45 -7.4291631820393E-01  8.0691756016451E-05 -7.4307079101420E-01 -7.4279717260155E-01  1.3824000000000E+05
 46 -6.8931511872237E-01  2.7247559393058E-04 -6.8985078683266E-01 -6.8892223742266E-01  1.3824000000000E+05
 47 -6.3579152781213E-01  4.8471128023195E-04 -6.3674092074778E-01 -6.3508701342001E-01  1.3824000000000E+05
 48 -5.8240616770307E-01  7.3207115055069E-04 -5.8382554634915E-01 -5.8132516607929E-01  1.3824000000000E+05
 49 -5.2922976897187E-01  1.0280650116365E-03 -5.3119642277147E-01 -5.2768164943347E-01  1.3824000000000E+05
 50 -4.7634707660630E-01  1.3843308432682E-03 -4.7895542144488E-01 -4.7421769998496E-01  1.3824000000000E+05
 51 -4.2386024035553E-01  1.8097024619417E-03 -4.2721649708421E-01 -4.2101598360892E-01  1.3824000000000E+05
 52 -3.7189142433570E-01  2.3090872722031E-03 -3.7610674482431E-01 -3.6818557315153E-01  1.3824000000000E+05
 53 -3.2058430886245E-01  2.8822702336898E-03 -3.2576638828030E-01 -3.1586620827990E-01  1.3824000000000E+05
 54 -2.7010412828859E-01  3.5228218604948E-03 -2.7634758370518E-01 -2.6423109441815E-01  1.3824000000000E+05
 55 -2.2063591183576E-01  4.2173311822612E-03 -2.2801198600441E-01 -2.1348738783089E-01  1.3824000000000E+05
 56 -1.7238068421802E-01  4.9451943087204E-03 -1.8092710247148E-01 -1.6387354341368E-01  1.3824000000000E+05
 57 -1.2554954347150E-01  5.6791535551094E-03 -1.3526155509236E-01 -1.1565291096857E-01  1.3824000000000E+05
 58 -8.0355755288845E-02  6.3866970206685E-03 -9.1179473662712E-02 -6.9103364566512E-02  1.3824000000000E+05
 59 -3.7005261501483E-02  7.0323014104743E-03 -4.8834338348065E-02 -2.4503304077441E-02  1.3824000000000E+05
 60  4.3137430434580E-03  7.5803512312804E-03 -8.3626688103047E-03  1.7885003475374E-02  1.3824000000000E+05
 61  4.3441301969260E-02  7.9984242941265E-03  3.0121994732291E-02  5.7833191632056E-02  1.3824000000000E+05
 62  8.0255277209050E-02  8.2605293194557E-03  6.6534364770069E-02  9.5163714702806E-02  1.3824000000000E+05
 63  1.1467904575081E-01  8.3498443290220E-03  1.0082151685292E-01  1.2976384945996E-01  1.3824000000000E+05
 64  1.4668648830789E-01  8.2605496000331E-03  1.3296550034853E-01  1.6159494383145E-01  1.3824000000000E+05
 65  1.7630371629748E-01  7.9984731755649E-03  1.6298423056932E-01  1.9069564982352E-01  1.3824000000000E+05
 66  2.0360734190107E-01  7.5804482477279E-03  1.9093058550221E-01  2.1717869053267E-01  1.3824000000000E+05
 67  2.2871948550395E-01  7.0324838959143E-03  2.1688978114506E-01  2.4122161134194E-01  1.3824000000000E+05
 68  2.5180007297505E-01  6.3870321318525E-03  2.4097524125706E-01  2.6305277799830E-01  1.3824000000000E+05
 69  2.7303724611929E-01  5.6797587216210E-03  2.6332329399927E-01  2.8293445590966E-01  1.3824000000000E+05
 70  2.9263685527175E-01  4.9462708023905E-03  2.8408710698095E-01  3.0114504137222E-01  1.3824000000000E+05
 71  3.1081201028066E-01  4.2192178078118E-03  3.0343030659559E-01  3.1796240072276E-01  1.3824000000000E+05
 72  3.2777354746693E-01  3.5260787966542E-03  3.2152071633313E-01  3.3364986738904E-01  1.3824000000000E+05
 73  3.4372205846323E-01  2.8878068157519E-03  3.3852459702739E-01  3.4844586237415E-01  1.3824000000000E+05
 74  3.5884186653853E-01  2.3183518300311E-03  3.5460168941762E-01  3.6255747339533E-01  1.3824000000000E+05
 75  3.7329707277580E-01  1.8249567575557E-03  3.6990125856437E-01  3.7615777048387E-01  1.3824000000000E+05
 76  3.8722956636604E-01  1.4090353431907E-03  3.8455923383773E-01  3.8938623227479E-01  1.3824000000000E+05
 77  4.0075872515004E-01  1.0674029821709E-03  3.9869643950831E-01  4.0235144060607E-01  1.3824000000000E+05
 78  4.1398243422526E-01  7.9363805095948E-04  4.1241782879385E-01  4.1513516062318E-01  1.3824000000000E+05
 79  4.2697901847383E-01  5.7939005914876E-04  4.2581257437111E-01  4.2779701808740E-01  1.3824000000000E+05
 80  4.3980970639821E-01  4.1550705742318E-04  4.3895483290954E-01  4.4037916034314E-01  1.3824000000000E+05
 81  4.5252130015626E-01  2.9291403759082E-04  4.5190498885990E-01  4.5291048959157E-01  1.3824000000000E+05
 82  4.6514880228054E-01  2.0322587451660E-04  4.6471118978221E-01  4.6541024596005E-01  1.3824000000000E+05
 83  4.7771782809020E-01  1.3911660845018E-04  4.7741100671007E-01  4.7789086876760E-01  1.3824000000000E+05
 84  4.9024670343512E-01  9.4489829798440E-05  4.9003308277945E-01  4.9036016814286E-01  1.3824000000000E+05
 85  5.0274820397399E-01  6.4504009525601E-05  5.0259866638396E-01  5.0282289798412E-01  1.3824000000000E+05
 86  5.1523093251984E-01  4.5505320966781E-05  5.1512295725672E-01  5.1528184397835E-01  1.3824000000000E+05
 87  5.2770035586847E-01  3.4914217342026E-05  5.2761622224583E-01  5.2773853807278E-01  1.3824000000000E+05
 88  5.4015953450964E-01  3.1106703591996E-05  5.4008466063821E-01  5.4019369369108E-01  1.3824000000000E+05
 89  5.5260958105778E-01  3.3315743776773E-05  5.5253101640075E-01  5.5264743203786E-01  1.3824000000000E+05
 90  5.6504987958450E-01  4.1539757955508E-05  5.6495494727826E-01  5.6509934431398E-01  1.3824000000000E+05
 91  5.7747809146545E-01  5.6455409727344E-05  5.7735316953459E-01  5.7754841063643E-01  1.3824000000000E+05
 92  5.8988996661295E-01  7.9360599215735E-05  5.8971940371432E-01  5.8999277561040E-01  1.3824000000000E+05
 93  6.0227897434147E-01  1.1212975907947E-04  6.0204415254258E-01  6.0242936405239E-01  1.3824000000000E+05
 94  6.1463576745830E-01  1.5714850295596E-04  6.1431434806143E-01  6.1485330978102E-01  1.3824000000000E+05
 95  6.2694749786602E-01  2.1720616640182E-04  6.2651291190411E-01  6.2725716781103E-01  1.3824000000000E+05
 96  6.3919701279100E-01  2.9532856938357E-04  6.3861828022208E-01  6.3962988845982E-01  1.3824000000000E+05
 97  6.5136197766301E-01  3.9453612401582E-04  6.5060395253202E-01  6.5195555364721E-01  1.3824000000000E+05
 98  6.6341399349555E-01  5.1752107985975E-04  6.6243813041195E-01  6.6421191289499E-01  1.3824000000000E+05
 99  6.7531780080387E-01  6.6625145951719E-04  6.7408351588687E-01  6.7636880864313E-01  1.3824000000000E+05
100  6.8703068462713E-01  8.4152719669824E-04  6.8549733869240E-01  6.8838664302524E-01  1.3824000000000E+05
101  6.9850221082540E-01  1.0425333103241E-03  6.9663167472458E-01  7.0021510183834E-01  1.3824000000000E+05
102  7.0967442662474E-01  1.2664522310146E-03  7.0743410372977E-01  7.1179240202165E-01  1.3824000000000E+05
103  7.2048264298253E-01  1.5082078296662E-03  7.1784873238061E-01  7.2304534950430E-01  1.3824000000000E+05
104  7.3085687920336E-01  1.7604129784019E-03  7.2781758015451E-01  7.3389046842080E-01  1.3824000000000E+05
105  7.4072399111882E-01  2.0135772941808E-03  7.3728229192801E-01  7.4423637959167E-01  1.3824000000000E+05
106  7.5001042719250E-01  2.2566015826323E-03  7.4618610611878E-01  7.5398746552833E-01  1.3824000000000E+05
107  7.5864547092850E-01  2.4775434225791E-03  7.5447597453788E-01  7.6304867475208E-01  1.3824000000000E+05
108  7.6656474560761E-01  2.6645908634744E-03  7.6210470416087E-01  7.7133111785217E-01  1.3824000000000E+05
109  7.7371369319166E-01  2.8071376043597E-03  7.6903297574339E-01  7.7875792961970E-01  1.3824000000000E+05
110  7.8005070679699E-01  2.8968232175657E-03  7.7523109254441E-01  7.8526975622336E-01  1.3824000000000E+05
111  7.8554960492166E-01  2.9283939846836E-03  7.8068032574055E-01  7.9082920627221E-01  1.3824000000000E+05
112  7.9020118840194E-01  2.9002577269133E-03  7.8537375085337E-01  7.9542369479105E-01  1.3824000000000E+05
113  7.9401371266487E-01  2.8146478269137E-03  7.8931650910727E-01  7.9906630135196E-01  1.3824000000000E+05
114  7.9701222550636E-01  2.6773702267034E-03  7.9252547483380E-01  8.0179452640110E-01  1.3824000000000E+05
115  7.9923684638163E-01  2.4971711569366E-03  7.9502835944633E-01  8.0366711506924E-01  1.3824000000000E+05
116  8.0074017738072E-01  2.2848200402342E-03  7.9686232839433E-01  8.0475937195024E-01  1.3824000000000E+05
117  8.0158412130705E-01  2.0520405340025E-03  7.9807224464098E-01  8.0515756738997E-01  1.3824000000000E+05
118  8.0183642691207E-01  1.8104364586603E-03  7.9870867661808E-01  8.0495310767742E-01  1.3824000000000E+05
119  8.0156728140702E-01  1.5705474951594E-03  7.9882581813299E-01  8.0423710353138E-01  1.3824000000000E+05
120  8.0084622983243E-01  1.3411365006871E-03  7.9847946219712E-01  8.0309584131259E-01  1.3824000000000E+05
121  7.9973963009353E-01  1.1287645276284E-03  7.9772515200852E-01  8.0160747342506E-01  1.3824000000000E+05
122  7.9830876557379E-01  9.3766098455252E-04  7.9661660367071E-01  7.9984003891676E-01  1.3824000000000E+05
123  7.9660864896186E-01  7.6985393087503E-04  7.9520446091414E-01  7.9785073969927E-01  1.3824000000000E+05
124  7.9468747388541E-01  6.2549576747472E-04  7.9353540657892E-01  7.9568625897822E-01  1.3824000000000E+05
125  7.9258661375641E-01  5.0330549187616E-04  7.9165162298675E-01  7.9338382936631E-01  1.3824000000000E+05
126  7.9034103377775E-01  4.0104977730387E-04  7.8959056672261E-01  7.9097273809847E-01  1.3824000000000E+05
127  7.8797997179746E-01  3.1599804473625E-04  7.8738500469647E-01  7.8847598483212E-01  1.3824000000000E+05
128  7.8552775273432E-01  2.4530648613660E-04  7.8506324831267E-01  7.8591186711609E-01  1.3824000000000E+05
129  7.8300462383073E-01  1.8630706786170E-04  7.8264952063262E-01  7.8329534218646E-01  1.3824000000000E+05
130  7.8042752772109E-01  1.3669601078102E-04  7.8016439618667E-01  7.8063908633051E-01  1.3824000000000E+05
131  7.7781076158057E-01  9.4631019613476E-05  7.7762526265663E-01  7.7795423430236E-01  1.3824000000000E+05
132  7.7516649912960E-01  5.8763053341005E-05  7.7504676591679E-01  7.7525082593782E-01  1.3824000000000E+05
133  7.7250517530971E-01  2.8308751689718E-05  7.7244121292504E-01  7.7253801438074E-01  1.3824000000000E+05
134  7.6983574982514E-01  6.4966186147814E-06  7.6981891908762E-01  7.6984288887900E-01  1.3824000000000E+05
135  7.6716587546211E-01  2.1804875227508E-05  7.6711647406177E-01  7.6718886612563E-01  1.3824000000000E+05
136  7.6450200094592E-01  3.9610668502572E-05  7.6442148156810E-01  7.6455708972303E-01  1.3824000000000E+05
137  7.6184943727209E-01  5.4009195563830E-05  7.6174433692860E-01  7.6193056075958E-01  1.3824000000000E+05
138  7.5921241228116E-01  6.4991355185146E-05  7.5908904355805E-01  7.5931364636759E-01  1.3824000000000E+05
139  7.5659413201312E-01  7.2783145274502E-05  7.5645839012604E-01  7.5671008659751E-01  1.3824000000000E+05
140  7.5399686023107E-01  7.7713623022365E-05  7.5385401497000E-01  7.5412274126693E-01  1.3824000000000E+05
141  7.5142202043834E-01  8.0189279966946E-05  7.5127653722215E-01  7.5155369895035E-01  1.3824000000000E+05
142  7.4887031855302E-01  8.0668006533849E-05  7.4872574055664E-01  7.4900438307728E-01  1.3824000000000E+05
143  7.4634187977270E-01  7.9627200253798E-05  7.4620078829554E-01  7.4647565679914E-01  1.3824000000000E+05
144  7.4383639044195E-01  7.7530494176348E-05  7.4370044531610E-01  7.4396792619045E-01  1.3824000000000E+05
145  7.4135323502641E-01  7.4798218078015E-05  7.4122328312768E-01  7.4148123992711E-01  1.3824000000000E+05
146  7.3889161940496E-01  7.1786128751380E-05  7.3876784930364E-01  7.3901538286783E-01  1.3824000000000E+05
147  7.3645067415355E-01  6.8774269176132E-05  7.3633279009974E-01  7.3656996087731E-01  1.3824000000000E+05
148  7.3402953466634E-01  6.5966019092562E-05  7.3391692394737E-01  7.3414447461588E-01  1.3824000000000E+05
149  7.3162739813549E-01  6.3495209099898E-05  7.3151927173827E-01  7.3173838068651E-01  1.3824000000000E+05
150  7.2924355995974E-01  6.1438126905193E-05  7.2913905577727E-01  7.2935113928883E-01  1.3824000000000E+05
151  7.2687743363978E-01  5.9826627121249E-05  7.2677568189420E-01  7.2698224822870E-01  1.3824000000000E+05
152  7.2452855848623E-01  5.8659031768366E-05  7.2442871819522E-01  7.2463126367450E-01  1.3824000000000E+05
153  7.2219659864193E-01  5.7906746392736E-05  7.2209787984266E-01  7.2229780840731E-01  1.3824000000000E+05
154  7.1988133537667E-01  5.7515634798821E-05  7.1978302329450E-01  7.1998156850858E-01  1.3824000000000E+05
155  7.1758265286033E-01  5.7403181867190E-05  7.1748414718622E-01  7.1768227953624E-01  1.3824000000000E+05
156  7.1530051619140E-01  5.7453663220376E-05  7.1520139206001E-01  7.1539970333977E-01  1.3824000000000E+05
157  7.1303493977430E-01  5.7514195315795E-05  7.1293502863346E-01  7.1313359683879E-01  1.3824000000000E+05
158  7.1078594442436E-01  5.7394317997667E-05  7.1068542481803E-01  7.1088367437874E-01  1.3824000000000E+05
159  7.0855350281648E-01  5.6871758308173E-05  7.0845298508881E-01  7.0864956568974E-01  1.3824000000000E+05
160  7.0633747483148E-01  5.5704936440627E-05  7.0623806124826E-01  7.0643077196184E-01  1.3824000000000E+05
161  7.0413753658260E-01  5.3652157411436E-05  7.0404083985866E-01  7.0422662303620E-01  1.3824000000000E+05
162  7.0195310894219E-01  5.0495465237230E-05  7.0186121725409E-01  7.0203623909055E-01  1.3824000000000E+05
163  6.9978329279901E-01  4.6066020448089E-05  6.9969867690062E-01  6.9985850036879E-01  1.3824000000000E+05
164  6.9762681875053E-01  4.0268164422367E-05  6.9755218523095E-01  6.9769202838680E-01  1.3824000000000E+05
165  6.9548201835084E-01  3.3098118016157E-05  6.9542012079999E-01  6.9553518159928E-01  1.3824000000000E+05
166  6.9334682246134E-01  2.4654981859313E-05  6.9330024809649E-01  6.9338606774420E-01  1.3824000000000E+05
167  6.9121878991781E-01  1.5142838076048E-05  6.9118974237617E-01  6.9124257405521E-01  1.3824000000000E+05
168  6.8909516696208E-01  4.8666596655281E-06  6.8908526634531E-01  6.8910241535629E-01  1.3824000000000E+05
169  6.8697297505352E-01  5.8224100375437E-06  6.8696319886938E-01  6.8698309420311E-01  1.3824000000000E+05
170  6.8484912211955E-01  1.6442184588483E-05  6.8482250353125E-01  6.8487927398604E-01  1.3824000000000E+05
171  6.8272053031995E-01  2.6553965849454E-05  6.8267797086861E-01  6.8276981564235E-01  1.3824000000000E+05
172  6.8058427221827E-01  3.5689452104307E-05  6.8052740415867E-01  6.8065088992600E-01  1.3824000000000E+05
173  6.7843770704286E-01  4.3408449298055E-05  6.7836887273667E-01  6.7851902218537E-01  1.3824000000000E+05
174  6.7627860957511E-01  4.9314420001666E-05  6.7620081893373E-01  6.7637126561794E-01  1.3824000000000E+05
175  6.7410528613578E-01  5.3062654150207E-05  6.7402216613588E-01  6.7420534085834E-01  1.3824000000000E+05
176  6.7191667504118E-01  5.4356302177572E-05  6.7183242769816E-01  6.7201973308874E-01  1.3824000000000E+05
177  6.6971243251496E-01  5.2930304051215E-05  6.6963181769911E-01  6.6981374420859E-01  1.3824000000000E+05
178  6.6749300894172E-01  4.8526094225286E-05  6.6742136550281E-01  6.6758750558386E-01  1.3824000000000E+05
179  6.6525972395176E-01  4.0868294129042E-05  6.6520303651708E-01  6.6534196564909E-01  1.3824000000000E+05
180  6.6301485143748E-01  2.9688643040104E-05  6.6297986113053E-01  6.6307887488043E-01  1.3824000000000E+05
181  6.6076172649956E-01  1.5241368984261E-05  6.6074789813165E-01  6.6080079684939E-01  1.3824000000000E+05
182  6.5850488487068E-01  1.1435535712988E-05  6.5849377501381E-01  6.5853725045341E-01  1.3824000000000E+05
183  6.5625024114315E-01  3.5025118238868E-05  6.5621399361944E-01  6.5633046843017E-01  1.3824000000000E+05
184  6.5400530504774E-01  6.7172574521069E-05  6.5391653176941E-01  6.5414442992221E-01  1.3824000000000E+05
185  6.5177942545041E-01  1.0690284981971E-04  6.5162473496339E-01  6.5198958438079E-01  1.3824000000000E+05
186  6.4958404052023E-01  1.5475489770522E-04  6.4934869574172E-01  6.4987820238182E-01  1.3824000000000E+05
187  6.4743290108077E-01  2.1116436353361E-04  6.4710067386844E-01  6.4782439033016E-01  1.3824000000000E+05
188  6.4534222435714E-01  2.7618392469200E-04  6.4489611599558E-01  6.4584402341123E-01  1.3824000000000E+05
189  6.4333072933699E-01  3.4929907290251E-04  6.4275407309433E-01  6.4395457754239E-01  1.3824000000000E+05
190  6.4141950492564E-01  4.2928726658016E-04  6.4069741116888E-01  6.4217484597597E-01  1.3824000000000E+05
191  6.3963166970580E-01  5.1413689214049E-04  6.3875270738779E-01  6.4052453405977E-01  1.3824000000000E+05
192  6.3799179819585E-01  6.0104894938528E-04  6.3694974122806E-01  6.3902373600920E-01  1.3824000000000E+05
193  6.3652511244164E-01  6.8653847823504E-04  6.3532052904817E-01  6.3769230946949E-01  1.3824000000000E+05
194  6.3525646733277E-01  7.6664017775044E-04  6.3389790879641E-01  6.3654917584495E-01  1.3824000000000E+05
195  6.3420918935937E-01  8.3720633416569E-04  6.3271375231642E-01  6.3561158530402E-01  1.3824000000000E+05
196  6.3340385663224E-01  8.9426802068025E-04  6.3179695419829E-01  6.3489439346918E-01  1.3824000000000E+05
197  6.3285712759246E-01  9.3441620507492E-04  6.3117140382902E-01  6.3440940072598E-01  1.3824000000000E+05
198  6.3258073245235E-01  9.5515142901351E-04  6.3085417718237E-01  6.3416480394423E-01  1.3824000000000E+05
 
 field : PHIHYD   ; Iter =      1200 ; region #   0 ; nb.Lev = 198
 k | --   Average    -- | --   Std.Dev    -- | --     min      -- | --     max      -- | --    Vol
  0  5.5185787041886E+01  3.2237747575513E+01  2.7220741717707E-01  1.1136812530802E+02  2.7371520000000E+07
  1  2.7220744065523E-01  2.0144617729605E-08  2.7220741717707E-01  2.7220748217570E-01  1.3824000000000E+05
  2  8.1671775595738E-01  5.5115221737731E-08  8.1671768328714E-01  8.1671788537102E-01  1.3824000000000E+05
  3  1.3614189415057E+00  9.8862341407708E-08  1.3614188111041E+00  1.3614191752409E+00  1.3824000000000E+05
  4  1.9063110026229E+00  1.7496934484042E-07  1.9063107968269E+00  1.9063113717336E+00  1.3824000000000E+05
  5  2.4513939479484E+00  2.5998871730407E-07  2.4513936368850E+00  2.4513945016041E+00  1.3824000000000E+05
  6  2.9966677919532E+00  3.5956593005418E-07  2.9966673290381E+00  2.9966686023317E+00  1.3824000000000E+05
  7  3.5421325582382E+00  5.3220193391679E-07  3.5421318740693E+00  3.5421337268058E+00  1.3824000000000E+05
  8  4.0877882838538E+00  7.5944605981677E-07  4.0877872783317E+00  4.0877899489450E+00  1.3824000000000E+05
  9  4.6336350248862E+00  1.1115006433157E-06  4.6336335574844E+00  4.6336373703670E+00  1.3824000000000E+05
 10  5.1796728635353E+00  1.5613306904127E-06  5.1796707418325E+00  5.1796761281612E+00  1.3824000000000E+05
 11  5.7259019168664E+00  2.1775089934311E-06  5.7258988837375E+00  5.7259064037190E+00  1.3824000000000E+05
 12  6.2723223473275E+00  3.0320044626136E-06  6.2723180675769E+00  6.2723284324659E+00  1.3824000000000E+05
 13  6.8189343749756E+00  4.0878829371862E-06  6.8189284226505E+00  6.8189425141996E+00  1.3824000000000E+05
 14  7.3657382911559E+00  5.4964602862074E-06  7.3657301392387E+00  7.3657490235875E+00  1.3824000000000E+05
 15  7.9127344731122E+00  7.2558557579804E-06  7.9127234876761E+00  7.9127484202199E+00  1.3824000000000E+05
 16  8.4599233987038E+00  9.4402356489030E-06  8.4599088398071E+00  8.4599412574780E+00  1.3824000000000E+05
 17  9.0073056600919E+00  1.2064590151507E-05  9.0072866915696E+00  9.0073281893634E+00  1.3824000000000E+05
 18  9.5548819749774E+00  1.5194497965473E-05  9.5548576847685E+00  9.5549099743886E+00  1.3824000000000E+05
 19  1.0102653193790E+01  1.8836578614757E-05  1.0102622625468E+01  1.0102687475654E+01  1.3824000000000E+05
 20  1.0650620301194E+01  2.2974027726055E-05  1.0650582496001E+01  1.0650661656356E+01  1.3824000000000E+05
 21  1.1198784410455E+01  2.7579919827577E-05  1.1198738457526E+01  1.1198833570195E+01  1.3824000000000E+05
 22  1.1747146749631E+01  3.2605892492162E-05  1.1747091840473E+01  1.1747204346460E+01  1.3824000000000E+05
 23  1.2295708639192E+01  3.7956503800585E-05  1.2295644121208E+01  1.2295775169967E+01  1.3824000000000E+05
 24  1.2844471461509E+01  4.3529615016991E-05  1.2844396884704E+01  1.2844547256443E+01  1.3824000000000E+05
 25  1.3393436623540E+01  4.9203839138759E-05  1.3393351774796E+01  1.3393521824374E+01  1.3824000000000E+05
 26  1.3942605514909E+01  5.4850192445550E-05  1.3942510435400E+01  1.3942700064689E+01  1.3824000000000E+05
 27  1.4491979464191E+01  6.0332412973008E-05  1.4491874447534E+01  1.4492083109914E+01  1.3824000000000E+05
 28  1.5041559696578E+01  6.5549909828466E-05  1.5041445267776E+01  1.5041672004518E+01  1.3824000000000E+05
 29  1.5591347295985E+01  7.0390849460836E-05  1.5591224173764E+01  1.5591467678119E+01  1.3824000000000E+05
 30  1.6141343174251E+01  7.4782260830798E-05  1.6141212221406E+01  1.6141470923013E+01  1.3824000000000E+05
 31  1.6691548049255E+01  7.8674920097679E-05  1.6691410216879E+01  1.6691682377100E+01  1.3824000000000E+05
 32  1.7241962432846E+01  8.2047555857444E-05  1.7241818704528E+01  1.7242102512870E+01  1.3824000000000E+05
 33  1.7792586628485E+01  8.4908292235944E-05  1.7792437969854E+01  1.7792731632601E+01  1.3824000000000E+05
 34  1.8343420737602E+01  8.7269538333352E-05  1.8343268055184E+01  1.8343569869493E+01  1.3824000000000E+05
 35  1.8894464673054E+01  8.9186861815682E-05  1.8894308784638E+01  1.8894617194049E+01  1.3824000000000E+05
 36  1.9445718177695E+01  9.0705269881205E-05  1.9445559794651E+01  1.9445873424750E+01  1.3824000000000E+05
 37  1.9997180846006E+01  9.1882827847534E-05  1.9997020566520E+01  1.9997338241922E+01  1.3824000000000E+05
 38  2.0548852146879E+01  9.2772908402784E-05  2.0548690458096E+01  2.0549011203641E+01  1.3824000000000E+05
 39  2.1100731446012E+01  9.3438498445961E-05  2.1100568732569E+01  2.1100891762621E+01  1.3824000000000E+05
 40  2.1652818026764E+01  9.3924712669199E-05  2.1652654583146E+01  2.1652979283178E+01  1.3824000000000E+05
 41  2.2205111108767E+01  9.4271281127462E-05  2.2204947153207E+01  2.2205273057577E+01  1.3824000000000E+05
 42  2.2757609863998E+01  9.4523109554682E-05  2.2757445552084E+01  2.2757772321302E+01  1.3824000000000E+05
 43  2.3310313430330E+01  9.4704230065247E-05  2.3310148866983E+01  2.3310476267027E+01  1.3824000000000E+05
 44  2.3863220922834E+01  9.4837865126042E-05  2.3863056171815E+01  2.3863384057259E+01  1.3824000000000E+05
 45  2.4416331443289E+01  9.4971348473689E-05  2.4416166533732E+01  2.4416494835807E+01  1.3824000000000E+05
 46  2.4969644088436E+01  9.5074262136447E-05  2.4969479018225E+01  2.4969807738345E+01  1.3824000000000E+05
 47  2.5523157957586E+01  9.5217378378307E-05  2.5522992693564E+01  2.5523321902418E+01  1.3824000000000E+05
 48  2.6076872160175E+01  9.5399382199674E-05  2.6076706635362E+01  2.6077036477270E+01  1.3824000000000E+05
 49  2.6630785823859E+01  9.5654699250501E-05  2.6630619931989E+01  2.6630950633837E+01  1.3824000000000E+05
 50  2.7184898103624E+01  9.5995971002352E-05  2.7184731691569E+01  2.7185063575191E+01  1.3824000000000E+05
 51  2.7739208192335E+01  9.6465326448773E-05  2.7739041051200E+01  2.7739374547622E+01  1.3824000000000E+05
 52  2.8293715332943E+01  9.7087541585380E-05  2.8293547188965E+01  2.8293882852383E+01  1.3824000000000E+05
 53  2.8848418832370E+01  9.7926948341857E-05  2.8848249339088E+01  2.8848587857965E+01  1.3824000000000E+05
 54  2.9403318076843E+01  9.9000544789760E-05  2.9403146810262E+01  2.9403489012604E+01  1.3824000000000E+05
 55  2.9958412548101E+01  1.0034273313951E-04  2.9958239006719E+01  2.9958585856512E+01  1.3824000000000E+05
 56  3.0513701839635E+01  1.0201236623208E-04  3.0513525451041E+01  3.0513878033212E+01  1.3824000000000E+05
 57  3.1069185671774E+01  1.0401384132939E-04  3.1069005807082E+01  3.1069365299210E+01  1.3824000000000E+05
 58  3.1624863904271E+01  1.0636676230421E-04  3.1624679900825E+01  3.1625047531241E+01  1.3824000000000E+05
 59  3.2180736544939E+01  1.0906718278296E-04  3.2180547736633E+01  3.2180924730326E+01  1.3824000000000E+05
 60  3.2736803753014E+01  1.1210922157001E-04  3.2736609506299E+01  3.2736997022031E+01  1.3824000000000E+05
 61  3.3293065836223E+01  1.1543842693889E-04  3.3292865588730E+01  3.3293264652526E+01  1.3824000000000E+05
 62  3.3849523241053E+01  1.1901973092940E-04  3.3849316538896E+01  3.3849727980317E+01  1.3824000000000E+05
 63  3.4406176536321E+01  1.2276638212264E-04  3.4405963065899E+01  3.4406387463854E+01  1.3824000000000E+05
 64  3.4963026390866E+01  1.2657284594011E-04  3.4962806001336E+01  3.4963243645536E+01  1.3824000000000E+05
 65  3.5520073546775E+01  1.3038238619493E-04  3.5519846260472E+01  3.5520297132913E+01  1.3824000000000E+05
 66  3.6077318790054E+01  1.3410609771231E-04  3.6077084799624E+01  3.6077548578134E+01  1.3824000000000E+05
 67  3.6634762920865E+01  1.3766577115078E-04  3.6634522573641E+01  3.6634998656768E+01  1.3824000000000E+05
 68  3.7192406725418E+01  1.4098387790628E-04  3.7192160497185E+01  3.7192648047178E+01  1.3824000000000E+05
 69  3.7750250951346E+01  1.4400489810891E-04  3.7749999412806E+01  3.7750497411508E+01  1.3824000000000E+05
 70  3.8308296287862E+01  1.4669937072247E-04  3.8308040067750E+01  3.8308547379157E+01  1.3824000000000E+05
 71  3.8866543351472E+01  1.4905743094898E-04  3.8866283100188E+01  3.8866798533384E+01  1.3824000000000E+05
 72  3.9424992677380E+01  1.5109137699472E-04  3.9424729034439E+01  3.9425251401375E+01  1.3824000000000E+05
 73  3.9983644716213E+01  1.5275210653171E-04  3.9983378283838E+01  3.9983906447858E+01  1.3824000000000E+05
 74  4.0542499835319E+01  1.5412924506313E-04  4.0542231159403E+01  4.0542764072071E+01  1.3824000000000E+05
 75  4.1101558323622E+01  1.5525257343189E-04  4.1101287882218E+01  4.1101824607703E+01  1.3824000000000E+05
 76  4.1660820398967E+01  1.5612014894194E-04  4.1660548597636E+01  4.1661088325316E+01  1.3824000000000E+05
 77  4.2220286216907E+01  1.5678929662097E-04  4.2220013389678E+01  4.2220555436631E+01  1.3824000000000E+05
 78  4.2779955880041E+01  1.5730411109211E-04  4.2779682294479E+01  4.2780226100117E+01  1.3824000000000E+05
 79  4.3339829447190E+01  1.5767859805803E-04  4.3339555312054E+01  4.3340100427304E+01  1.3824000000000E+05
 80  4.3899906941902E+01  1.5796122038068E-04  4.3899632416063E+01  4.3900178489346E+01  1.3824000000000E+05
 81  4.4460188359984E+01  1.5816741806032E-04  4.4459913561534E+01  4.4460460323444E+01  1.3824000000000E+05
 82  4.5020673675905E+01  1.5830155284125E-04  4.5020398690729E+01  4.5020945938830E+01  1.3824000000000E+05
 83  4.5581362848050E+01  1.5840831591258E-04  4.5581087737417E+01  4.5581635322127E+01  1.3824000000000E+05
 84  4.6142255822891E+01  1.5844852637868E-04  4.6141980629882E+01  4.6142528441950E+01  1.3824000000000E+05
 85  4.6703352538182E+01  1.5848479966762E-04  4.6703077292955E+01  4.6703625252716E+01  1.3824000000000E+05
 86  4.7264652925311E+01  1.5852641164187E-04  4.7264377649335E+01  4.7264925697654E+01  1.3824000000000E+05
 87  4.7826156910932E+01  1.5852426966719E-04  4.7825881620403E+01  4.7826429711049E+01  1.3824000000000E+05
 88  4.8387864417995E+01  1.5854819548744E-04  4.8387589126668E+01  4.8388137219749E+01  1.3824000000000E+05
 89  4.8949775366243E+01  1.5852418974747E-04  4.8949500087943E+01  4.8950048144001E+01  1.3824000000000E+05
 90  4.9511889672244E+01  1.5851188653649E-04  4.9511614423286E+01  4.9512162397652E+01  1.3824000000000E+05
 91  5.0074207248958E+01  1.5847884904516E-04  5.0073932050710E+01  5.0074479887737E+01  1.3824000000000E+05
 92  5.0636728004842E+01  1.5842201530090E-04  5.0636452886609E+01  5.0637000513501E+01  1.3824000000000E+05
 93  5.1199451842459E+01  1.5831345870795E-04  5.1199176844823E+01  5.1199724164871E+01  1.3824000000000E+05
 94  5.1762378656542E+01  1.5819814722757E-04  5.1762103835222E+01  5.1762650720394E+01  1.3824000000000E+05
 95  5.2325508331463E+01  1.5800389848853E-04  5.2325233761654E+01  5.2325780044706E+01  1.3824000000000E+05
 96  5.2888840738080E+01  1.5782185495057E-04  5.2888566519104E+01  5.2889111985569E+01  1.3824000000000E+05
 97  5.3452375729950E+01  1.5745955182401E-04  5.3452101989892E+01  5.3452646370585E+01  1.3824000000000E+05
 98  5.4016113138960E+01  1.5705188834763E-04  5.4015840038816E+01  5.4016383003706E+01  1.3824000000000E+05
 99  5.4580052770506E+01  1.5652426746722E-04  5.4579780507187E+01  5.4580321661731E+01  1.3824000000000E+05
100  5.5144194398411E+01  1.5586211357793E-04  5.5143923205885E+01  5.5144462090969E+01  1.3824000000000E+05
101  5.5708537759902E+01  1.5504982402042E-04  5.5708267907703E+01  5.5708804004348E+01  1.3824000000000E+05
102  5.6273082551028E+01  1.5406931638213E-04  5.6272814339501E+01  5.6273347079197E+01  1.3824000000000E+05
103  5.6837828422987E+01  1.5292699085064E-04  5.6837562174850E+01  5.6838090955982E+01  1.3824000000000E+05
104  5.7402774979846E+01  1.5160905145168E-04  5.7402511028080E+01  5.7403035238225E+01  1.3824000000000E+05
105  5.7967921778124E+01  1.5013311253569E-04  5.7967660450648E+01  5.7968179493776E+01  1.3824000000000E+05
106  5.8533268328628E+01  1.4845247971003E-04  5.8533009930764E+01  5.8533523257570E+01  1.3824000000000E+05
107  5.9098814100748E+01  1.4666284735740E-04  5.9098558896946E+01  5.9099066035872E+01  1.3824000000000E+05
108  5.9664558529266E+01  1.4476913662447E-04  5.9664306725858E+01  5.9664807311920E+01  1.3824000000000E+05
109  6.0230501023442E+01  1.4281404610514E-04  6.0230252754292E+01  6.0230746552788E+01  1.3824000000000E+05
110  6.0796640977952E+01  1.4082068004151E-04  6.0796396294647E+01  6.0796883217163E+01  1.3824000000000E+05
111  6.1362977785016E+01  1.3886072675272E-04  6.1362736652808E+01  6.1363216763675E+01  1.3824000000000E+05
112  6.1929510846931E+01  1.3697643939479E-04  6.1929273146941E+01  6.1929746659373E+01  1.3824000000000E+05
113  6.2496239588167E+01  1.3515750311720E-04  6.2496005125633E+01  6.2496472387904E+01  1.3824000000000E+05
114  6.3063163466215E+01  1.3353168880729E-04  6.3062931983822E+01  6.3063393456986E+01  1.3824000000000E+05
115  6.3630281980528E+01  1.3197232282160E-04  6.3630053175308E+01  6.3630509404836E+01  1.3824000000000E+05
116  6.4197594679067E+01  1.3063075789377E-04  6.4197368221025E+01  6.4197819805245E+01  1.3824000000000E+05
117  6.4765101162231E+01  1.2945863110172E-04  6.4764876712842E+01  6.4765324271162E+01  1.3824000000000E+05
118  6.5332801084162E+01  1.2844054160655E-04  6.5332578313087E+01  6.5333022456673E+01  1.3824000000000E+05
119  6.5900694151656E+01  1.2765838827333E-04  6.5900472750482E+01  6.5900914057438E+01  1.3824000000000E+05
120  6.6468780121061E+01  1.2698118187025E-04  6.6468559813376E+01  6.6468998809700E+01  1.3824000000000E+05
121  6.7037058793639E+01  1.2638486659327E-04  6.7036839341301E+01  6.7037276488053E+01  1.3824000000000E+05
122  6.7605530009918E+01  1.2599929620898E-04  6.7605311215821E+01  6.7605746902220E+01  1.3824000000000E+05
123  6.8174193643513E+01  1.2574468377203E-04  6.8173975351465E+01  6.8174409893117E+01  1.3824000000000E+05
124  6.8743049594842E+01  1.2543098697443E-04  6.8742831687312E+01  6.8743265328461E+01  1.3824000000000E+05
125  6.9312097785058E+01  1.2518184753240E-04  6.9311880179578E+01  6.9312313098185E+01  1.3824000000000E+05
126  6.9881338150434E+01  1.2500599677431E-04  6.9881120795311E+01  6.9881553109890E+01  1.3824000000000E+05
127  7.0450770637342E+01  1.2486793999398E-04  7.0450553507168E+01  7.0450985284504E+01  1.3824000000000E+05
128  7.1020395197881E+01  1.2475079386418E-04  7.1020178289151E+01  7.1020609552309E+01  1.3824000000000E+05
129  7.1590211786196E+01  1.2463401964966E-04  7.1589995113142E+01  7.1590425849438E+01  1.3824000000000E+05
130  7.2160220355461E+01  1.2439467693040E-04  7.2160003946111E+01  7.2160434114904E+01  1.3824000000000E+05
131  7.2730420855527E+01  1.2424308880830E-04  7.2730204747895E+01  7.2730634288202E+01  1.3824000000000E+05
132  7.3300813231205E+01  1.2406966641230E-04  7.3300597469542E+01  7.3301026307503E+01  1.3824000000000E+05
133  7.3871397421175E+01  1.2388304104436E-04  7.3871182052216E+01  7.3871610108423E+01  1.3824000000000E+05
134  7.4442173357515E+01  1.2352111450902E-04  7.4441958426752E+01  7.4442385623339E+01  1.3824000000000E+05
135  7.5013140965814E+01  1.2326489739394E-04  7.5012926513900E+01  7.5013352781223E+01  1.3824000000000E+05
136  7.5584300165857E+01  1.2298649726140E-04  7.5584086225299E+01  7.5584511507914E+01  1.3824000000000E+05
137  7.6155650872799E+01  1.2274819170691E-04  7.6155437465180E+01  7.6155861726782E+01  1.3824000000000E+05
138  7.6727192998757E+01  1.2238703156074E-04  7.6726980132694E+01  7.6727403359685E+01  1.3824000000000E+05
139  7.7298926454699E+01  1.2212994911991E-04  7.7298714124740E+01  7.7299136328140E+01  1.3824000000000E+05
140  7.7870851152500E+01  1.2181978882963E-04  7.7870639339054E+01  7.7871060554590E+01  1.3824000000000E+05
141  7.8442967006993E+01  1.2154937113663E-04  7.8442755677339E+01  7.8443175963699E+01  1.3824000000000E+05
142  7.9015273937891E+01  1.2131638150530E-04  7.9015063048161E+01  7.9015482483539E+01  1.3824000000000E+05
143  7.9587771871407E+01  1.2111600592887E-04  7.9587561369389E+01  7.9587980046612E+01  1.3824000000000E+05
144  8.0160460741479E+01  1.2092668371512E-04  8.0160250569994E+01  8.0160668590611E+01  1.3824000000000E+05
145  8.0733340490493E+01  1.2076787418450E-04  8.0733130591094E+01  8.0733548058858E+01  1.3824000000000E+05
146  8.1306411069474E+01  1.2053906859874E-04  8.1306201386183E+01  8.1306618400404E+01  1.3824000000000E+05
147  8.1879672437707E+01  1.2051247876213E-04  8.1879462920575E+01  8.1879879569739E+01  1.3824000000000E+05
148  8.2453124561842E+01  1.2038976099751E-04  8.2452915170117E+01  8.2453331526159E+01  1.3824000000000E+05
149  8.3026767414507E+01  1.2038693871230E-04  8.3026558119273E+01  8.3026974232786E+01  1.3824000000000E+05
150  8.3600600972532E+01  1.2027199913049E-04  8.3600391758703E+01  8.3600807655320E+01  1.3824000000000E+05
151  8.4174625214863E+01  1.2025015468363E-04  8.4174416082458E+01  8.4174831760584E+01  1.3824000000000E+05
152  8.4748840120295E+01  1.2026035140942E-04  8.4748631084926E+01  8.4749046514944E+01  1.3824000000000E+05
153  8.5323245665128E+01  1.2003264136124E-04  8.5323036757661E+01  8.5323451882711E+01  1.3824000000000E+05
154  8.5897841820898E+01  1.1997296346736E-04  8.5897633086236E+01  8.5898047824616E+01  1.3824000000000E+05
155  8.6472628552304E+01  1.1973280875089E-04  8.6472420047285E+01  8.6472834296471E+01  1.3824000000000E+05
156  8.7047605815467E+01  1.1956094590571E-04  8.7047397605893E+01  8.7047811248100E+01  1.3824000000000E+05
157  8.7622773556663E+01  1.1943688379495E-04  8.7622565713521E+01  8.7622978622635E+01  1.3824000000000E+05
158  8.8198131711623E+01  1.1918785499534E-04  8.8197924306664E+01  8.8198336356234E+01  1.3824000000000E+05
159  8.8773680205511E+01  1.1889868645188E-04  8.8773473306394E+01  8.8773884378266E+01  1.3824000000000E+05
160  8.9349418953609E+01  1.1851632927520E-04  8.9349212618932E+01  8.9349622611984E+01  1.3824000000000E+05
161  8.9925347862748E+01  1.1821470650551E-04  8.9925142137310E+01  8.9925550975664E+01  1.3824000000000E+05
162  9.0501466833409E+01  1.1787372625615E-04  9.0501261744110E+01  9.0501669384169E+01  1.3824000000000E+05
163  9.1077775762420E+01  1.1750357686694E-04  9.1077571315156E+01  9.1077977750858E+01  1.3824000000000E+05
164  9.1654274546091E+01  1.1726485696458E-04  9.1654070723958E+01  9.1654475989744E+01  1.3824000000000E+05
165  9.2230963083592E+01  1.1691635283871E-04  9.2230759846602E+01  9.2231164017772E+01  1.3824000000000E+05
166  9.2807841280369E+01  1.1659004051658E-04  9.2807638566740E+01  9.2808041757091E+01  1.3824000000000E+05
167  9.3384909051355E+01  1.1631826163027E-04  9.3384706780321E+01  9.3385109137171E+01  1.3824000000000E+05
168  9.3962166323772E+01  1.1613906571469E-04  9.3961964399697E+01  9.3962366096641E+01  1.3824000000000E+05
169  9.4539613039326E+01  1.1610524820769E-04  9.4539411356827E+01  9.4539812584732E+01  1.3824000000000E+05
170  9.5117249155654E+01  1.1593200317987E-04  9.5117047605342E+01  9.5117448562221E+01  1.3824000000000E+05
171  9.5695074646918E+01  1.1595648450301E-04  9.5694873121367E+01  9.5695274001821E+01  1.3824000000000E+05
172  9.6273089503533E+01  1.1597075451369E-04  9.6272887903041E+01  9.6273288887985E+01  1.3824000000000E+05
173  9.6851293731020E+01  1.1606500179259E-04  9.6851091968827E+01  9.6851493216121E+01  1.3824000000000E+05
174  9.7429687348086E+01  1.1613889808340E-04  9.7429485354727E+01  9.7429886991251E+01  1.3824000000000E+05
175  9.8008270384048E+01  1.1612138933491E-04  9.8008068110615E+01  9.8008470226195E+01  1.3824000000000E+05
176  9.8587042875732E+01  1.1648521279497E-04  9.8586840295942E+01  9.8587242939335E+01  1.3824000000000E+05
177  9.9166004864055E+01  1.1667228945979E-04  9.9165801975074E+01  9.9166205152087E+01  1.3824000000000E+05
178  9.9745156390435E+01  1.1681636068329E-04  9.9744953212550E+01  9.9745356886172E+01  1.3824000000000E+05
179  1.0032449749322E+02  1.1685256062856E-04  1.0032429406851E+02  1.0032469816079E+02  1.3824000000000E+05
180  1.0090402820426E+02  1.1703669949115E-04  1.0090382459454E+02  1.0090422898980E+02  1.3824000000000E+05
181  1.0148374854578E+02  1.1688264981640E-04  1.0148354483002E+02  1.0148394937899E+02  1.3824000000000E+05
182  1.0206365852753E+02  1.1698270739112E-04  1.0206345479920E+02  1.0206385932347E+02  1.3824000000000E+05
183  1.0264375814438E+02  1.1686675029486E-04  1.0264355450889E+02  1.0264395880529E+02  1.3824000000000E+05
184  1.0322404737424E+02  1.1689458282801E-04  1.0322384394676E+02  1.0322424779124E+02  1.3824000000000E+05
185  1.0380452617629E+02  1.1662963009484E-04  1.0380432308014E+02  1.0380472623096E+02  1.3824000000000E+05
186  1.0438519448951E+02  1.1638237662101E-04  1.0438499185508E+02  1.0438539405523E+02  1.3824000000000E+05
187  1.0496605223139E+02  1.1597406119294E-04  1.0496585019564E+02  1.0496625117454E+02  1.3824000000000E+05
188  1.0554709929675E+02  1.1567720926809E-04  1.0554689800295E+02  1.0554729747793E+02  1.3824000000000E+05
189  1.0612833555675E+02  1.1503365117053E-04  1.0612813515417E+02  1.0612853283217E+02  1.3824000000000E+05
190  1.0670976085798E+02  1.1446916994125E-04  1.0670956150118E+02  1.0670995708115E+02  1.3824000000000E+05
191  1.0729137502174E+02  1.1368201731114E-04  1.0729117686905E+02  1.0729157004580E+02  1.3824000000000E+05
192  1.0787317784368E+02  1.1282342858637E-04  1.0787298105455E+02  1.0787337152425E+02  1.3824000000000E+05
193  1.0845516909389E+02  1.1218136788302E-04  1.0845497382492E+02  1.0845536129264E+02  1.3824000000000E+05
194  1.0903734851754E+02  1.1108668254498E-04  1.0903715491737E+02  1.0903753910630E+02  1.3824000000000E+05
195  1.0961971583639E+02  1.1009418537679E-04  1.0961952403958E+02  1.0961990470157E+02  1.3824000000000E+05
196  1.1020227075108E+02  1.0900298084649E-04  1.1020208087169E+02  1.1020245779811E+02  1.3824000000000E+05
197  1.1078501294439E+02  1.0781429344778E-04  1.1078482506978E+02  1.1078519810180E+02  1.3824000000000E+05
198  1.1136794208533E+02  1.0670695624897E-04  1.1136775627106E+02  1.1136812530802E+02  1.3824000000000E+05
 
 field : PHI_NH   ; Iter =      1200 ; region #   0 ; nb.Lev = 198
 k | --   Average    -- | --   Std.Dev    -- | --     min      -- | --     max      -- | --    Vol
  0  1.1634424166034E-13  3.5113776544683E-12 -2.3879983415123E-11  1.6777632779550E-11  2.7371520000000E+07
  1 -2.1739001257820E-14  3.3587891562146E-12 -1.2395263465279E-11  1.1789686895342E-11  1.3824000000000E+05
  2 -2.3671017907929E-14  3.3662276143769E-12 -1.2522485605124E-11  1.1756248767697E-11  1.3824000000000E+05
  3 -2.4933588530681E-14  3.4018038495125E-12 -1.2876991903821E-11  1.2237092231705E-11  1.3824000000000E+05
  4 -2.6266371125391E-14  3.3929055753750E-12 -1.2959178014563E-11  1.2622783742188E-11  1.3824000000000E+05
  5 -2.6435659147092E-14  3.4102027825428E-12 -1.3191184028624E-11  1.3019523073990E-11  1.3824000000000E+05
  6 -2.6274389855878E-14  3.4314216724213E-12 -1.3259296614899E-11  1.3457376642834E-11  1.3824000000000E+05
  7 -2.5868487052262E-14  3.4116363527142E-12 -1.3461228848192E-11  1.3664495416376E-11  1.3824000000000E+05
  8 -2.5044501630937E-14  3.4507969199584E-12 -1.3758938541162E-11  1.4033677048488E-11  1.3824000000000E+05
  9 -2.4123291200994E-14  3.4522381441753E-12 -1.3684920735056E-11  1.4352066740758E-11  1.3824000000000E+05
 10 -2.2734987361178E-14  3.3912705775815E-12 -1.3566493116691E-11  1.4357934762868E-11  1.3824000000000E+05
 11 -2.0646223960198E-14  3.3964155289558E-12 -1.3756166879156E-11  1.4524209032289E-11  1.3824000000000E+05
 12 -1.8479756512291E-14  3.4124919567959E-12 -1.3854756395603E-11  1.4749963799981E-11  1.3824000000000E+05
 13 -1.6580260195588E-14  3.3377764448920E-12 -1.3585010774248E-11  1.4617634229021E-11  1.3824000000000E+05
 14 -1.4438657819565E-14  3.2507619927528E-12 -1.3421689179661E-11  1.4373540026903E-11  1.3824000000000E+05
 15 -1.1620783054253E-14  3.2254135491707E-12 -1.3449999965871E-11  1.4378167118572E-11  1.3824000000000E+05
 16 -8.7742516708363E-15  3.1968311026206E-12 -1.3372937779554E-11  1.4403036946628E-11  1.3824000000000E+05
 17 -5.7912327244337E-15  3.0887974428834E-12 -1.2876930770017E-11  1.4029261388905E-11  1.3824000000000E+05
 18 -2.2332497795365E-15  2.9198063052705E-12 -1.2254359963124E-11  1.3412941338079E-11  1.3824000000000E+05
 19  1.0039479629907E-15  2.7706387591551E-12 -1.1769118908969E-11  1.2847061053166E-11  1.3824000000000E+05
 20  4.2175215742192E-15  2.6850190184598E-12 -1.1457351018529E-11  1.2456774219543E-11  1.3824000000000E+05
 21  8.3062641922356E-15  2.6174523318670E-12 -1.1187089800326E-11  1.2153408686084E-11  1.3824000000000E+05
 22  1.2636068341367E-14  2.4873134953435E-12 -1.0570908348455E-11  1.1587394551160E-11  1.3824000000000E+05
 23  1.6998593168796E-14  2.2627353377047E-12 -9.7624716402376E-12  1.0619732746497E-11  1.3824000000000E+05
 24  2.2042222153231E-14  1.9861394031256E-12 -9.5279508363360E-12  9.2434868358741E-12  1.3824000000000E+05
 25  2.7501621883135E-14  1.7402149425644E-12 -9.3845043275376E-12  7.7417466076057E-12  1.3824000000000E+05
 26  3.2675177947292E-14  1.5809781422906E-12 -9.2531268063528E-12  7.0546963512054E-12  1.3824000000000E+05
 27  3.7826681617506E-14  1.5079377622868E-12 -9.0155213482087E-12  7.2591928899359E-12  1.3824000000000E+05
 28  4.3459292230480E-14  1.4966575355628E-12 -8.6955907970128E-12  7.3778128832346E-12  1.3824000000000E+05
 29  4.9280884296605E-14  1.5170409537822E-12 -8.3823810996298E-12  7.5220871573668E-12  1.3824000000000E+05
 30  5.4892851155108E-14  1.5378871792728E-12 -8.0368372601029E-12  7.6075253134822E-12  1.3824000000000E+05
 31  6.0150961423911E-14  1.5453959156029E-12 -7.6646045989260E-12  7.5483945380778E-12  1.3824000000000E+05
 32  6.4987284049943E-14  1.5474138827460E-12 -7.3212776025276E-12  7.5272347636197E-12  1.3824000000000E+05
 33  6.9863834092449E-14  1.5536803630650E-12 -7.0526453943646E-12  7.5712776109948E-12  1.3824000000000E+05
 34  7.5232628957466E-14  1.5617795364806E-12 -6.7779591675422E-12  7.6332615412372E-12  1.3824000000000E+05
 35  8.0492844158796E-14  1.5634847581568E-12 -6.4077966847140E-12  7.6477216618347E-12  1.3824000000000E+05
 36  8.4897702348428E-14  1.5571286254526E-12 -5.9985386694695E-12  7.5616355305293E-12  1.3824000000000E+05
 37  8.8921405586569E-14  1.5504362245594E-12 -5.6715566539301E-12  7.4574053284538E-12  1.3824000000000E+05
 38  9.3546145758934E-14  1.5519035939504E-12 -5.4526587627632E-12  7.4432159328512E-12  1.3824000000000E+05
 39  9.8764967785067E-14  1.5609192886316E-12 -5.4486980609705E-12  7.5340459240075E-12  1.3824000000000E+05
 40  1.0375852319256E-13  1.5683406532658E-12 -5.4667997571209E-12  7.6221171327410E-12  1.3824000000000E+05
 41  1.0819974756948E-13  1.5662059778980E-12 -5.4498491008690E-12  7.6085043214783E-12  1.3824000000000E+05
 42  1.1246390409486E-13  1.5547769467836E-12 -5.3600850215343E-12  7.4505289897515E-12  1.3824000000000E+05
 43  1.1679182194738E-13  1.5408903524503E-12 -5.2510587386557E-12  7.2297642520225E-12  1.3824000000000E+05
 44  1.2113774534398E-13  1.5318773766617E-12 -5.1551354504156E-12  7.0012922089634E-12  1.3824000000000E+05
 45  1.2559627877729E-13  1.5309019252854E-12 -5.0550186775738E-12  6.9229134744416E-12  1.3824000000000E+05
 46  1.3025842613749E-13  1.5354259616105E-12 -4.9413735850906E-12  6.9263501399232E-12  1.3824000000000E+05
 47  1.3484403955096E-13  1.5390672493883E-12 -4.8575962754418E-12  6.9415201296880E-12  1.3824000000000E+05
 48  1.3888265554692E-13  1.5361855037560E-12 -4.7356359355892E-12  6.8239143810729E-12  1.3824000000000E+05
 49  1.4213328216052E-13  1.5259568787225E-12 -4.5625741416326E-12  6.5442356920662E-12  1.3824000000000E+05
 50  1.4462274756685E-13  1.5127065178286E-12 -4.3268224118839E-12  6.0474630831939E-12  1.3824000000000E+05
 51  1.4644071204596E-13  1.5029775236744E-12 -4.0660819617024E-12  5.3856732770228E-12  1.3824000000000E+05
 52  1.4770379011631E-13  1.5018982998171E-12 -3.8096095508060E-12  4.7330293516449E-12  1.3824000000000E+05
 53  1.4856166711805E-13  1.5107900586889E-12 -3.8314062375391E-12  4.9813481140726E-12  1.3824000000000E+05
 54  1.4911928160446E-13  1.5275552580453E-12 -4.1490166844763E-12  5.1388514781833E-12  1.3824000000000E+05
 55  1.4950693518619E-13  1.5490298853909E-12 -4.4068603274026E-12  5.1678164383098E-12  1.3824000000000E+05
 56  1.4998254560593E-13  1.5729286952632E-12 -4.6073193314405E-12  5.1363759625840E-12  1.3824000000000E+05
 57  1.5074233504327E-13  1.5979514081132E-12 -4.7723579740259E-12  5.2421879210604E-12  1.3824000000000E+05
 58  1.5171319699086E-13  1.6228977645870E-12 -4.8925874048639E-12  5.3439343288554E-12  1.3824000000000E+05
 59  1.5267612812650E-13  1.6465990620588E-12 -5.0016736626981E-12  5.4196143077854E-12  1.3824000000000E+05
 60  1.5353868594640E-13  1.6686588986212E-12 -5.0816593704011E-12  5.4398382807364E-12  1.3824000000000E+05
 61  1.5437346126983E-13  1.6898364345805E-12 -5.1389606391967E-12  5.3873050797931E-12  1.3824000000000E+05
 62  1.5527008319998E-13  1.7115076328875E-12 -5.1749359719639E-12  5.3391413757170E-12  1.3824000000000E+05
 63  1.5629339386196E-13  1.7347076938920E-12 -5.2096653664484E-12  5.3199496908789E-12  1.3824000000000E+05
 64  1.5744585757920E-13  1.7594615158454E-12 -5.2372847046624E-12  5.3663547888531E-12  1.3824000000000E+05
 65  1.5859829538193E-13  1.7847907616654E-12 -5.2784424430434E-12  5.4260503006720E-12  1.3824000000000E+05
 66  1.5950366755265E-13  1.8095795723729E-12 -5.3031328863314E-12  5.4046271496747E-12  1.3824000000000E+05
 67  1.5993222880356E-13  1.8334479237123E-12 -5.3109814813380E-12  5.3552452884642E-12  1.3824000000000E+05
 68  1.5988274985146E-13  1.8568079718844E-12 -5.3066229091081E-12  5.3061385903768E-12  1.3824000000000E+05
 69  1.5960315020095E-13  1.8803078791548E-12 -5.3106625446055E-12  5.1616028521343E-12  1.3824000000000E+05
 70  1.5935378413675E-13  1.9044393615574E-12 -5.3060753895122E-12  5.0942637188501E-12  1.3824000000000E+05
 71  1.5923605250353E-13  1.9293875996174E-12 -5.3147237972458E-12  5.0621751266417E-12  1.3824000000000E+05
 72  1.5917319848290E-13  1.9549744506846E-12 -5.3106378239049E-12  5.0214715820344E-12  1.3824000000000E+05
 73  1.5896388665114E-13  1.9807435217256E-12 -5.3030132287792E-12  5.0691167228463E-12  1.3824000000000E+05
 74  1.5839754886870E-13  2.0061404765275E-12 -5.4236630111774E-12  5.1785068377836E-12  1.3824000000000E+05
 75  1.5733456343763E-13  2.0308992843765E-12 -5.6196739390097E-12  5.2687890789826E-12  1.3824000000000E+05
 76  1.5573196296469E-13  2.0551851037345E-12 -5.7989703532400E-12  5.3525723008681E-12  1.3824000000000E+05
 77  1.5364877969877E-13  2.0794509635808E-12 -5.9587732385738E-12  5.4155912471502E-12  1.3824000000000E+05
 78  1.5124577356879E-13  2.1042502019036E-12 -6.0822753102610E-12  5.4777137309390E-12  1.3824000000000E+05
 79  1.4871201026054E-13  2.1299810736310E-12 -6.1524676082411E-12  5.5265734235386E-12  1.3824000000000E+05
 80  1.4619743839143E-13  2.1568752751385E-12 -6.1996983984675E-12  5.5710814721392E-12  1.3824000000000E+05
 81  1.4382039004862E-13  2.1849867116957E-12 -6.2003810943896E-12  5.6048830051560E-12  1.3824000000000E+05
 82  1.4170892317077E-13  2.2141217124181E-12 -6.1747462842956E-12  5.6336879035200E-12  1.3824000000000E+05
 83  1.4000173443071E-13  2.2438590877898E-12 -6.1042407648570E-12  5.6388437724727E-12  1.3824000000000E+05
 84  1.3877465392215E-13  2.2738351732968E-12 -5.9871823673820E-12  5.6528940085039E-12  1.3824000000000E+05
 85  1.3801341737773E-13  2.3039095930654E-12 -5.8162332519496E-12  5.6468945094485E-12  1.3824000000000E+05
 86  1.3764718962509E-13  2.3340726232513E-12 -5.8381150590275E-12  5.6453020676803E-12  1.3824000000000E+05
 87  1.3760022068101E-13  2.3644434334743E-12 -5.9286030189034E-12  5.6226817565486E-12  1.3824000000000E+05
 88  1.3780278228356E-13  2.3952086501049E-12 -6.0759902618451E-12  5.6027999042468E-12  1.3824000000000E+05
 89  1.3820023804569E-13  2.4264681758330E-12 -6.1933630919661E-12  5.8098585129437E-12  1.3824000000000E+05
 90  1.3878423066796E-13  2.4582516232598E-12 -6.3134411156558E-12  6.0218775854229E-12  1.3824000000000E+05
 91  1.3958846697340E-13  2.4904871695121E-12 -6.5831365453149E-12  6.1973079622916E-12  1.3824000000000E+05
 92  1.4067963114523E-13  2.5229805468669E-12 -6.8702226091845E-12  6.3605788433638E-12  1.3824000000000E+05
 93  1.4208003392227E-13  2.5555725837146E-12 -7.1682895906652E-12  6.5067634202669E-12  1.3824000000000E+05
 94  1.4374077219939E-13  2.5882060114191E-12 -7.3770655770296E-12  6.6353739926737E-12  1.3824000000000E+05
 95  1.4559133502406E-13  2.6208846698905E-12 -7.5417173810960E-12  6.7511570600471E-12  1.3824000000000E+05
 96  1.4753952109159E-13  2.6536075501854E-12 -7.6772890908840E-12  6.8431143542074E-12  1.3824000000000E+05
 97  1.4954487591519E-13  2.6862621885779E-12 -7.7985862485870E-12  6.9222832966505E-12  1.3824000000000E+05
 98  1.5162398495113E-13  2.7187421345388E-12 -7.8338747408886E-12  6.9976567700948E-12  1.3824000000000E+05
 99  1.5374125755035E-13  2.7509740264002E-12 -7.8774122870579E-12  7.0629979575891E-12  1.3824000000000E+05
100  1.5583252338769E-13  2.7828677265170E-12 -7.8735214117429E-12  7.1179455634349E-12  1.3824000000000E+05
101  1.5787612412343E-13  2.8143403512189E-12 -7.8247696687988E-12  7.1658257801186E-12  1.3824000000000E+05
102  1.5985365124786E-13  2.8453603506322E-12 -7.7399764016207E-12  7.1905402315379E-12  1.3824000000000E+05
103  1.6173698747538E-13  2.8760063477382E-12 -7.7785406820832E-12  7.4543686067315E-12  1.3824000000000E+05
104  1.6355268893228E-13  2.9063418205093E-12 -7.8765577473220E-12  7.7816095790254E-12  1.3824000000000E+05
105  1.6530651067673E-13  2.9363341923928E-12 -7.9790958869623E-12  8.0852247003426E-12  1.3824000000000E+05
106  1.6691358763258E-13  2.9660079192497E-12 -8.0766180694506E-12  8.3871810696820E-12  1.3824000000000E+05
107  1.6832842047964E-13  2.9954311670702E-12 -8.1514449880526E-12  8.6828550499482E-12  1.3824000000000E+05
108  1.6954643308621E-13  3.0246783686077E-12 -8.2279173230299E-12  8.9304614063059E-12  1.3824000000000E+05
109  1.7056114699142E-13  3.0538221615339E-12 -8.3129546692762E-12  9.1619155565192E-12  1.3824000000000E+05
110  1.7142725000445E-13  3.0829333021337E-12 -8.3821192261402E-12  9.3775825544359E-12  1.3824000000000E+05
111  1.7219035608257E-13  3.1120562382237E-12 -8.4419219062821E-12  9.5749323103691E-12  1.3824000000000E+05
112  1.7285639065590E-13  3.1412435119621E-12 -8.4981745424363E-12  9.7771606019356E-12  1.3824000000000E+05
113  1.7344095931012E-13  3.1706026962471E-12 -8.5599523265640E-12  9.9596141051571E-12  1.3824000000000E+05
114  1.7393610655213E-13  3.2002342359890E-12 -8.6666327372022E-12  1.0118407317825E-11  1.3824000000000E+05
115  1.7436466562754E-13  3.2301710831148E-12 -8.8104265144540E-12  1.0255554704417E-11  1.3824000000000E+05
116  1.7478353686601E-13  3.2603962381253E-12 -8.9442759252034E-12  1.0384939736308E-11  1.3824000000000E+05
117  1.7522682409954E-13  3.2909153871182E-12 -9.0803641318272E-12  1.0500340099990E-11  1.3824000000000E+05
118  1.7575913713395E-13  3.3217907868193E-12 -9.1955078958728E-12  1.0603575193689E-11  1.3824000000000E+05
119  1.7641842630235E-13  3.3530418184485E-12 -9.3237867493314E-12  1.0685642167529E-11  1.3824000000000E+05
120  1.7721743498637E-13  3.3846014297401E-12 -9.4436549437642E-12  1.0769165617611E-11  1.3824000000000E+05
121  1.7814906958165E-13  3.4164843798723E-12 -9.5353648097712E-12  1.0849733675874E-11  1.3824000000000E+05
122  1.7915519168340E-13  3.4487007138061E-12 -9.6207447618282E-12  1.0933638142070E-11  1.3824000000000E+05
123  1.8016684578249E-13  3.4811781196151E-12 -9.7052569186958E-12  1.1031283784627E-11  1.3824000000000E+05
124  1.8107175363809E-13  3.5139340258491E-12 -9.7853481889579E-12  1.1143266671500E-11  1.3824000000000E+05
125  1.8182501288549E-13  3.5470058223157E-12 -9.8641506132899E-12  1.1222718452513E-11  1.3824000000000E+05
126  1.8245575200184E-13  3.5803694184604E-12 -9.9653802038124E-12  1.1277991289416E-11  1.3824000000000E+05
127  1.8295241768788E-13  3.6139845271699E-12 -1.0082057190008E-11  1.1350678937488E-11  1.3824000000000E+05
128  1.8328093898570E-13  3.6478639451699E-12 -1.0202082352359E-11  1.1418626513911E-11  1.3824000000000E+05
129  1.8338314679679E-13  3.6820087232332E-12 -1.0319772082927E-11  1.1493117942134E-11  1.3824000000000E+05
130  1.8319612942764E-13  3.7163732794028E-12 -1.0426286411946E-11  1.1562723619879E-11  1.3824000000000E+05
131  1.8268621584793E-13  3.7509384742824E-12 -1.0529075578945E-11  1.1631223943035E-11  1.3824000000000E+05
132  1.8183848769794E-13  3.7856778662067E-12 -1.0625668679314E-11  1.1658534242753E-11  1.3824000000000E+05
133  1.8067360589900E-13  3.8205746533017E-12 -1.0715972757744E-11  1.1701033586168E-11  1.3824000000000E+05
134  1.7924006598747E-13  3.8555766630894E-12 -1.0802435616420E-11  1.1764589985684E-11  1.3824000000000E+05
135  1.7757435160347E-13  3.8906135057241E-12 -1.0885064569256E-11  1.1845201488650E-11  1.3824000000000E+05
136  1.7572030627707E-13  3.9257144190017E-12 -1.0967179143944E-11  1.1909640551286E-11  1.3824000000000E+05
137  1.7372376411104E-13  3.9609648705970E-12 -1.1046155929790E-11  1.1968356369027E-11  1.3824000000000E+05
138  1.7161145109461E-13  3.9964286228121E-12 -1.1150851684183E-11  1.2018467773147E-11  1.3824000000000E+05
139  1.6943159704505E-13  4.0321349567133E-12 -1.1278353725977E-11  1.2100288056318E-11  1.3824000000000E+05
140  1.6723838401116E-13  4.0680942560616E-12 -1.1406856081910E-11  1.2210501065915E-11  1.3824000000000E+05
141  1.6508040407527E-13  4.1042954797070E-12 -1.1537437738105E-11  1.2331019411643E-11  1.3824000000000E+05
142  1.6300384804757E-13  4.1407064994910E-12 -1.1683808611853E-11  1.2460983161243E-11  1.3824000000000E+05
143  1.6104432764571E-13  4.1772621358610E-12 -1.1813664734562E-11  1.2600995606591E-11  1.3824000000000E+05
144  1.5925948268053E-13  4.2138971450039E-12 -1.2078782474389E-11  1.2756209315469E-11  1.3824000000000E+05
145  1.5768474466326E-13  4.2506001909652E-12 -1.2399437717877E-11  1.2939825822338E-11  1.3824000000000E+05
146  1.5631252265005E-13  4.2873299407600E-12 -1.2747918072554E-11  1.3132592547195E-11  1.3824000000000E+05
147  1.5512316215014E-13  4.3240511098582E-12 -1.3039971654350E-11  1.3319842313705E-11  1.3824000000000E+05
148  1.5406186603223E-13  4.3607902199385E-12 -1.3345387921333E-11  1.3530811260419E-11  1.3824000000000E+05
149  1.5306469378884E-13  4.3975301757546E-12 -1.3623662665724E-11  1.3730056397297E-11  1.3824000000000E+05
150  1.5206860050260E-13  4.4341979125860E-12 -1.3896677063202E-11  1.3884238384427E-11  1.3824000000000E+05
151  1.5100201650824E-13  4.4707357941305E-12 -1.4143081820400E-11  1.4050578187591E-11  1.3824000000000E+05
152  1.4982438898095E-13  4.5070705188719E-12 -1.4394223266922E-11  1.4244716196837E-11  1.3824000000000E+05
153  1.4852502226831E-13  4.5431578346532E-12 -1.4602788697956E-11  1.4436711794409E-11  1.3824000000000E+05
154  1.4709301419804E-13  4.5789748610208E-12 -1.4766143405415E-11  1.4569370367689E-11  1.3824000000000E+05
155  1.4549927584990E-13  4.6145217134434E-12 -1.5007918110181E-11  1.4729089117880E-11  1.3824000000000E+05
156  1.4371576146984E-13  4.6498417212399E-12 -1.5583354545458E-11  1.4893341895988E-11  1.3824000000000E+05
157  1.4173907566411E-13  4.6848899827532E-12 -1.6157243928455E-11  1.5049332066851E-11  1.3824000000000E+05
158  1.3957749458487E-13  4.7195863677072E-12 -1.6716925431374E-11  1.5193622779271E-11  1.3824000000000E+05
159  1.3724280291164E-13  4.7538573531747E-12 -1.7303415015346E-11  1.5356776401208E-11  1.3824000000000E+05
160  1.3478776998462E-13  4.7876511875735E-12 -1.7880037400579E-11  1.5507979360967E-11  1.3824000000000E+05
161  1.3225634328572E-13  4.8209878610615E-12 -1.8449180617906E-11  1.5637282696935E-11  1.3824000000000E+05
162  1.2965266649087E-13  4.8538144949931E-12 -1.9047990309593E-11  1.5747570806776E-11  1.3824000000000E+05
163  1.2697374127633E-13  4.8860504534238E-12 -1.9594172414406E-11  1.5870303763421E-11  1.3824000000000E+05
164  1.2417263880598E-13  4.9176856092735E-12 -2.0132183963027E-11  1.5956651197558E-11  1.3824000000000E+05
165  1.2125711056655E-13  4.9486332705882E-12 -2.0635649457114E-11  1.6042830326901E-11  1.3824000000000E+05
166  1.1828389918476E-13  4.9787259068351E-12 -2.1147279038747E-11  1.6149520771895E-11  1.3824000000000E+05
167  1.1524250420177E-13  5.0077995762200E-12 -2.1635172437747E-11  1.6220785022399E-11  1.3824000000000E+05
168  1.1216424034726E-13  5.0357879289902E-12 -2.2042394617956E-11  1.6264926380696E-11  1.3824000000000E+05
169  1.0912841192424E-13  5.0627101870530E-12 -2.2424590951652E-11  1.6301545679815E-11  1.3824000000000E+05
170  1.0619175767111E-13  5.0884976586158E-12 -2.2780269517655E-11  1.6347746771362E-11  1.3824000000000E+05
171  1.0347293225937E-13  5.1131111819715E-12 -2.3103764478622E-11  1.6363669844287E-11  1.3824000000000E+05
172  1.0104612081288E-13  5.1365813961388E-12 -2.3357623091072E-11  1.6333486716669E-11  1.3824000000000E+05
173  9.8881021433053E-14  5.1589381766571E-12 -2.3532349960945E-11  1.6286405763075E-11  1.3824000000000E+05
174  9.6935587545014E-14  5.1802806765909E-12 -2.3685297449946E-11  1.6220885157652E-11  1.3824000000000E+05
175  9.5153600045157E-14  5.2007833648532E-12 -2.3793293992375E-11  1.6149931272636E-11  1.3824000000000E+05
176  9.3526056461122E-14  5.2206462205521E-12 -2.3866395362294E-11  1.6071608413721E-11  1.3824000000000E+05
177  9.2043354119541E-14  5.2400029464406E-12 -2.3874837948617E-11  1.5990973946572E-11  1.3824000000000E+05
178  9.0638169172049E-14  5.2589457802370E-12 -2.3879983415123E-11  1.5913612399386E-11  1.3824000000000E+05
179  8.9265888852328E-14  5.2775646717693E-12 -2.3812860347884E-11  1.5832586489297E-11  1.3824000000000E+05
180  8.7899045318991E-14  5.2959135088104E-12 -2.3733520459587E-11  1.5761453879387E-11  1.3824000000000E+05
181  8.6486817149702E-14  5.3140218259054E-12 -2.3632711572148E-11  1.5683972385317E-11  1.3824000000000E+05
182  8.4996739917294E-14  5.3318299678648E-12 -2.3521128681286E-11  1.5605274475503E-11  1.3824000000000E+05
183  8.3483116920079E-14  5.3493185129829E-12 -2.3387014612939E-11  1.5524273624586E-11  1.3824000000000E+05
184  8.2018705409501E-14  5.3664817873475E-12 -2.3174205398891E-11  1.5434647625850E-11  1.3824000000000E+05
185  8.0579806330273E-14  5.3831937029145E-12 -2.2993536884698E-11  1.5328791193770E-11  1.3824000000000E+05
186  7.9135608904405E-14  5.3993543018854E-12 -2.2810120850068E-11  1.5478944024814E-11  1.3824000000000E+05
187  7.7689394873254E-14  5.4148648143210E-12 -2.2613747970616E-11  1.5671039173697E-11  1.3824000000000E+05
188  7.6232491048179E-14  5.4295961809420E-12 -2.2379837549594E-11  1.5879937000759E-11  1.3824000000000E+05
189  7.4827374978404E-14  5.4434810370130E-12 -2.2145885484767E-11  1.6046301600872E-11  1.3824000000000E+05
190  7.3565173041725E-14  5.4564590930068E-12 -2.1942712830305E-11  1.6185346352252E-11  1.3824000000000E+05
191  7.2404882492631E-14  5.4684385264798E-12 -2.1723168513032E-11  1.6317022853467E-11  1.3824000000000E+05
192  7.1225664224153E-14  5.4793711173784E-12 -2.1499620352174E-11  1.6428415168825E-11  1.3824000000000E+05
193  6.9996549287004E-14  5.4890790090951E-12 -2.1301873050300E-11  1.6530798477974E-11  1.3824000000000E+05
194  6.8774219221127E-14  5.4973189599418E-12 -2.1121655091309E-11  1.6620439148979E-11  1.3824000000000E+05
195  6.7634351793058E-14  5.5040271797190E-12 -2.0981725029411E-11  1.6683043876191E-11  1.3824000000000E+05
196  6.6721940709575E-14  5.5090924125823E-12 -2.0875076831836E-11  1.6715126799430E-11  1.3824000000000E+05
197  6.6112845488246E-14  5.5124415167883E-12 -2.0789399847368E-11  1.6747365707847E-11  1.3824000000000E+05
198  6.5775967565206E-14  5.5141330054107E-12 -2.0750255672593E-11  1.6777632779550E-11  1.3824000000000E+05
 
 field : ETAN     ; Iter =      1680 ; region #   0 ; nb.Lev =   1
 k | --   Average    -- | --   Std.Dev    -- | --     min      -- | --     max      -- | --    Vol
  0  3.9299458215481E-12  2.3974348694540E-12 -6.9790433055477E-13  8.1036479326205E-12  6.9120000000000E+04
 
 field : UVEL     ; Iter =      1680 ; region #   0 ; nb.Lev = 198
 k | --   Average    -- | --   Std.Dev    -- | --     min      -- | --     max      -- | --    Vol
  0  1.0187352217342E-24  8.3772960413615E-13 -3.1854628288202E-12  3.2587751151776E-12  2.7371520000000E+07
  1  7.4078599165566E-22  1.1392065255718E-12 -2.9777193198215E-12  3.2587751151776E-12  1.3824000000000E+05
  2 -4.5771442864693E-22  1.0434513039830E-12 -2.3464866079128E-12  1.8102541428058E-12  1.3824000000000E+05
  3 -2.0742492688682E-21  6.2839312734987E-13 -1.8063555030148E-12  1.4683290645035E-12  1.3824000000000E+05
  4 -9.8835937804680E-22  1.1253356225339E-12 -1.8961109114180E-12  2.7718818510938E-12  1.3824000000000E+05
  5  1.3526895694653E-21  3.9443677475665E-13 -1.2090859014869E-12  7.1643231469185E-13  1.3824000000000E+05
  6  1.7903890665657E-21  1.1159498041491E-12 -2.6370737470818E-12  2.1438075720796E-12  1.3824000000000E+05
  7  5.9548202102671E-23  7.5835702886621E-13 -1.4289719236308E-12  1.8894846809529E-12  1.3824000000000E+05
  8 -3.9402923245254E-22  8.9094189702173E-13 -1.8962634747903E-12  2.3589199681327E-12  1.3824000000000E+05
  9  9.9763231800485E-22  1.0348847435294E-12 -2.5110839525584E-12  1.8088056243430E-12  1.3824000000000E+05
 10  1.6787074848344E-21  7.0304923697567E-13 -1.9150964560287E-12  1.4838258854434E-12  1.3824000000000E+05
 11  4.7226364323658E-22  1.0769329512633E-12 -2.3887099627260E-12  2.3603136945903E-12  1.3824000000000E+05
 12 -8.3037527959646E-22  3.8706278471931E-13 -9.0274388485671E-13  1.0909317587518E-12  1.3824000000000E+05
 13 -9.5294140968567E-22  1.0804130057349E-12 -2.0309586315044E-12  2.2477897936934E-12  1.3824000000000E+05
 14 -3.9833838557680E-22  5.7014153820590E-13 -1.6629782756564E-12  1.1067969164925E-12  1.3824000000000E+05
 15  4.7421714963267E-23  9.0814204861070E-13 -2.3046812463074E-12  1.5656887804068E-12  1.3824000000000E+05
 16  1.3935554931424E-22  8.4249596057628E-13 -2.0207382984748E-12  1.7618462173659E-12  1.3824000000000E+05
 17 -2.1329746960960E-22  6.0684949689331E-13 -1.1909680972018E-12  1.5430563294671E-12  1.3824000000000E+05
 18 -6.3440835806341E-22  9.6889729556298E-13 -1.7530339103282E-12  2.0244141799765E-12  1.3824000000000E+05
 19 -3.2927460117138E-23  5.3476585221398E-13 -1.4643102178322E-12  9.4851977164351E-13  1.3824000000000E+05
 20  1.2409388531577E-21  9.9941980931605E-13 -1.9043512515100E-12  1.8424281090076E-12  1.3824000000000E+05
 21  1.3719158818171E-21  5.9495015221066E-13 -1.0605390284372E-12  1.5655019436799E-12  1.3824000000000E+05
 22  1.4954066477398E-22  8.9490781949568E-13 -1.9621520279619E-12  2.0664191983764E-12  1.3824000000000E+05
 23 -4.8151842294460E-22  8.5731448422364E-13 -2.2177933919317E-12  1.9228826907593E-12  1.3824000000000E+05
 24  6.2820366355929E-23  5.8149100209408E-13 -1.4447377158909E-12  1.0810814305721E-12  1.3824000000000E+05
 25  5.5592082995969E-22  8.9925970140096E-13 -1.7672907785501E-12  1.7532507639165E-12  1.3824000000000E+05
 26  1.2167225791556E-23  4.3686176896713E-13 -1.0596890428011E-12  1.0289732784798E-12  1.3824000000000E+05
 27 -8.7321907952949E-22  9.6746071167317E-13 -1.5685676570947E-12  1.8874988839618E-12  1.3824000000000E+05
 28 -1.2405819788184E-21  5.2776406523503E-13 -1.3611507787974E-12  1.1394677219513E-12  1.3824000000000E+05
 29 -4.9334178585405E-22  8.5394526041071E-13 -1.9003682103530E-12  1.9168941751952E-12  1.3824000000000E+05
 30  7.2325208389567E-22  8.1184255916412E-13 -1.7996670372668E-12  1.4826440707740E-12  1.3824000000000E+05
 31  1.1657551271976E-21  6.4953466770967E-13 -1.2136690440138E-12  1.4319970802316E-12  1.3824000000000E+05
 32 -1.4810923960252E-22  8.7974347213555E-13 -2.2645337325061E-12  1.5237679865281E-12  1.3824000000000E+05
 33 -1.0715503075254E-21  3.9805085375667E-13 -8.1499033956682E-13  8.6537670175734E-13  1.3824000000000E+05
 34  1.1725352106977E-22  9.8349543524529E-13 -2.1227967617615E-12  2.1094219653915E-12  1.3824000000000E+05
 35  1.4813137812316E-21  4.7855294949924E-13 -8.7419614662133E-13  1.4131305043417E-12  1.3824000000000E+05
 36  6.6945724273312E-22  8.4488897307389E-13 -1.7837346831492E-12  2.1610743288259E-12  1.3824000000000E+05
 37 -7.1313812835848E-22  7.6296746787986E-13 -2.0092959469589E-12  1.2023936525328E-12  1.3824000000000E+05
 38 -6.0065237527972E-22  6.5506149724621E-13 -1.3448967872832E-12  1.1439546734463E-12  1.3824000000000E+05
 39  2.9090834763925E-22  9.2304323190174E-13 -1.6091735955694E-12  1.9115494042933E-12  1.3824000000000E+05
 40  6.8207324617300E-22  4.6084108715186E-13 -8.4410375908328E-13  1.2398687711116E-12  1.3824000000000E+05
 41  2.2341566986125E-23  1.0239485332521E-12 -2.0871185329502E-12  1.9579290300575E-12  1.3824000000000E+05
 42 -7.5111016292284E-22  5.1459771400908E-13 -1.2970008880269E-12  9.9170359071149E-13  1.3824000000000E+05
 43 -6.0729492906764E-22  9.0610047479912E-13 -1.8739499137324E-12  1.8697866086483E-12  1.3824000000000E+05
 44  1.1583701530089E-21  7.0108616102530E-13 -1.4010149229333E-12  1.6838339777432E-12  1.3824000000000E+05
 45  1.6514622273801E-21  7.4650506577491E-13 -1.4684379507541E-12  1.5344631540651E-12  1.3824000000000E+05
 46 -2.9908345631695E-22  9.1387336622802E-13 -2.0697080048837E-12  1.8079539467162E-12  1.3824000000000E+05
 47 -1.4483928896634E-21  5.6589661147678E-13 -1.0962787994611E-12  1.2386664903348E-12  1.3824000000000E+05
 48  4.9301433519095E-22  1.0053851360986E-12 -2.4232579472874E-12  1.7051124832386E-12  1.3824000000000E+05
 49  1.8449061802943E-21  4.7218912545445E-13 -8.4581107865336E-13  1.0654669259980E-12  1.3824000000000E+05
 50  6.8231474799232E-22  9.8444782937950E-13 -1.6185355847720E-12  2.5758559841117E-12  1.3824000000000E+05
 51 -1.0852715680572E-21  6.6814462975325E-13 -1.6193816432524E-12  1.1959442362209E-12  1.3824000000000E+05
 52 -7.0258478164165E-22  9.7623153808924E-13 -2.5580375345894E-12  2.0951421676013E-12  1.3824000000000E+05
 53  2.0346996176748E-22  8.4965237705233E-13 -1.9556851009163E-12  1.5797768931044E-12  1.3824000000000E+05
 54  8.5094061643810E-22  5.6951601298990E-13 -1.2090692163039E-12  1.3649037249257E-12  1.3824000000000E+05
 55  5.1417103808771E-22  1.1333476222371E-12 -1.8593194388934E-12  2.0551660618856E-12  1.3824000000000E+05
 56 -1.7441214968638E-22  4.9963256597593E-13 -1.1248721478060E-12  1.1809980364192E-12  1.3824000000000E+05
 57 -6.6519930022957E-22  1.1340768370039E-12 -2.0980953796677E-12  2.4638859149156E-12  1.3824000000000E+05
 58  3.1484191598688E-22  6.1825748601398E-13 -9.1872862464655E-13  1.5666453125408E-12  1.3824000000000E+05
 59  9.3191048135753E-22  9.5158132061053E-13 -1.9655500677726E-12  1.8673691640042E-12  1.3824000000000E+05
 60  5.0940052283892E-22  9.1696581127556E-13 -2.4293348734906E-12  1.8978343926646E-12  1.3824000000000E+05
 61 -5.3008851012736E-22  7.2643736233215E-13 -1.7050272254418E-12  1.4898067260894E-12  1.3824000000000E+05
 62  1.0368184291187E-22  1.1646420308666E-12 -2.5747725864121E-12  2.1330126065302E-12  1.3824000000000E+05
 63  1.8040413826521E-22  4.7623519602726E-13 -1.0678478442403E-12  1.1029694060005E-12  1.3824000000000E+05
 64 -4.4652604799276E-22  1.1966979407512E-12 -1.9460421764465E-12  2.6801917834803E-12  1.3824000000000E+05
 65 -7.8736256476427E-22  5.1249201050507E-13 -9.5456414414679E-13  1.0606496739389E-12  1.3824000000000E+05
 66  9.9668715799653E-24  1.0686331181515E-12 -2.8604109216936E-12  2.0348060830401E-12  1.3824000000000E+05
 67  3.3088239743901E-22  9.0367196825981E-13 -1.6201548229873E-12  1.5875239509792E-12  1.3824000000000E+05
 68 -2.4138238312415E-23  8.2740058503775E-13 -1.8653842175720E-12  2.2927996328068E-12  1.3824000000000E+05
 69 -2.5616381769613E-22  1.0841371920650E-12 -1.7556898285011E-12  2.3732457141534E-12  1.3824000000000E+05
 70  1.0296766186453E-22  4.2442489981337E-13 -9.4324451171260E-13  9.3186791349588E-13  1.3824000000000E+05
 71  6.2306697795938E-23  1.2419497698978E-12 -2.6543590213256E-12  2.1846163113294E-12  1.3824000000000E+05
 72  6.5757229961175E-23  4.9933737260480E-13 -1.0595289570726E-12  1.1505374231483E-12  1.3824000000000E+05
 73 -2.6184363333493E-23  1.1742376180110E-12 -2.0296942544942E-12  2.2179978931820E-12  1.3824000000000E+05
 74 -1.1861541208504E-22  8.2089961371666E-13 -1.7917650110415E-12  1.9443021039027E-12  1.3824000000000E+05
 75  9.5904853821095E-23  8.6526827009968E-13 -1.8704797451752E-12  1.9646367541328E-12  1.3824000000000E+05
 76  7.2810051084567E-22  1.1200312302499E-12 -2.6331511219109E-12  2.2154658904078E-12  1.3824000000000E+05
 77  1.1178730526979E-22  5.2062800720309E-13 -1.4203795533974E-12  1.1444287340456E-12  1.3824000000000E+05
 78 -7.4139981871250E-22  1.2585667966453E-12 -1.9739031710982E-12  2.6075833710547E-12  1.3824000000000E+05
 79 -4.0441515358128E-22  3.9947934007600E-13 -1.1160045902720E-12  7.3493669844635E-13  1.3824000000000E+05
 80  7.1669342373538E-22  1.1551500843989E-12 -2.4811694836925E-12  1.9662455759076E-12  1.3824000000000E+05
 81  6.2324546513695E-22  7.1194950867346E-13 -1.7182196566809E-12  1.4096262732824E-12  1.3824000000000E+05
 82 -1.8625546458710E-22  9.2380997407121E-13 -1.9111388449802E-12  1.7284924335057E-12  1.3824000000000E+05
 83 -8.6313322872223E-22  1.1019511339141E-12 -1.7399713916486E-12  2.7441575519215E-12  1.3824000000000E+05
 84 -1.6941789409351E-22  5.5681749161593E-13 -1.1738126974901E-12  1.2854826489418E-12  1.3824000000000E+05
 85  6.0632411960344E-22  1.2136823059067E-12 -3.1626857847221E-12  1.8648191301412E-12  1.3824000000000E+05
 86  5.4143101845387E-22  5.5279755942517E-13 -1.5833374448186E-12  9.8977401487285E-13  1.3824000000000E+05
 87 -3.0005948601852E-23  1.1724593779888E-12 -2.4264987594699E-12  2.8698953564285E-12  1.3824000000000E+05
 88 -4.5848130196230E-22  7.3321249817789E-13 -1.1738123987551E-12  1.8619620052778E-12  1.3824000000000E+05
 89 -1.3495901752389E-22  9.6839386284697E-13 -1.9934349605521E-12  2.0019876092933E-12  1.3824000000000E+05
 90  2.8934482925779E-22  9.9020079666268E-13 -2.2787268735555E-12  1.6579459360618E-12  1.3824000000000E+05
 91  1.2047070664598E-22  7.1917688006761E-13 -1.8778963596169E-12  1.7167303207871E-12  1.3824000000000E+05
 92 -5.5715364079283E-22  1.1788092178401E-12 -2.5518566531602E-12  2.7085423949798E-12  1.3824000000000E+05
 93 -7.2093649826483E-22  5.5541207398918E-13 -1.1005742115745E-12  1.4867236283690E-12  1.3824000000000E+05
 94  8.6961354255401E-23  1.1467406074371E-12 -2.3368835931493E-12  2.6259947778277E-12  1.3824000000000E+05
 95  5.5704301678289E-22  6.7503855269337E-13 -1.6602944874749E-12  1.4370191241653E-12  1.3824000000000E+05
 96  2.8720224416290E-22  1.0656548336287E-12 -2.5602548648751E-12  2.2845861960510E-12  1.3824000000000E+05
 97 -2.2800781158687E-22  9.6807421014545E-13 -1.5350574147743E-12  2.5066118211625E-12  1.3824000000000E+05
 98 -2.5439297706798E-22  8.6109349100065E-13 -1.7640251204166E-12  2.0471510130106E-12  1.3824000000000E+05
 99  4.5383777597892E-22  1.0478701207092E-12 -2.5483079115358E-12  1.7285073410211E-12  1.3824000000000E+05
100  9.6757147297288E-22  7.2591941729848E-13 -1.8098488929927E-12  1.4305769501662E-12  1.3824000000000E+05
101  5.2369934372128E-22  1.1699305138044E-12 -2.6077568392808E-12  2.7044879018643E-12  1.3824000000000E+05
102 -4.3376507754894E-22  6.3163453721701E-13 -1.1223128536396E-12  1.4903681258578E-12  1.3824000000000E+05
103 -9.4140386233659E-23  1.1064788068282E-12 -2.4651489367010E-12  2.8186333283160E-12  1.3824000000000E+05
104  1.2030473157482E-21  8.1913792875286E-13 -1.8669675338623E-12  1.4359620750275E-12  1.3824000000000E+05
105  9.8217165800495E-22  9.6989407606871E-13 -2.4271285353417E-12  2.4824507987077E-12  1.3824000000000E+05
106 -8.6395022346928E-22  1.0037215968354E-12 -2.3627793290739E-12  1.9702567761857E-12  1.3824000000000E+05
107 -1.2852661158536E-21  8.7834026829685E-13 -1.8538185928633E-12  2.1058300855486E-12  1.3824000000000E+05
108  5.7380189358476E-23  1.2178838646290E-12 -2.6371334206818E-12  2.3946936026611E-12  1.3824000000000E+05
109  1.0125838972698E-21  6.5104271873348E-13 -1.5694534230259E-12  9.6278967571882E-13  1.3824000000000E+05
110  4.8243906544815E-22  1.3122631830782E-12 -3.1270884171288E-12  2.8705273365545E-12  1.3824000000000E+05
111 -7.4368921090943E-22  7.9148701513682E-13 -1.7894246640419E-12  1.8154239679881E-12  1.3824000000000E+05
112 -9.6607551468739E-22  1.0935899033618E-12 -2.5511174057522E-12  2.3271433097305E-12  1.3824000000000E+05
113  1.0549037777999E-22  1.0499682939173E-12 -2.2063372087672E-12  2.0220264035170E-12  1.3824000000000E+05
114  1.7040256104832E-21  9.5176920951042E-13 -2.0854732105121E-12  2.1449899527022E-12  1.3824000000000E+05
115  9.5723260781274E-22  1.1865691524845E-12 -2.3968679068198E-12  2.5616431343676E-12  1.3824000000000E+05
116 -1.4420954158157E-21  6.9966042328257E-13 -1.5270947802639E-12  1.6874768364807E-12  1.3824000000000E+05
117 -1.6912233832671E-21  1.2700675364409E-12 -2.8934928626572E-12  2.8472050675566E-12  1.3824000000000E+05
118  6.8371104183939E-22  8.1404524605729E-13 -1.5889614280827E-12  1.6159495764684E-12  1.3824000000000E+05
119  1.3828960728612E-21  1.0496472694696E-12 -3.1854628288202E-12  2.3033325669880E-12  1.3824000000000E+05
120 -6.4017852859733E-22  9.7417069278963E-13 -2.0545921310241E-12  1.7368563646530E-12  1.3824000000000E+05
121 -1.4707525132053E-21  8.2876677266576E-13 -1.5668058986908E-12  2.4947030885450E-12  1.3824000000000E+05
122 -7.1672612006236E-24  1.0475253752112E-12 -1.9826291117880E-12  2.2118426085309E-12  1.3824000000000E+05
123  1.1486222008366E-21  6.6462247012027E-13 -1.5814034558744E-12  1.3150775068549E-12  1.3824000000000E+05
124  5.8423363853543E-22  1.1713853914233E-12 -2.5407078394282E-12  2.3955237583321E-12  1.3824000000000E+05
125 -3.6658829981434E-22  7.4093713100481E-13 -1.7287386109187E-12  1.6189828553810E-12  1.3824000000000E+05
126 -3.7094982164218E-22  1.1131049053304E-12 -2.4928308434383E-12  2.8052016033556E-12  1.3824000000000E+05
127  2.6081279405682E-22  9.4425920817990E-13 -2.0858387677160E-12  2.5342750406633E-12  1.3824000000000E+05
128  8.4591334116325E-23  9.0901197359034E-13 -1.8554424463944E-12  1.7742551108978E-12  1.3824000000000E+05
129 -3.4075712708511E-22  1.1561062084327E-12 -2.8098907668828E-12  2.3062085747201E-12  1.3824000000000E+05
130 -8.6148327050966E-22  7.0850630864691E-13 -1.5338170262380E-12  1.5694204549169E-12  1.3824000000000E+05
131 -8.2044647268017E-22  1.1312563316567E-12 -2.5038666298752E-12  2.1333526405068E-12  1.3824000000000E+05
132  9.5704801547117E-23  7.8172819546200E-13 -1.3604788763609E-12  2.1969487046855E-12  1.3824000000000E+05
133  6.9799040531413E-22  9.4689454121341E-13 -2.2957358659317E-12  2.1729517057450E-12  1.3824000000000E+05
134 -2.2987211782243E-22  8.9018323905752E-13 -1.8244553320252E-12  1.7615717205783E-12  1.3824000000000E+05
135 -8.2985615297009E-22  8.3944780946610E-13 -1.9667696152641E-12  2.0887744089378E-12  1.3824000000000E+05
136  2.8856079995024E-23  1.0054740503102E-12 -1.8601400564245E-12  1.8892014208047E-12  1.3824000000000E+05
137  8.4017009585737E-22  7.6786252169448E-13 -1.8874837076901E-12  1.7224686303618E-12  1.3824000000000E+05
138 -1.8236337453204E-22  1.0705695671050E-12 -2.1102497527587E-12  2.5536913802644E-12  1.3824000000000E+05
139 -7.6562036896305E-22  7.6516733189728E-13 -1.6891816106153E-12  1.4196693239375E-12  1.3824000000000E+05
140 -9.0651257948610E-23  8.7717161938445E-13 -2.3695408162998E-12  2.4198745784332E-12  1.3824000000000E+05
141 -3.2468520700155E-22  9.7882042131581E-13 -1.8615643847058E-12  2.1031116166646E-12  1.3824000000000E+05
142 -1.4375851504786E-21  8.2430735253637E-13 -1.6420174539518E-12  1.8918768539846E-12  1.3824000000000E+05
143 -7.3929911787190E-22  1.0361057035365E-12 -2.6408858716763E-12  1.9758243996003E-12  1.3824000000000E+05
144  8.0046044604021E-22  6.5961763338121E-13 -1.6875346005665E-12  2.0716227221846E-12  1.3824000000000E+05
145  5.1027505182964E-22  9.7058378895955E-13 -2.7160710681241E-12  1.9800643485224E-12  1.3824000000000E+05
146 -6.7423671233912E-22  6.7810065494796E-13 -1.2579372284895E-12  1.8880907786541E-12  1.3824000000000E+05
147 -1.0537619715911E-21  9.1090923619627E-13 -1.7437019110206E-12  2.9788208804235E-12  1.3824000000000E+05
148  3.1156202405955E-22  9.2024311989301E-13 -2.5577161518356E-12  2.0424125475098E-12  1.3824000000000E+05
149  1.5307725614575E-21  7.7498630746769E-13 -2.8438292336486E-12  1.6605796995473E-12  1.3824000000000E+05
150  1.2441908170154E-21  8.4863553651616E-13 -1.9562740418270E-12  1.9252570366106E-12  1.3824000000000E+05
151 -3.1541877158148E-22  6.6398134444251E-13 -1.4392350468930E-12  1.9337551803937E-12  1.3824000000000E+05
152 -1.6923927163849E-21  9.5285995895455E-13 -1.7307631109506E-12  2.5443249614819E-12  1.3824000000000E+05
153 -1.0833686269505E-22  6.6226213876412E-13 -1.4531040701282E-12  1.4292138846148E-12  1.3824000000000E+05
154  1.5250011235230E-21  8.8654488689069E-13 -2.2671784481935E-12  1.8156379076296E-12  1.3824000000000E+05
155 -2.7459476332475E-22  7.6046077642537E-13 -1.7648820774048E-12  1.4584126043087E-12  1.3824000000000E+05
156 -3.3038275735134E-21  7.9640003433582E-13 -1.5171823904812E-12  2.2138229087398E-12  1.3824000000000E+05
157 -2.5317246457168E-21  8.6729918497581E-13 -1.7422414095622E-12  2.2024418355515E-12  1.3824000000000E+05
158  3.3251078034089E-22  6.4783221383628E-13 -1.4536843551772E-12  1.4845144562680E-12  1.3824000000000E+05
159  1.0220703852583E-21  8.9736740771403E-13 -2.0911772241670E-12  2.2513746851196E-12  1.3824000000000E+05
160 -3.5139513803855E-22  6.0455658244891E-13 -1.6608256472335E-12  1.1423329097168E-12  1.3824000000000E+05
161 -1.0379095555079E-21  8.5171504449499E-13 -1.6282304777903E-12  2.8554815404905E-12  1.3824000000000E+05
162  5.2369774094875E-22  8.3460430722906E-13 -1.9879912467809E-12  1.6305133462606E-12  1.3824000000000E+05
163  2.5233499111416E-21  7.8538014051047E-13 -2.7024714118592E-12  2.0566260870265E-12  1.3824000000000E+05
164  2.5705883967980E-21  8.5368311191300E-13 -1.6297039847438E-12  2.4369058794444E-12  1.3824000000000E+05
165 -3.0787105826059E-22  7.5671943147186E-13 -2.3203373678178E-12  2.4365100881351E-12  1.3824000000000E+05
166 -1.5896429461533E-21  8.1435501996101E-13 -2.1323200146181E-12  1.7568187809158E-12  1.3824000000000E+05
167  8.2927592659412E-22  7.1450348898194E-13 -2.6224509182409E-12  1.4225411541741E-12  1.3824000000000E+05
168  2.3458389455658E-21  6.5984866923646E-13 -1.5527668273052E-12  1.5162380163593E-12  1.3824000000000E+05
169 -1.0322948138700E-21  7.5632397212968E-13 -1.7019105565967E-12  2.0827072949864E-12  1.3824000000000E+05
170 -4.4774227444246E-21  7.4038568534646E-13 -1.7907112302929E-12  1.8430441275498E-12  1.3824000000000E+05
171 -2.5000398815407E-21  6.5500589103273E-13 -1.3915522767401E-12  1.5072969782647E-12  1.3824000000000E+05
172  2.6360500143469E-21  6.6874667740397E-13 -1.4758534283864E-12  1.5683987686720E-12  1.3824000000000E+05
173  3.1736144081215E-21  6.0518804012419E-13 -1.5296691236530E-12  1.1806267179311E-12  1.3824000000000E+05
174 -5.9663093779835E-22  6.4067088234436E-13 -1.2997389522495E-12  1.5961758034524E-12  1.3824000000000E+05
175 -2.6737107697098E-21  6.3649035351676E-13 -1.2273354650337E-12  1.5938482262662E-12  1.3824000000000E+05
176  3.6758891942058E-22  5.5108361980920E-13 -1.2078833304444E-12  1.2465034347783E-12  1.3824000000000E+05
177  4.6788267383106E-21  5.0065982754415E-13 -1.6642093496228E-12  8.8540109865157E-13  1.3824000000000E+05
178  3.6335929960514E-21  5.4331843944905E-13 -1.3891794777717E-12  1.2199238785655E-12  1.3824000000000E+05
179 -1.4100837220675E-21  5.2781122494725E-13 -1.2364744498217E-12  1.8630580675398E-12  1.3824000000000E+05
180 -3.8640928359471E-21  5.4327161916588E-13 -1.1399619329154E-12  1.1878748041667E-12  1.3824000000000E+05
181 -1.0509157812263E-21  5.6995196032640E-13 -1.5376622028412E-12  1.9170536526509E-12  1.3824000000000E+05
182  2.3006551408682E-21  4.7717850411190E-13 -1.1316343500844E-12  1.1370441609427E-12  1.3824000000000E+05
183  7.6616162894771E-22  4.9160344068509E-13 -1.3098023431930E-12  1.3250234331921E-12  1.3824000000000E+05
184 -3.3837210949839E-21  5.8942635665410E-13 -1.6526312751593E-12  1.5901470099861E-12  1.3824000000000E+05
185 -3.1731964548213E-21  4.1187710925411E-13 -7.2845529936420E-13  1.0171517437804E-12  1.3824000000000E+05
186  1.4447907008006E-21  5.6829358418082E-13 -1.4946999589887E-12  1.1751648966606E-12  1.3824000000000E+05
187  3.2905658973153E-21  3.8332592862155E-13 -1.2432255921230E-12  7.4369319257554E-13  1.3824000000000E+05
188  3.6109677267522E-22  4.9654159374751E-13 -1.1450709522310E-12  1.0110993272131E-12  1.3824000000000E+05
189 -2.7836233718604E-21  4.6591681953141E-13 -7.9854330350255E-13  1.4550094562297E-12  1.3824000000000E+05
190 -1.4052234326753E-21  4.4924598583071E-13 -1.0836235336898E-12  1.0092590728633E-12  1.3824000000000E+05
191  2.0184064041114E-21  5.3142188071286E-13 -1.5047737772641E-12  1.3077941277202E-12  1.3824000000000E+05
192  2.2856359529959E-21  4.4517820187287E-13 -1.0655668229521E-12  1.0578986691333E-12  1.3824000000000E+05
193 -9.1486532829020E-22  4.7503572432398E-13 -1.1859856011306E-12  1.4155849822498E-12  1.3824000000000E+05
194 -2.8724419436158E-21  3.4314906414520E-13 -9.0987570484437E-13  7.5397046888372E-13  1.3824000000000E+05
195 -4.3319595079441E-22  5.0965384827567E-13 -1.2972926481324E-12  1.2224086204241E-12  1.3824000000000E+05
196  2.3335672942973E-21  3.5580772894190E-13 -6.0959668326543E-13  9.7995329863984E-13  1.3824000000000E+05
197  7.3380909643488E-22  4.4899238528578E-13 -1.0256481624950E-12  9.1782626080311E-13  1.3824000000000E+05
198 -2.6682723431501E-21  3.7232848593788E-13 -8.2450921857284E-13  7.8645486767841E-13  1.3824000000000E+05
 
 field : VVEL     ; Iter =      1680 ; region #   0 ; nb.Lev = 198
 k | --   Average    -- | --   Std.Dev    -- | --     min      -- | --     max      -- | --    Vol
  0  2.8885390183950E-25  7.6142638049097E-13 -2.9740297990961E-12  3.4869809971221E-12  2.7371520000000E+07
  1  2.8376653975447E-23  1.1840470947143E-12 -2.9740297990961E-12  3.4869809971221E-12  1.3824000000000E+05
  2 -8.1730549431989E-23  1.0111591610901E-12 -2.3042308113464E-12  2.2283506335609E-12  1.3824000000000E+05
  3 -2.1407382170705E-22  6.5171409276403E-13 -1.6213942135524E-12  1.7540209893907E-12  1.3824000000000E+05
  4 -7.5755389389111E-23  1.1044954400499E-12 -2.7957285101575E-12  1.8154179359634E-12  1.3824000000000E+05
  5  1.6343311190805E-22  3.9648355408453E-13 -9.7249974014445E-13  1.0642658327553E-12  1.3824000000000E+05
  6  1.9253395207415E-22  1.0961096557066E-12 -1.7928891083697E-12  2.7407066336297E-12  1.3824000000000E+05
  7  4.9437467288067E-23  7.0934868551497E-13 -1.9530932176085E-12  1.2138568987816E-12  1.3824000000000E+05
  8 -4.9491462678340E-24  8.3527129006517E-13 -2.0466984210204E-12  1.9421121586834E-12  1.3824000000000E+05
  9  1.4252784361178E-22  9.8882199893791E-13 -1.8947140814691E-12  2.2128164800155E-12  1.3824000000000E+05
 10  2.8774857539249E-22  5.4654980267123E-13 -1.0994214799959E-12  1.4753214680745E-12  1.3824000000000E+05
 11  7.0606334805649E-23  1.0379726305913E-12 -2.0907486468657E-12  2.1486299805748E-12  1.3824000000000E+05
 12 -1.7719644595280E-22  2.9248271983463E-13 -7.9312818360927E-13  6.8255047520019E-13  1.3824000000000E+05
 13 -1.3708304513338E-22  9.8262421392026E-13 -1.8794937194401E-12  1.8131331902964E-12  1.3824000000000E+05
 14 -3.4539572017808E-23  5.0265313352421E-13 -1.2576042588034E-12  9.5615938442155E-13  1.3824000000000E+05
 15 -3.7586975270934E-23  8.0419176294769E-13 -1.7787487420392E-12  1.6049155620136E-12  1.3824000000000E+05
 16 -3.3269618825945E-23  8.0164112940125E-13 -1.6330319434445E-12  2.2007913763092E-12  1.3824000000000E+05
 17  2.3498277477079E-23  4.5975862156656E-13 -7.2773574655000E-13  1.2757573652748E-12  1.3824000000000E+05
 18 -1.6616441140321E-23  9.1069354055282E-13 -2.3558372375433E-12  1.7412027726459E-12  1.3824000000000E+05
 19 -3.5342718641454E-23  3.8567548509855E-13 -8.0375547124337E-13  9.9781057175820E-13  1.3824000000000E+05
 20  1.3741385627966E-22  9.1200222865488E-13 -1.7878056018992E-12  2.0037085481313E-12  1.3824000000000E+05
 21  2.4757687783910E-22  5.4505389309429E-13 -1.3762374859328E-12  1.3617765888025E-12  1.3824000000000E+05
 22  5.4400429560613E-23  8.4973271604229E-13 -1.9223580672645E-12  1.8338215404998E-12  1.3824000000000E+05
 23 -1.0727798540747E-22  7.9175043042629E-13 -1.8690164870690E-12  1.6941303393271E-12  1.3824000000000E+05
 24 -6.3311088642303E-24  5.0157008217991E-13 -8.9850509500748E-13  1.0287744915837E-12  1.3824000000000E+05
 25  6.4677599823071E-23  8.5202285572896E-13 -1.5299906194722E-12  1.6798781826008E-12  1.3824000000000E+05
 26 -4.1434525215231E-23  3.8814082752209E-13 -8.5057612019312E-13  1.1128931530013E-12  1.3824000000000E+05
 27 -1.0602982733765E-22  9.0434936839002E-13 -1.6434199569057E-12  1.6862440918495E-12  1.3824000000000E+05
 28 -7.0266635820839E-23  4.7197989403167E-13 -1.3756888622846E-12  8.5625550753714E-13  1.3824000000000E+05
 29 -5.9665756976589E-23  7.9267641939420E-13 -1.8401253163574E-12  1.6881760519085E-12  1.3824000000000E+05
 30  2.6481239793106E-23  7.5953191201929E-13 -1.5870277468007E-12  1.5471715060956E-12  1.3824000000000E+05
 31  1.7331891548419E-22  6.1524833536533E-13 -1.0218366006117E-12  1.5563803970475E-12  1.3824000000000E+05
 32  1.1254858866054E-22  7.9141444062905E-13 -1.8631014240110E-12  1.5270127493377E-12  1.3824000000000E+05
 33 -1.1144690676312E-22  3.6390445747698E-13 -9.9121697019521E-13  7.8596690514434E-13  1.3824000000000E+05
 34 -5.9080770826374E-23  8.8957771454482E-13 -1.8726848218551E-12  1.8684262947623E-12  1.3824000000000E+05
 35  2.3412874812599E-22  4.2229843032884E-13 -9.9404276579515E-13  1.2490421490126E-12  1.3824000000000E+05
 36  1.4801807938559E-22  7.9498904805393E-13 -1.5722822191074E-12  1.5231263681536E-12  1.3824000000000E+05
 37 -1.6678123449460E-22  6.3871996009425E-13 -1.3825487945863E-12  1.4324328861969E-12  1.3824000000000E+05
 38 -7.9331482233562E-23  6.3294145123754E-13 -1.2175774227792E-12  1.2741632783016E-12  1.3824000000000E+05
 39  1.0331936382982E-22  8.0300082619042E-13 -1.5927876949925E-12  1.9701139162840E-12  1.3824000000000E+05
 40 -2.5054741614588E-23  4.3760983190454E-13 -1.0144781865187E-12  8.9993604378816E-13  1.3824000000000E+05
 41 -9.9466913709476E-23  9.2478184682019E-13 -1.9675742407970E-12  1.9628273836098E-12  1.3824000000000E+05
 42  7.1525866766842E-23  3.9301180911518E-13 -1.0897292807440E-12  7.5168147758583E-13  1.3824000000000E+05
 43  5.0399247111427E-23  8.3372691370962E-13 -1.9461498038738E-12  1.7145863396555E-12  1.3824000000000E+05
 44  1.0456986699868E-23  6.1542464157666E-13 -1.4347660967473E-12  1.4201039924082E-12  1.3824000000000E+05
 45  2.1522393318772E-22  6.9840450890217E-13 -1.1867521109753E-12  1.4772231662379E-12  1.3824000000000E+05
 46  2.1562994734398E-22  7.9216127874449E-13 -1.6245987222406E-12  1.6397370426926E-12  1.3824000000000E+05
 47 -1.6132003349509E-22  5.3920254242906E-13 -1.3119281799502E-12  1.0850889879195E-12  1.3824000000000E+05
 48 -1.2702134241025E-22  8.9653507594042E-13 -1.8886231497682E-12  1.4408527919285E-12  1.3824000000000E+05
 49  3.0654833168485E-22  4.1645081992074E-13 -9.6300665035160E-13  9.8177512762877E-13  1.3824000000000E+05
 50  1.8344647358664E-22  9.1050404982192E-13 -1.6870335987283E-12  2.2964780379481E-12  1.3824000000000E+05
 51 -3.0111613544567E-22  5.7055505864562E-13 -1.6483297674070E-12  1.1661251035822E-12  1.3824000000000E+05
 52 -1.6866439238829E-22  8.7863946475676E-13 -2.3072307940621E-12  1.9910831607397E-12  1.3824000000000E+05
 53  1.9463992086944E-22  7.4481167702676E-13 -1.2849191169651E-12  1.5563322185658E-12  1.3824000000000E+05
 54  1.0254948872159E-22  5.1085289165621E-13 -1.1236177692661E-12  1.1429455076997E-12  1.3824000000000E+05
 55 -9.8866139501624E-23  1.0292004266149E-12 -2.0607975211918E-12  1.7575591191251E-12  1.3824000000000E+05
 56  8.3321137394337E-23  4.0181610572225E-13 -1.0934759546673E-12  7.5303591308161E-13  1.3824000000000E+05
 57  9.6503610981733E-23  1.0160121442431E-12 -2.1040085127195E-12  1.9281539561579E-12  1.3824000000000E+05
 58 -6.9331840757077E-23  5.3801359754696E-13 -9.6356243229963E-13  1.3965581297600E-12  1.3824000000000E+05
 59  1.6020718869580E-22  8.1492820784077E-13 -1.3312870859911E-12  1.8049376571685E-12  1.3824000000000E+05
 60  2.8043718486641E-22  8.1146952620014E-13 -1.7209295784743E-12  1.6387015365947E-12  1.3824000000000E+05
 61 -2.5887256439429E-22  6.4964074662233E-13 -1.5634759414043E-12  1.2739471306231E-12  1.3824000000000E+05
 62 -2.3883108223484E-22  1.0123345044498E-12 -1.8820044369592E-12  1.7535211089902E-12  1.3824000000000E+05
 63  2.7854546622569E-22  4.2171588463162E-13 -9.7050583854385E-13  1.0834944036292E-12  1.3824000000000E+05
 64  2.1709209574936E-23  1.0437848508399E-12 -1.9994586234987E-12  1.8799255324823E-12  1.3824000000000E+05
 65 -4.2038732066925E-22  4.8256333238003E-13 -1.4450634122305E-12  7.3751090713816E-13  1.3824000000000E+05
 66 -2.8800596883205E-24  9.3133392862193E-13 -2.0263737445668E-12  1.6462374863779E-12  1.3824000000000E+05
 67  3.2866558791243E-22  7.9174662488870E-13 -1.3525049491779E-12  1.9282981466745E-12  1.3824000000000E+05
 68  6.0052133001585E-24  7.5948933887701E-13 -1.8723513014883E-12  1.9414025207919E-12  1.3824000000000E+05
 69 -1.2146505999049E-22  9.3688781228662E-13 -1.9739136970605E-12  1.7048820924335E-12  1.3824000000000E+05
 70  2.0491519148579E-22  4.3143346532085E-13 -8.4759706668659E-13  1.2836539952494E-12  1.3824000000000E+05
 71  8.7826385571182E-23  1.0858049958544E-12 -2.0231120259387E-12  2.2360982541246E-12  1.3824000000000E+05
 72 -2.2544235107078E-22  4.9215975281674E-13 -9.0139981034911E-13  1.1846265926298E-12  1.3824000000000E+05
 73  8.6580612970356E-23  1.0292384077846E-12 -1.8272048819936E-12  1.9085796573020E-12  1.3824000000000E+05
 74  2.1839457406055E-22  7.2445515677168E-13 -1.6001709305559E-12  1.4925074438179E-12  1.3824000000000E+05
 75 -2.8417500538657E-22  7.9128517350440E-13 -1.6816326045335E-12  1.4740982173519E-12  1.3824000000000E+05
 76 -1.3045414533276E-22  9.6980757698730E-13 -2.1480363027940E-12  1.9384500477051E-12  1.3824000000000E+05
 77  4.2985380768203E-22  6.2002381386998E-13 -1.3253791343118E-12  1.6508294158232E-12  1.3824000000000E+05
 78  4.8581835518768E-23  1.1137940697787E-12 -1.8053637440211E-12  2.4566376399334E-12  1.3824000000000E+05
 79 -4.8069256688501E-22  4.4564075758401E-13 -8.6130839777232E-13  1.3190859730790E-12  1.3824000000000E+05
 80  7.4187079653431E-23  1.0438747841656E-12 -2.3422481339170E-12  1.7585699381568E-12  1.3824000000000E+05
 81  4.8337549902454E-22  6.2270091042194E-13 -1.2191834082724E-12  1.3175042245496E-12  1.3824000000000E+05
 82 -1.1929707999936E-22  9.1829883039348E-13 -1.8779162205447E-12  1.9776284580837E-12  1.3824000000000E+05
 83 -3.2772853616792E-22  9.2618750042727E-13 -1.9771205790315E-12  1.7386536292761E-12  1.3824000000000E+05
 84  2.7184651272218E-22  5.4880185217127E-13 -1.3286200830312E-12  1.3390808812883E-12  1.3824000000000E+05
 85  1.1987374831838E-22  1.0591985465639E-12 -1.9331309619925E-12  2.1435616690890E-12  1.3824000000000E+05
 86 -3.2760497083056E-22  3.8096675175747E-13 -1.1915230317948E-12  9.6404410662753E-13  1.3824000000000E+05
 87  1.2408849740338E-22  1.0500553866335E-12 -2.3048756326666E-12  1.9155609754513E-12  1.3824000000000E+05
 88  2.9690023693925E-22  5.5119610585955E-13 -1.1917988551571E-12  1.0298327412290E-12  1.3824000000000E+05
 89 -3.1381598919690E-22  8.6872141878867E-13 -1.4727716946723E-12  1.5704779946595E-12  1.3824000000000E+05
 90 -2.3123025209362E-22  7.9862161618247E-13 -1.9949614808521E-12  1.3147361735017E-12  1.3824000000000E+05
 91  3.9983679312347E-22  5.9369531980320E-13 -1.6734345917550E-12  1.1426578430528E-12  1.3824000000000E+05
 92  7.4849783544420E-23  1.0487326245964E-12 -1.9562760992419E-12  2.7368017833175E-12  1.3824000000000E+05
 93 -4.9732544043479E-22  3.4386859599110E-13 -8.8116917254959E-13  8.9197416522201E-13  1.3824000000000E+05
 94  2.3958806906325E-23  9.9700472316027E-13 -2.8400998266220E-12  1.7139115413337E-12  1.3824000000000E+05
 95  4.0179427332018E-22  4.4674708350072E-13 -1.0906924139339E-12  8.5374365074899E-13  1.3824000000000E+05
 96 -1.9394728790541E-22  8.9749241108983E-13 -1.4667762487171E-12  2.8544608265335E-12  1.3824000000000E+05
 97 -2.8416084555537E-22  7.9120729481418E-13 -1.5751052958808E-12  1.8814163853843E-12  1.3824000000000E+05
 98  3.4814419651758E-22  6.9343412941330E-13 -2.1022027198284E-12  1.3483056136758E-12  1.3824000000000E+05
 99  1.5468403698490E-22  9.1687351465404E-13 -1.9056016570806E-12  1.9053636733949E-12  1.3824000000000E+05
100 -3.4759096814708E-22  4.1159433356108E-13 -1.2321921154765E-12  1.0128168850072E-12  1.3824000000000E+05
101  1.7152584660225E-22  1.0242609558345E-12 -1.9680342287264E-12  1.8899537088543E-12  1.3824000000000E+05
102  4.0781575134937E-22  5.4235136910025E-13 -1.0619214853501E-12  1.1494095249607E-12  1.3824000000000E+05
103 -2.6105496836815E-22  9.3906561076287E-13 -2.2045392720948E-12  2.1633370623712E-12  1.3824000000000E+05
104 -1.8468735094033E-22  6.3874061681833E-13 -1.3206244940319E-12  1.4235250255943E-12  1.3824000000000E+05
105  4.5840079638416E-22  7.6903817261701E-13 -1.8962478445441E-12  1.8307887219431E-12  1.3824000000000E+05
106  1.5225834436940E-23  8.3885862086041E-13 -1.6557318847149E-12  2.2289132351996E-12  1.3824000000000E+05
107 -6.2184546446754E-22  6.5133365038702E-13 -1.5381788809949E-12  1.2761457789699E-12  1.3824000000000E+05
108 -1.7114689053865E-24  1.0040172824225E-12 -2.8105450221915E-12  1.8368344269322E-12  1.3824000000000E+05
109  5.5921948741980E-22  4.3181658757767E-13 -1.0638338261738E-12  9.8886820205119E-13  1.3824000000000E+05
110 -1.4102187440384E-22  1.0134425285182E-12 -1.5871332260985E-12  3.1439505714938E-12  1.3824000000000E+05
111 -4.3413883730541E-22  6.3005832378665E-13 -1.6463779770206E-12  1.4596696920155E-12  1.3824000000000E+05
112  2.5177218922413E-22  8.1574628884866E-13 -2.5017360916561E-12  1.7813284264154E-12  1.3824000000000E+05
113  1.4363913679763E-22  8.5504341327240E-13 -1.9586982400941E-12  2.0553486780228E-12  1.3824000000000E+05
114 -3.1668159731445E-22  6.5279364099703E-13 -1.3283915948789E-12  1.9720151360781E-12  1.3824000000000E+05
115  1.4464207325328E-22  9.3134861560163E-13 -1.9474482434275E-12  2.2877713304775E-12  1.3824000000000E+05
116  2.6092347435929E-22  5.6700673884168E-13 -1.1916724399166E-12  1.1855842941247E-12  1.3824000000000E+05
117 -4.3292616974624E-22  9.5469213769554E-13 -2.1302738991429E-12  1.8238038249532E-12  1.3824000000000E+05
118 -2.4580306552883E-22  6.6362496499799E-13 -1.3504874279513E-12  1.5613858736547E-12  1.3824000000000E+05
119  5.1585642399678E-22  8.9211806716097E-13 -1.8942052522738E-12  1.9618315529662E-12  1.3824000000000E+05
120  2.3261207420120E-23  8.4120008784678E-13 -1.7942293206059E-12  1.7735471204876E-12  1.3824000000000E+05
121 -6.3449181527565E-22  7.3333132935550E-13 -1.7310636614956E-12  1.7648443373883E-12  1.3824000000000E+05
122  1.0221411447842E-22  9.3990648407415E-13 -2.1233263331565E-12  1.7806500248637E-12  1.3824000000000E+05
123  5.6403366399634E-22  6.8062266300013E-13 -1.5174773112554E-12  1.6001915694271E-12  1.3824000000000E+05
124 -2.9469293376512E-22  1.0022617213083E-12 -1.7778155137651E-12  2.5243871603458E-12  1.3824000000000E+05
125 -4.6641918649806E-22  7.2500580462554E-13 -2.1435678203391E-12  1.1828744200819E-12  1.3824000000000E+05
126  3.9234703714982E-22  9.1775843871197E-13 -2.4836794079208E-12  2.2347987870365E-12  1.3824000000000E+05
127  3.1466232512863E-22  7.6563336741785E-13 -2.0263562737445E-12  1.7675223994906E-12  1.3824000000000E+05
128 -4.0473198271657E-22  7.9775900090055E-13 -2.0467928331554E-12  1.9864958940969E-12  1.3824000000000E+05
129 -1.7448177535627E-23  8.6923083974756E-13 -1.9442359325961E-12  2.0479993749250E-12  1.3824000000000E+05
130  3.4310148950863E-22  6.8965734339004E-13 -1.4197326542108E-12  1.7074364026292E-12  1.3824000000000E+05
131 -3.6822343593822E-22  9.1616815621652E-13 -2.0389472777849E-12  2.1921537861457E-12  1.3824000000000E+05
132 -4.0748593423667E-22  7.4047532173354E-13 -1.6259164882074E-12  1.4074102640433E-12  1.3824000000000E+05
133  4.2436774334040E-22  8.6217018208307E-13 -2.4726635580342E-12  1.9639127352465E-12  1.3824000000000E+05
134  9.4038399453011E-23  7.6895962264891E-13 -1.5749398391612E-12  1.4611548604151E-12  1.3824000000000E+05
135 -6.3442944911869E-22  7.7878993727944E-13 -2.0855234711225E-12  2.5955011380552E-12  1.3824000000000E+05
136 -1.4299940235076E-23  8.3011652751883E-13 -1.8276994053971E-12  1.8726930359021E-12  1.3824000000000E+05
137  5.6217153627102E-22  8.3321948025701E-13 -2.3727603557947E-12  1.9153894015434E-12  1.3824000000000E+05
138 -8.9204377471273E-23  8.6618553828242E-13 -2.5946594482711E-12  1.4869524143079E-12  1.3824000000000E+05
139 -3.2087326031131E-22  7.2873472793031E-13 -2.0089643125750E-12  1.2231972192681E-12  1.3824000000000E+05
140  3.1662678905981E-22  8.2243445145376E-13 -1.5511712770565E-12  2.5102983077410E-12  1.3824000000000E+05
141  1.8280575660767E-22  7.5573405821286E-13 -1.8584209290547E-12  1.9611176554097E-12  1.3824000000000E+05
142 -5.2273018784978E-22  9.1995734652276E-13 -2.5157542664944E-12  2.0092881098305E-12  1.3824000000000E+05
143 -1.6329602609372E-22  8.1037763305060E-13 -1.8111861380052E-12  1.9445579300020E-12  1.3824000000000E+05
144  4.1337505207732E-22  7.5615965456093E-13 -1.6609171809446E-12  2.3377135921892E-12  1.3824000000000E+05
145 -7.3267376388126E-23  8.6511718587739E-13 -1.6005456032348E-12  2.8109392774985E-12  1.3824000000000E+05
146 -3.9752065922814E-22  5.6765892796832E-13 -1.2986896169884E-12  1.0530503002986E-12  1.3824000000000E+05
147  6.6068724500968E-23  9.3364306488330E-13 -2.4879588736865E-12  1.9245078957180E-12  1.3824000000000E+05
148  1.4189249562744E-22  7.6098984704806E-13 -1.3598735189449E-12  1.4635322354657E-12  1.3824000000000E+05
149 -6.6885673408215E-23  8.3929705067239E-13 -1.8053558276722E-12  1.7484493127360E-12  1.3824000000000E+05
150  1.9782152424572E-22  6.2583300617606E-13 -1.1985927066545E-12  1.5805108570682E-12  1.3824000000000E+05
151  2.0488521402747E-22  7.4685649476955E-13 -1.7806195925286E-12  2.0583397141441E-12  1.3824000000000E+05
152 -2.9895520484196E-22  8.1383202870324E-13 -2.7801986995626E-12  1.8140075017124E-12  1.3824000000000E+05
153 -1.6659536084644E-22  6.4549422523405E-13 -1.4082849439833E-12  1.7279741117461E-12  1.3824000000000E+05
154  3.2247738642893E-22  8.6117086862721E-13 -1.5467024592353E-12  3.1967211308168E-12  1.3824000000000E+05
155  8.9069875952123E-23  6.1287856400920E-13 -1.0801139128051E-12  1.7988457641905E-12  1.3824000000000E+05
156 -5.0683759397625E-22  8.4928181155049E-13 -2.8595236487558E-12  1.9459751285368E-12  1.3824000000000E+05
157 -3.9475795016053E-22  7.2904734743028E-13 -1.7106941849971E-12  1.3648800759822E-12  1.3824000000000E+05
158  8.3949324628209E-23  7.3492919724429E-13 -1.2205405343600E-12  2.2192986357895E-12  1.3824000000000E+05
159  1.0659566165428E-22  7.9420468948373E-13 -1.5919331940029E-12  1.9293965581791E-12  1.3824000000000E+05
160 -7.7764611260384E-23  6.2139932665524E-13 -1.4577233352631E-12  1.5230881851539E-12  1.3824000000000E+05
161 -1.0842006370279E-22  8.2943990716593E-13 -2.1737542577417E-12  1.8912630863493E-12  1.3824000000000E+05
162 -4.7287244541306E-24  7.9789946622844E-13 -2.3408629399493E-12  1.8798771392106E-12  1.3824000000000E+05
163  2.1790929896021E-22  7.9206616641133E-13 -1.6407330006409E-12  2.1611280377212E-12  1.3824000000000E+05
164  3.4457269122944E-22  7.0625960788390E-13 -1.4669390479789E-12  1.5532479571850E-12  1.3824000000000E+05
165  5.2477241850122E-23  8.4666660221772E-13 -1.9428984988058E-12  1.6992310967345E-12  1.3824000000000E+05
166 -1.6818121013155E-22  7.1293691673505E-13 -1.6379738521702E-12  1.6191358907043E-12  1.3824000000000E+05
167  4.6988768432471E-23  7.8603281242870E-13 -1.6382948275046E-12  1.9855453012656E-12  1.3824000000000E+05
168  2.3004461011875E-22  7.6303125230692E-13 -1.6998452516815E-12  2.1054249351884E-12  1.3824000000000E+05
169 -4.3010757957220E-23  7.0345293231310E-13 -1.3057392736137E-12  1.7212366852695E-12  1.3824000000000E+05
170 -4.4320064701287E-22  8.9281456403580E-13 -2.3214942786200E-12  1.9360680844300E-12  1.3824000000000E+05
171 -3.3246744879716E-22  6.4259928865000E-13 -1.5457010600256E-12  1.1602592503997E-12  1.3824000000000E+05
172  2.1348413678446E-22  7.3450932019642E-13 -1.8948843748189E-12  1.7675190806364E-12  1.3824000000000E+05
173  3.0994120613206E-22  6.7655296240945E-13 -1.2507322344936E-12  1.7973962135998E-12  1.3824000000000E+05
174 -2.1530762494875E-24  6.7083089163572E-13 -1.3707804215635E-12  1.7722663564128E-12  1.3824000000000E+05
175 -2.1750446370854E-22  7.8820971296888E-13 -2.0794567593284E-12  1.1634032735389E-12  1.3824000000000E+05
176 -3.6069406523688E-23  5.9411052303302E-13 -1.1564064374977E-12  1.2466658702315E-12  1.3824000000000E+05
177  4.1092761197201E-22  7.2401292631413E-13 -1.1018478035765E-12  2.0162102984946E-12  1.3824000000000E+05
178  4.4536780675520E-22  6.0859120364215E-13 -1.2022644961131E-12  1.7262984247728E-12  1.3824000000000E+05
179 -7.1038664277575E-23  6.8107870283021E-13 -1.5243086261015E-12  1.2322685245553E-12  1.3824000000000E+05
180 -4.1591611609105E-22  7.0591877413397E-13 -1.5563478979328E-12  1.3926982950912E-12  1.3824000000000E+05
181 -1.5016073810085E-22  6.1076838485308E-13 -1.8441050282827E-12  1.1699536000473E-12  1.3824000000000E+05
182  2.6431744344752E-22  6.6328742950579E-13 -1.3532224291268E-12  1.7470381515997E-12  1.3824000000000E+05
183  1.2304594381547E-22  5.1542223284797E-13 -1.3858834741273E-12  1.2352857130793E-12  1.3824000000000E+05
184 -3.8608530803832E-22  7.3273929629776E-13 -1.6366616167755E-12  1.8672694229448E-12  1.3824000000000E+05
185 -4.0592172181148E-22  5.5127694195441E-13 -1.1797818846886E-12  1.3159700454812E-12  1.3824000000000E+05
186  1.0920414625291E-22  6.3436953419443E-13 -1.6500286672874E-12  1.8946327741795E-12  1.3824000000000E+05
187  3.3268343891886E-22  6.6431940773773E-13 -1.2724077657668E-12  1.2591127402329E-12  1.3824000000000E+05
188  1.8895871062682E-23  4.6627635114782E-13 -1.2772601236861E-12  1.3781311737998E-12  1.3824000000000E+05
189 -3.1867179619851E-22  7.0276554620701E-13 -1.7943447406913E-12  1.2285178442483E-12  1.3824000000000E+05
190 -1.1101465553141E-22  5.6875121220620E-13 -1.5169523060044E-12  1.0659510090557E-12  1.3824000000000E+05
191  2.7026740008568E-22  5.5949864632383E-13 -1.2543224230833E-12  1.2264678000743E-12  1.3824000000000E+05
192  2.2871918020776E-22  5.6249785797469E-13 -1.4395656556369E-12  1.2954729397655E-12  1.3824000000000E+05
193 -1.4696062182340E-22  5.0053998260719E-13 -1.3930219745034E-12  1.1413360795657E-12  1.3824000000000E+05
194 -3.5389327408542E-22  5.5741836650490E-13 -1.3638617612089E-12  1.1846689798720E-12  1.3824000000000E+05
195 -5.9266788088177E-23  5.4190285908853E-13 -1.5325932565096E-12  1.5876345132284E-12  1.3824000000000E+05
196  2.8926927499427E-22  5.3720495973814E-13 -1.0848169440216E-12  1.3024204375977E-12  1.3824000000000E+05
197  9.9373845857878E-23  5.1378852741240E-13 -1.4660837619690E-12  1.5210723133595E-12  1.3824000000000E+05
198 -2.9265532193518E-22  5.1970474085865E-13 -1.2015566019993E-12  1.3870459619904E-12  1.3824000000000E+05
 
 field : WVEL     ; Iter =      1680 ; region #   0 ; nb.Lev = 198
 k | --   Average    -- | --   Std.Dev    -- | --     min      -- | --     max      -- | --    Vol
  0 -2.1721054140921E-15  6.1112628593275E-12 -2.4961564909668E-11  2.3087133686423E-11  2.7302400000000E+07
  1 -4.4289032318056E-15  3.3242409984014E-13 -2.0865547557907E-12  1.4663345400505E-12  6.9120000000000E+04
  2 -4.4288518326424E-15  3.7107573876708E-12 -1.1121592707844E-11  1.0855233948665E-11  1.3824000000000E+05
  3 -4.4272777316200E-15  2.9549364638872E-12 -9.0058792409405E-12  8.1784747628763E-12  1.3824000000000E+05
  4 -4.4243415513715E-15  2.8515094071910E-12 -7.9730446868813E-12  8.9200365627511E-12  1.3824000000000E+05
  5 -4.4196385232960E-15  3.2505680109423E-12 -1.0227139436184E-11  9.1090863983292E-12  1.3824000000000E+05
  6 -4.4124169337435E-15  2.6658366002482E-12 -8.4471105055287E-12  6.6331573422693E-12  1.3824000000000E+05
  7 -4.4042573086023E-15  2.9172147387924E-12 -8.9191040350646E-12  8.9844810783607E-12  1.3824000000000E+05
  8 -4.3976139602902E-15  3.0995866511451E-12 -8.9311550557014E-12  8.5271825745117E-12  1.3824000000000E+05
  9 -4.3923198412069E-15  3.2452998990653E-12 -9.3976817024024E-12  9.0489918420900E-12  1.3824000000000E+05
 10 -4.3848669550867E-15  2.5377782906408E-12 -7.4484589891731E-12  7.2207536183047E-12  1.3824000000000E+05
 11 -4.3730965350941E-15  3.0278946936850E-12 -9.6198558448606E-12  9.6511722109278E-12  1.3824000000000E+05
 12 -4.3581650635011E-15  2.7718299742663E-12 -8.6113307352418E-12  6.5694241305648E-12  1.3824000000000E+05
 13 -4.3415888169691E-15  2.4975835649285E-12 -7.7570079136744E-12  6.2918851903591E-12  1.3824000000000E+05
 14 -4.3211833288821E-15  3.0201002116138E-12 -9.5437713879985E-12  7.1862026096089E-12  1.3824000000000E+05
 15 -4.2993900619744E-15  3.0995575346986E-12 -9.1398621038384E-12  8.4093943595799E-12  1.3824000000000E+05
 16 -4.2818629298998E-15  3.1007794918854E-12 -9.5624521363484E-12  7.4117927886010E-12  1.3824000000000E+05
 17 -4.2664431657221E-15  2.8018545587945E-12 -8.9274341634975E-12  8.1148404277678E-12  1.3824000000000E+05
 18 -4.2536447614896E-15  3.0035590171062E-12 -8.3931288793163E-12  7.6433291199787E-12  1.3824000000000E+05
 19 -4.2426453296478E-15  2.6707350268340E-12 -7.9308215854897E-12  7.3980105135246E-12  1.3824000000000E+05
 20 -4.2295385299635E-15  3.2578283004117E-12 -9.6993433124562E-12  8.6214365578163E-12  1.3824000000000E+05
 21 -4.2126795877352E-15  4.0054930843700E-12 -1.2604400766152E-11  1.0416483972187E-11  1.3824000000000E+05
 22 -4.1941244715509E-15  2.9114568958154E-12 -8.8948761843165E-12  6.8266683741915E-12  1.3824000000000E+05
 23 -4.1756207545368E-15  2.6326395531525E-12 -9.7296926737935E-12  8.3263160117319E-12  1.3824000000000E+05
 24 -4.1588132114500E-15  3.2020927919570E-12 -9.3985010656808E-12  8.1597940630206E-12  1.3824000000000E+05
 25 -4.1445756290189E-15  3.9549719541760E-12 -9.6333460622023E-12  9.7268453008793E-12  1.3824000000000E+05
 26 -4.1306978411813E-15  3.5522852129665E-12 -1.1122608692541E-11  9.0343134293856E-12  1.3824000000000E+05
 27 -4.1145584880144E-15  3.0688999240283E-12 -1.0651023330141E-11  8.4623249228270E-12  1.3824000000000E+05
 28 -4.0969799567915E-15  3.3544007275334E-12 -8.9021183675384E-12  8.5593586335208E-12  1.3824000000000E+05
 29 -4.0812003979665E-15  2.9682728372159E-12 -8.6915216833202E-12  8.0797529559563E-12  1.3824000000000E+05
 30 -4.0669114163873E-15  2.9503436075940E-12 -8.3336889466239E-12  7.6156197475913E-12  1.3824000000000E+05
 31 -4.0524168381127E-15  3.8569951116611E-12 -1.0000687326453E-11  9.8733834301528E-12  1.3824000000000E+05
 32 -4.0387446473017E-15  4.7774109335690E-12 -1.2298535462196E-11  1.1689843180072E-11  1.3824000000000E+05
 33 -4.0251752548155E-15  4.6041309385984E-12 -1.0823266161442E-11  1.0781448976397E-11  1.3824000000000E+05
 34 -4.0098582889440E-15  4.6013206026693E-12 -1.1170119627976E-11  1.1454650917088E-11  1.3824000000000E+05
 35 -3.9946441215610E-15  4.5810143774633E-12 -1.2479919686787E-11  1.2355827942863E-11  1.3824000000000E+05
 36 -3.9824111087126E-15  4.1205843948162E-12 -1.1130463072081E-11  1.1184598208193E-11  1.3824000000000E+05
 37 -3.9727480565443E-15  4.1868652263752E-12 -1.0034030496884E-11  1.1236757003841E-11  1.3824000000000E+05
 38 -3.9651409727889E-15  5.0327870279413E-12 -1.2534345447536E-11  1.2590568829871E-11  1.3824000000000E+05
 39 -3.9616458260802E-15  5.7510384620248E-12 -1.5283715676965E-11  1.5190887569567E-11  1.3824000000000E+05
 40 -3.9586646716113E-15  5.1858085489871E-12 -1.3916010499494E-11  1.2307978520102E-11  1.3824000000000E+05
 41 -3.9536275487068E-15  4.8719482814081E-12 -1.1761906534462E-11  1.2406100653606E-11  1.3824000000000E+05
 42 -3.9459176666678E-15  5.2786449551059E-12 -1.3707485518899E-11  1.3652696104974E-11  1.3824000000000E+05
 43 -3.9340958473990E-15  5.4772148665292E-12 -1.4040689515850E-11  1.3992548822526E-11  1.3824000000000E+05
 44 -3.9196012689560E-15  5.6325299839419E-12 -1.4887584046529E-11  1.3082132659049E-11  1.3824000000000E+05
 45 -3.9092186277666E-15  6.2230640477736E-12 -1.5672570735103E-11  1.3846432588900E-11  1.3824000000000E+05
 46 -3.9060318766907E-15  6.9188922742854E-12 -1.7959242259237E-11  1.5730004172934E-11  1.3824000000000E+05
 47 -3.9063402720799E-15  6.4145463812627E-12 -1.5603401540727E-11  1.3870416113190E-11  1.3824000000000E+05
 48 -3.9083962405387E-15  6.2743961414354E-12 -1.6183043797707E-11  1.4108417098031E-11  1.3824000000000E+05
 49 -3.9120969838310E-15  7.0290873832224E-12 -1.7959000419072E-11  1.7552025315576E-11  1.3824000000000E+05
 50 -3.9148725414565E-15  7.4179939396930E-12 -1.7287862530649E-11  1.7938740940976E-11  1.3824000000000E+05
 51 -3.9164145180216E-15  7.2232210612777E-12 -1.5022985574741E-11  1.5351867279567E-11  1.3824000000000E+05
 52 -3.9170313085787E-15  6.9667336550894E-12 -1.6872930787137E-11  1.5778451711167E-11  1.3824000000000E+05
 53 -3.9171341068465E-15  6.9978906778427E-12 -1.6831935378755E-11  1.7961781033978E-11  1.3824000000000E+05
 54 -3.9204236564867E-15  6.0413466361036E-12 -1.4885854503418E-11  1.5742996191863E-11  1.3824000000000E+05
 55 -3.9254607795507E-15  5.9685251866350E-12 -1.4110833395869E-11  1.3607070935478E-11  1.3824000000000E+05
 56 -3.9315258868730E-15  7.4404721406462E-12 -1.8784382729214E-11  1.7154773012201E-11  1.3824000000000E+05
 57 -3.9424225202117E-15  8.3439201305958E-12 -1.9950654740181E-11  2.0005270698479E-11  1.3824000000000E+05
 58 -3.9561975096019E-15  8.1420460373401E-12 -1.7332098726464E-11  1.8169509565455E-11  1.3824000000000E+05
 59 -3.9702808944729E-15  8.0079291119042E-12 -1.8349019043974E-11  1.6952736060508E-11  1.3824000000000E+05
 60 -3.9861118526489E-15  8.1838272190142E-12 -1.9104398327768E-11  1.8543853525576E-11  1.3824000000000E+05
 61 -3.9965972923040E-15  7.6174265860359E-12 -1.6853764079093E-11  1.6314810928337E-11  1.3824000000000E+05
 62 -4.0013260198098E-15  7.8299038554296E-12 -1.7498664855285E-11  1.7131094806603E-11  1.3824000000000E+05
 63 -3.9974196794911E-15  8.7456302689115E-12 -1.9928796442946E-11  2.0324309000558E-11  1.3824000000000E+05
 64 -3.9933077425074E-15  8.9169963624431E-12 -1.9224315060922E-11  1.9162786948248E-11  1.3824000000000E+05
 65 -3.9947469205731E-15  8.1436064169604E-12 -1.8728838213847E-11  1.7613001244414E-11  1.3824000000000E+05
 66 -3.9928965487198E-15  7.8331599426544E-12 -1.8527445131118E-11  1.6490142084692E-11  1.3824000000000E+05
 67 -3.9854950617042E-15  8.3904630047760E-12 -2.1873607974543E-11  1.9466112559992E-11  1.3824000000000E+05
 68 -3.9748040252441E-15  8.2601398898947E-12 -1.8247475781546E-11  1.7851165216047E-11  1.3824000000000E+05
 69 -3.9711032820981E-15  8.4840349467409E-12 -1.9767663178923E-11  1.7712228178081E-11  1.3824000000000E+05
 70 -3.9690473137018E-15  8.9863077801075E-12 -1.9495631355769E-11  1.9426515810940E-11  1.3824000000000E+05
 71 -3.9600010519668E-15  8.9007847974687E-12 -2.0648813628884E-11  1.9326045173684E-11  1.3824000000000E+05
 72 -3.9421141253954E-15  8.2687356142018E-12 -1.7122709491840E-11  1.7810454851217E-11  1.3824000000000E+05
 73 -3.9205264556398E-15  8.6409851971349E-12 -1.9492415617672E-11  1.8026781838673E-11  1.3824000000000E+05
 74 -3.9020227387995E-15  9.8681047325034E-12 -2.1390308948897E-11  2.1323805300282E-11  1.3824000000000E+05
 75 -3.8816686500184E-15  1.0020413606756E-11 -2.2021039757229E-11  1.9935261487771E-11  1.3824000000000E+05
 76 -3.8611089642058E-15  9.7364260813553E-12 -2.0408687320598E-11  2.0484813425553E-11  1.3824000000000E+05
 77 -3.8389045036804E-15  9.5326778167264E-12 -2.1906644896065E-11  1.9326152657347E-11  1.3824000000000E+05
 78 -3.8084761691575E-15  9.0664431572940E-12 -2.0840249603060E-11  1.8524272201047E-11  1.3824000000000E+05
 79 -3.7696183634134E-15  8.1048527922270E-12 -1.9244897528837E-11  1.7219525937541E-11  1.3824000000000E+05
 80 -3.7330221227583E-15  8.1672077263610E-12 -1.8687301269974E-11  1.7441912595008E-11  1.3824000000000E+05
 81 -3.6988930443487E-15  8.8852761651750E-12 -2.0889192245139E-11  2.0757702246959E-11  1.3824000000000E+05
 82 -3.6575680763032E-15  8.3788227532394E-12 -1.7744136037974E-11  1.8980922421841E-11  1.3824000000000E+05
 83 -3.6102807996653E-15  7.8399367940356E-12 -1.8326441834721E-11  1.8353493625065E-11  1.3824000000000E+05
 84 -3.5570312140190E-15  7.8035276502240E-12 -1.8123736561241E-11  1.6768388698818E-11  1.3824000000000E+05
 85 -3.4974081255232E-15  7.6743105543052E-12 -1.8469784788399E-11  1.7828254561787E-11  1.3824000000000E+05
 86 -3.4314115344256E-15  7.1829195167456E-12 -1.6657369598921E-11  1.6215970503472E-11  1.3824000000000E+05
 87 -3.3555462945067E-15  7.8406871277686E-12 -1.9222855306338E-11  1.7421240677107E-11  1.3824000000000E+05
 88 -3.2763915050180E-15  8.3688014406682E-12 -2.0520570845441E-11  1.8992956747028E-11  1.3824000000000E+05
 89 -3.2009374587150E-15  7.3905247872233E-12 -1.7276750003585E-11  1.6752570734070E-11  1.3824000000000E+05
 90 -3.1302121398689E-15  6.5405831567453E-12 -1.6430744570601E-11  1.6493047178865E-11  1.3824000000000E+05
 91 -3.0670939047817E-15  7.1092968530170E-12 -1.7839886838410E-11  1.7247153360184E-11  1.3824000000000E+05
 92 -3.0060316385320E-15  7.8963985467512E-12 -1.9278139705325E-11  1.8488227540197E-11  1.3824000000000E+05
 93 -2.9466141472520E-15  7.6443958848291E-12 -1.8601996973794E-11  1.8983990208696E-11  1.3824000000000E+05
 94 -2.8898694148949E-15  7.5495169416227E-12 -1.9383568924457E-11  1.8005997941710E-11  1.3824000000000E+05
 95 -2.8255175987053E-15  7.7289330655847E-12 -1.8263661880438E-11  1.8346516789692E-11  1.3824000000000E+05
 96 -2.7519139241054E-15  7.3078429245374E-12 -1.7331593208723E-11  1.9607703077314E-11  1.3824000000000E+05
 97 -2.6737871188931E-15  7.1949140966093E-12 -1.8685195785542E-11  1.9292335279890E-11  1.3824000000000E+05
 98 -2.5956603136474E-15  7.5346037762256E-12 -1.8824482536557E-11  1.6846027092015E-11  1.3824000000000E+05
 99 -2.5204118642192E-15  7.6735426443434E-12 -1.7171866420741E-11  1.7621083072940E-11  1.3824000000000E+05
100 -2.4459858021529E-15  6.9179374931657E-12 -1.5356711873269E-11  1.8947066651856E-11  1.3824000000000E+05
101 -2.3690925778523E-15  7.2616117918627E-12 -1.7158622552752E-11  1.9459476650427E-11  1.3824000000000E+05
102 -2.2921993535750E-15  8.1152663603065E-12 -1.8854789294699E-11  1.8409396377461E-11  1.3824000000000E+05
103 -2.2237356003154E-15  8.0125966453452E-12 -1.9055348209750E-11  1.9483023809191E-11  1.3824000000000E+05
104 -2.1690468363723E-15  7.8078350065499E-12 -1.9487139686834E-11  1.7597175363055E-11  1.3824000000000E+05
105 -2.1184700096220E-15  8.6537126821972E-12 -2.0501778315272E-11  1.8968261407557E-11  1.3824000000000E+05
106 -2.0559685652876E-15  9.3107757420423E-12 -2.0852963041751E-11  2.1830883135114E-11  1.3824000000000E+05
107 -1.9887383932076E-15  8.4337512072221E-12 -2.1146046977430E-11  2.1787882978511E-11  1.3824000000000E+05
108 -1.9233585927638E-15  7.7954050220794E-12 -2.1852787730060E-11  1.8395393626252E-11  1.3824000000000E+05
109 -1.8561284206831E-15  8.2200901091392E-12 -2.0618515466133E-11  1.9499999996665E-11  1.3824000000000E+05
110 -1.7856086989962E-15  8.4375207704259E-12 -2.0294891431855E-11  2.0527187701418E-11  1.3824000000000E+05
111 -1.7080986842402E-15  8.8018673804278E-12 -2.2721150256151E-11  2.3087133686423E-11  1.3824000000000E+05
112 -1.6244207637699E-15  9.2421880179292E-12 -2.4961564909668E-11  2.1592389539376E-11  1.3824000000000E+05
113 -1.5356029218489E-15  8.9539163160755E-12 -2.2449657265430E-11  2.0836691318748E-11  1.3824000000000E+05
114 -1.4428787396355E-15  7.9605616653760E-12 -1.9897268605301E-11  1.8844281691645E-11  1.3824000000000E+05
115 -1.3583784316304E-15  8.2103666590811E-12 -2.1018886873738E-11  1.9652285480960E-11  1.3824000000000E+05
116 -1.2837467726587E-15  8.7426779066338E-12 -2.1698801679748E-11  2.0672319314396E-11  1.3824000000000E+05
117 -1.2142550350837E-15  8.0632876146837E-12 -1.9109228908347E-11  2.0404782386958E-11  1.3824000000000E+05
118 -1.1422961352733E-15  6.8267047022474E-12 -1.7234355936388E-11  1.6746239584591E-11  1.3824000000000E+05
119 -1.0769163349311E-15  6.9828990956523E-12 -1.7673199490623E-11  1.7352976323219E-11  1.3824000000000E+05
120 -1.0160596653368E-15  7.7168641067476E-12 -1.7468672060618E-11  1.8543980300484E-11  1.3824000000000E+05
121 -9.5643657685128E-16  7.8133971060799E-12 -1.8162416961846E-11  2.0414564243875E-11  1.3824000000000E+05
122 -9.1038288101908E-16  7.8889078893070E-12 -1.9734408067727E-11  1.9757283342872E-11  1.3824000000000E+05
123 -8.7460902809698E-16  8.0435841432524E-12 -1.9097016585838E-11  1.9870132326004E-11  1.3824000000000E+05
124 -8.4171353104249E-16  7.7765122437373E-12 -1.8615213214600E-11  1.7874314075880E-11  1.3824000000000E+05
125 -8.0840684019600E-16  7.5063496970953E-12 -2.0392902732586E-11  1.7920832271266E-11  1.3824000000000E+05
126 -7.7057701855822E-16  7.4138658546086E-12 -2.0416525739620E-11  1.7179292108992E-11  1.3824000000000E+05
127 -7.3315839070979E-16  7.0805165355055E-12 -1.6496604344969E-11  1.5887652703089E-11  1.3824000000000E+05
128 -6.8751588861152E-16  6.6250379463607E-12 -1.6527500077321E-11  1.5754465071369E-11  1.3824000000000E+05
129 -6.2131370083803E-16  7.2447066020011E-12 -1.9572312461136E-11  1.5801077791884E-11  1.3824000000000E+05
130 -5.6744732445380E-16  7.9592291149712E-12 -2.0742890012762E-11  1.7700708204366E-11  1.3824000000000E+05
131 -5.2797272803684E-16  7.6978206542478E-12 -1.7735561028445E-11  1.7916342074639E-11  1.3824000000000E+05
132 -4.7739590133842E-16  7.0470880660972E-12 -1.6657513720440E-11  1.6732439014305E-11  1.3824000000000E+05
133 -4.3257578652555E-16  7.3204693912424E-12 -1.8058904061663E-11  1.7406800713463E-11  1.3824000000000E+05
134 -4.0461461388646E-16  7.6275820250302E-12 -1.7733105851597E-11  1.8198342651617E-11  1.3824000000000E+05
135 -3.6925195451271E-16  7.4241133567192E-12 -1.8754679033083E-11  1.8497038584780E-11  1.3824000000000E+05
136 -3.2525422731462E-16  7.1411930844696E-12 -1.9494414173524E-11  1.7325508973079E-11  1.3824000000000E+05
137 -2.8043411266088E-16  6.9105722933662E-12 -1.7972792072835E-11  1.5871029632955E-11  1.3824000000000E+05
138 -2.4507145326484E-16  6.7868951259433E-12 -1.7326704600227E-11  1.6835051471324E-11  1.3824000000000E+05
139 -2.2081102411858E-16  6.9120654571059E-12 -2.0187159615410E-11  1.7311492727841E-11  1.3824000000000E+05
140 -1.9284985170624E-16  7.1375896624022E-12 -2.2197620799577E-11  1.5808383662320E-11  1.3824000000000E+05
141 -1.5255286794325E-16  6.7193327487717E-12 -1.8584155116114E-11  1.5863016188469E-11  1.3824000000000E+05
142 -1.0074246014372E-16  5.8164280320497E-12 -1.5642764735466E-11  1.5567039293331E-11  1.3824000000000E+05
143 -3.6185047168316E-17  5.5587315080820E-12 -1.6543911717712E-11  1.4070607914008E-11  1.3824000000000E+05
144  3.7418627460148E-17  5.7074083259951E-12 -1.6805512852250E-11  1.7286196917492E-11  1.3824000000000E+05
145  1.1883498256065E-16  5.6017047762899E-12 -1.6736579279707E-11  1.7679272092519E-11  1.3824000000000E+05
146  2.0189611244676E-16  5.2791190145615E-12 -1.4284087407199E-11  1.6642821757051E-11  1.3824000000000E+05
147  2.7344381846310E-16  5.4254205401022E-12 -1.3899860047287E-11  1.6270115262881E-11  1.3824000000000E+05
148  3.3635645658307E-16  5.2235935978124E-12 -1.4175623350691E-11  1.4199894781393E-11  1.3824000000000E+05
149  3.8117657133092E-16  4.9051741035217E-12 -1.2385428363045E-11  1.2709327983810E-11  1.3824000000000E+05
150  4.0831535636288E-16  5.1199426527174E-12 -1.3400211965645E-11  1.4194718143197E-11  1.3824000000000E+05
151  4.3627652884922E-16  5.4832975305677E-12 -1.4090814459863E-11  1.5744464692560E-11  1.3824000000000E+05
152  4.6464889515177E-16  5.3087504829545E-12 -1.2354640745212E-11  1.3406487748402E-11  1.3824000000000E+05
153  4.8726454947032E-16  5.0343897978564E-12 -1.4832188221015E-11  1.2368295073824E-11  1.3824000000000E+05
154  5.0083394199585E-16  5.0879006866927E-12 -1.6273513468445E-11  1.4266193346750E-11  1.3824000000000E+05
155  5.0288991046929E-16  5.0670361096882E-12 -1.2077643676748E-11  1.3906031174527E-11  1.3824000000000E+05
156  5.0330110416565E-16  4.6691313099493E-12 -1.2118119660766E-11  1.2702932998430E-11  1.3824000000000E+05
157  4.9877797342282E-16  4.2221493534739E-12 -1.1573470951027E-11  1.0817479896165E-11  1.3824000000000E+05
158  4.9343245520724E-16  4.2294507939173E-12 -1.1791283503364E-11  1.2146605453046E-11  1.3824000000000E+05
159  4.9178768026577E-16  4.2194576576621E-12 -1.1493432736571E-11  1.2204584609745E-11  1.3824000000000E+05
160  4.8932051793846E-16  4.1710450389389E-12 -1.2396013176202E-11  1.1609621711340E-11  1.3824000000000E+05
161  4.8191903122358E-16  4.3380537639512E-12 -1.2273011268669E-11  1.3277058038636E-11  1.3824000000000E+05
162  4.5601382749774E-16  4.1395265237518E-12 -1.0793818027366E-11  1.3240434474074E-11  1.3824000000000E+05
163  4.1119371289655E-16  4.0758240731295E-12 -1.0320535499948E-11  1.1619408742370E-11  1.3824000000000E+05
164  3.5650494906140E-16  4.0833832984679E-12 -9.9861568360977E-12  1.2158789475981E-11  1.3824000000000E+05
165  3.0140499152192E-16  3.9402007971823E-12 -9.2073219030163E-12  1.2515697906444E-11  1.3824000000000E+05
166  2.5206174606619E-16  3.4798735128931E-12 -8.0421999084140E-12  1.1003080541218E-11  1.3824000000000E+05
167  2.0148491942761E-16  3.0433680696894E-12 -7.5720595446460E-12  7.3731702190025E-12  1.3824000000000E+05
168  1.5296406114601E-16  3.0149993558710E-12 -6.4911625390435E-12  8.9090528566474E-12  1.3824000000000E+05
169  1.1472304557729E-16  3.5167422151384E-12 -8.6114927693215E-12  1.1228851431233E-11  1.3824000000000E+05
170  6.7435768491708E-17  3.3342861889617E-12 -1.0024833140067E-11  8.2736665720046E-12  1.3824000000000E+05
171  2.7961172185035E-17  3.2181133785130E-12 -7.3152141040717E-12  7.9749971795659E-12  1.3824000000000E+05
172  7.8126804034724E-18  3.6398794979537E-12 -8.5561253380868E-12  9.5036489486768E-12  1.3824000000000E+05
173 -1.3980586445078E-17  3.6969970579104E-12 -8.2559347398350E-12  1.0668086476488E-11  1.3824000000000E+05
174 -3.8652209286878E-17  3.7243466520874E-12 -1.0451741061297E-11  9.7341969651723E-12  1.3824000000000E+05
175 -6.9491737609644E-17  3.0644321996116E-12 -7.5424051027096E-12  9.9530919348118E-12  1.3824000000000E+05
176 -1.0320962178980E-16  2.5200130112155E-12 -5.6223858557305E-12  8.2538336985031E-12  1.3824000000000E+05
177 -1.4227302437534E-16  2.4560691543312E-12 -6.1197571449336E-12  5.7791391934616E-12  1.3824000000000E+05
178 -1.9531701344212E-16  2.5952525718937E-12 -7.8225432814824E-12  7.5855905658477E-12  1.3824000000000E+05
179 -2.5165055223019E-16  2.9531229588191E-12 -8.3577262688486E-12  9.5277087097965E-12  1.3824000000000E+05
180 -2.9276992342291E-16  2.3063456036942E-12 -8.0514492844147E-12  7.0105859264679E-12  1.3824000000000E+05
181 -3.2607661403414E-16  1.6893996336763E-12 -4.9171692713288E-12  5.3153928321773E-12  1.3824000000000E+05
182 -3.6842956658383E-16  1.9280669634176E-12 -5.5252288372775E-12  5.8985373836118E-12  1.3824000000000E+05
183 -4.0872655073273E-16  2.5485637202182E-12 -5.6422400122787E-12  8.3280134611921E-12  1.3824000000000E+05
184 -4.2640788048459E-16  2.1980078173627E-12 -5.0972984865602E-12  7.1929147342680E-12  1.3824000000000E+05
185 -4.3175339856830E-16  1.7670054321849E-12 -4.8908423956349E-12  4.2405872111838E-12  1.3824000000000E+05
186 -4.3627652919459E-16  2.2958970124122E-12 -5.8717456476722E-12  5.9438357619339E-12  1.3824000000000E+05
187 -4.2969742979995E-16  2.2978839263293E-12 -5.7537850615072E-12  6.2232039747602E-12  1.3824000000000E+05
188 -4.2394071796804E-16  2.5377679086356E-12 -8.2359322534293E-12  5.6634625941349E-12  1.3824000000000E+05
189 -4.2969742991698E-16  2.2001659466684E-12 -7.0221999332450E-12  5.5358425149786E-12  1.3824000000000E+05
190 -4.2106236171472E-16  1.7039191374901E-12 -3.9315430641556E-12  4.4370760481150E-12  1.3824000000000E+05
191 -4.0625938796713E-16  1.8015929781324E-12 -4.4774574068672E-12  4.3792520179512E-12  1.3824000000000E+05
192 -3.8816686477789E-16  1.1414542103320E-12 -2.9532096180780E-12  3.5815246356785E-12  1.3824000000000E+05
193 -3.5074823707601E-16  1.7130624161856E-12 -5.2082314790634E-12  4.1810559483321E-12  1.3824000000000E+05
194 -3.1332960911225E-16  1.6236087582972E-12 -3.1742984569647E-12  3.7890921490057E-12  1.3824000000000E+05
195 -2.6151920111157E-16  1.5880494239508E-12 -3.4863271104977E-12  4.0898943046234E-12  1.3824000000000E+05
196 -1.8791552654271E-16  1.2332304275233E-12 -3.8505326303851E-12  2.7882860751275E-12  1.3824000000000E+05
197 -1.1842378931072E-16  8.0418972696245E-13 -2.3189418659136E-12  2.1312186023031E-12  1.3824000000000E+05
198 -5.3043989091113E-17  1.2337719083618E-12 -2.6120303601870E-12  2.9167872315547E-12  1.3824000000000E+05
 
 field : THETA    ; Iter =      1680 ; region #   0 ; nb.Lev = 198
 k | --   Average    -- | --   Std.Dev    -- | --     min      -- | --     max      -- | --    Vol
  0  6.8171144830013E-02  9.2980039348388E-01 -1.8362955289260E+00  7.9881423069674E-01  2.7371520000000E+07
  1 -1.8347023561010E+00  9.4525419095690E-04 -1.8362955289260E+00 -1.8330164336968E+00  1.3824000000000E+05
  2 -1.8344284690114E+00  9.5879271825153E-04 -1.8360394666899E+00 -1.8327144398889E+00  1.3824000000000E+05
  3 -1.8338768544325E+00  9.8737002870107E-04 -1.8355263714314E+00 -1.8321043232138E+00  1.3824000000000E+05
  4 -1.8330394011115E+00  1.0338951682672E-03 -1.8347537278715E+00 -1.8311735390527E+00  1.3824000000000E+05
  5 -1.8319028900178E+00  1.1025060754871E-03 -1.8337163506435E+00 -1.8299025767115E+00  1.3824000000000E+05
  6 -1.8304477989605E+00  1.1983072186294E-03 -1.8324047514910E+00 -1.8282641891632E+00  1.3824000000000E+05
  7 -1.8286468207635E+00  1.3270328791965E-03 -1.8308030687467E+00 -1.8262224676671E+00  1.3824000000000E+05
  8 -1.8264631905969E+00  1.4946432376897E-03 -1.8288866559395E+00 -1.8237318439124E+00  1.3824000000000E+05
  9 -1.8238489404632E+00  1.7068589598890E-03 -1.8266194563177E+00 -1.8207361170660E+00  1.3824000000000E+05
 10 -1.8207432187736E+00  1.9686422575210E-03 -1.8239513217704E+00 -1.8171676134274E+00  1.3824000000000E+05
 11 -1.8170708286417E+00  2.2836417032440E-03 -1.8208154660884E+00 -1.8129465911785E+00  1.3824000000000E+05
 12 -1.8127411477504E+00  2.6536309152721E-03 -1.8171262704180E+00 -1.8079810008664E+00  1.3824000000000E+05
 13 -1.8076475929223E+00  3.0779832710006E-03 -1.8127776785026E+00 -1.8021667029022E+00  1.3824000000000E+05
 14 -1.8016677814214E+00  3.5532317643317E-03 -1.8076424253645E+00 -1.7953882260005E+00  1.3824000000000E+05
 15 -1.7946645165903E+00  4.0727652540845E-03 -1.8015723297444E+00 -1.7875201251450E+00  1.3824000000000E+05
 16 -1.7864876866692E+00  4.6267090265651E-03 -1.7943998430457E+00 -1.7784289650699E+00  1.3824000000000E+05
 17 -1.7769771129832E+00  5.2020288033082E-03 -1.7859409829946E+00 -1.7679759168636E+00  1.3824000000000E+05
 18 -1.7659663192962E+00  5.7828826432309E-03 -1.7759996892305E+00 -1.7560199133639E+00  1.3824000000000E+05
 19 -1.7532871221132E+00  6.3512250256566E-03 -1.7643735252368E+00 -1.7424212664452E+00  1.3824000000000E+05
 20 -1.7387748679267E+00  6.8876431604482E-03 -1.7508605253601E+00 -1.7270456094500E+00  1.3824000000000E+05
 21 -1.7222740750019E+00  7.3723798048224E-03 -1.7352668599537E+00 -1.7097679944623E+00  1.3824000000000E+05
 22 -1.7036441819753E+00  7.7864727442493E-03 -1.7174148811028E+00 -1.6904769502145E+00  1.3824000000000E+05
 23 -1.6827650705186E+00  8.1129222712269E-03 -1.6971510315226E+00 -1.6690782949663E+00  1.3824000000000E+05
 24 -1.6595420203111E+00  8.3377875345508E-03 -1.6743530634835E+00 -1.6454985015642E+00  1.3824000000000E+05
 25 -1.6339097747805E+00  8.4511128052343E-03 -1.6489360318915E+00 -1.6196874297501E+00  1.3824000000000E+05
 26 -1.6058354455612E+00  8.4475963883994E-03 -1.6208565983669E+00 -1.5916202729182E+00  1.3824000000000E+05
 27 -1.5753200590021E+00  8.3269371768473E-03 -1.5901153063337E+00 -1.5612986108486E+00  1.3824000000000E+05
 28 -1.5423986427453E+00  8.0938242898457E-03 -1.5567566486565E+00 -1.5287505131577E+00  1.3824000000000E+05
 29 -1.5071388553651E+00  7.7575701327050E-03 -1.5208669315220E+00 -1.4940296960905E+00  1.3824000000000E+05
 30 -1.4696382669369E+00  7.3314219955801E-03 -1.4825701202370E+00 -1.4572137931494E+00  1.3824000000000E+05
 31 -1.4300204928412E+00  6.8316176497858E-03 -1.4420220136172E+00 -1.4184018532033E+00  1.3824000000000E+05
 32 -1.3884304581086E+00  6.2762724254371E-03 -1.3994032159659E+00 -1.3777112239624E+00  1.3824000000000E+05
 33 -1.3450291186593E+00  5.6841966338773E-03 -1.3549114472805E+00 -1.3352740107333E+00  1.3824000000000E+05
 34 -1.2999879855827E+00  5.0737420705134E-03 -1.3087537484113E+00 -1.2912333181123E+00  1.3824000000000E+05
 35 -1.2534837892722E+00  4.4617655967355E-03 -1.2611391010468E+00 -1.2457394850060E+00  1.3824000000000E+05
 36 -1.2056935850832E+00  3.8627787987290E-03 -1.2122719017696E+00 -1.1989465117091E+00  1.3824000000000E+05
 37 -1.1567905469627E+00  3.2883286899752E-03 -1.1623466186942E+00 -1.1510088535284E+00  1.3824000000000E+05
 38 -1.1069406274244E+00  2.7466289780902E-03 -1.1115438342067E+00 -1.1020787212776E+00  1.3824000000000E+05
 39 -1.0563001888905E+00  2.2424378983235E-03 -1.0600277534435E+00 -1.0523039881220E+00  1.3824000000000E+05
 40 -1.0050146397118E+00  1.7771596696235E-03 -1.0079451480842E+00 -1.0018267580880E+00  1.3824000000000E+05
 41 -9.5321804361549E-01  1.3491336377795E-03 -9.5542561739653E-01 -9.5078260725482E-01  1.3824000000000E+05
 42 -9.0103361752981E-01  9.5406895133783E-04 -9.0258298715617E-01 -8.9930046699292E-01  1.3824000000000E+05
 43 -8.4857499133727E-01  5.8558297771232E-04 -8.4951763142036E-01 -8.4750308173561E-01  1.3824000000000E+05
 44 -7.9594807401883E-01  2.3582036609410E-04 -7.9631948799698E-01 -7.9550794321954E-01  1.3824000000000E+05
 45 -7.4325335250080E-01  1.0427138943877E-04 -7.4342857978005E-01 -7.4307153940601E-01  1.3824000000000E+05
 46 -6.9058844027840E-01  4.4302687132256E-04 -6.9137606351937E-01 -6.8985354027886E-01  1.3824000000000E+05
 47 -6.3805069049842E-01  7.8947573980174E-04 -6.3946059024833E-01 -6.3674578303432E-01  1.3824000000000E+05
 48 -5.8573969104701E-01  1.1510777472667E-03 -5.8779298636502E-01 -5.8383270261386E-01  1.3824000000000E+05
 49 -5.3375946653538E-01  1.5338120019060E-03 -5.3648600377015E-01 -5.3120612582124E-01  1.3824000000000E+05
 50 -4.8222022405285E-01  1.9415886843600E-03 -4.8565527745336E-01 -4.7896797336284E-01  1.3824000000000E+05
 51 -4.3123949709701E-01  2.3758264890417E-03 -4.3541984057277E-01 -4.2723222638062E-01  1.3824000000000E+05
 52 -3.8094256656137E-01  2.8351477873973E-03 -3.8590211795046E-01 -3.7612597971055E-01  1.3824000000000E+05
 53 -3.3146207036775E-01  3.3152199228223E-03 -3.3722735018145E-01 -3.2578942707276E-01  1.3824000000000E+05
 54 -2.8293675496049E-01  3.8087711698018E-03 -2.8952243580162E-01 -2.7637466387102E-01  1.3824000000000E+05
 55 -2.3550937199528E-01  4.3058028763744E-03 -2.4291421664528E-01 -2.2804325385238E-01  1.3824000000000E+05
 56 -1.8932378024586E-01  4.7940069279131E-03 -1.9752726962168E-01 -1.8096258586859E-01  1.3824000000000E+05
 57 -1.4452137252042E-01  5.2593808654236E-03 -1.5348130426324E-01 -1.3530114173491E-01  1.3824000000000E+05
 58 -1.0123700533437E-01  5.6870134054000E-03 -1.1088829693243E-01 -9.1222897310013E-02  1.3824000000000E+05
 59 -5.9594659423289E-02  6.0619931483064E-03 -6.9849516925735E-02 -4.8881174986678E-02  1.3824000000000E+05
 60 -1.9703095918406E-02  6.3703757953061E-03 -3.0452614573225E-02 -8.4123439545050E-03  1.3824000000000E+05
 61  1.8348209133723E-02  6.6001330941269E-03  7.2310549694641E-03  3.0070187399745E-02  1.3824000000000E+05
 62  5.4492573947495E-02  6.7420023667835E-03  4.3148707090314E-02  6.6481234326247E-02  1.3824000000000E+05
 63  8.8688814613870E-02  6.7901602146357E-03  7.7267857677246E-02  1.0076793764345E-01  1.3824000000000E+05
 64  1.2092294525480E-01  6.7426579275847E-03  1.0957739448354E-01  1.3291236902137E-01  1.3824000000000E+05
 65  1.5120874673755E-01  6.6015779192488E-03  1.4008791667747E-01  1.6293242119129E-01  1.3824000000000E+05
 66  1.7958715800259E-01  6.3728975951365E-03  1.6883131473422E-01  1.9088090652404E-01  1.3824000000000E+05
 67  2.0612453015466E-01  6.0660759999275E-03  1.9585960996766E-01  2.1684293776060E-01  1.3824000000000E+05
 68  2.3090986501777E-01  5.6934056300318E-03  2.2124311804554E-01  2.4093180607613E-01  1.3824000000000E+05
 69  2.5405122882450E-01  5.2691934793223E-03  2.4506804012981E-01  2.6328368800831E-01  1.3824000000000E+05
 70  2.7567158166999E-01  4.8088490897232E-03  2.6743361581302E-01  2.8405159164989E-01  1.3824000000000E+05
 71  2.9590429027967E-01  4.3279617175759E-03  2.8844899164414E-01  3.0339898685135E-01  1.3824000000000E+05
 72  3.1488859428742E-01  3.8414437079137E-03  3.0822996671295E-01  3.2149355310947E-01  1.3824000000000E+05
 73  3.3276527615993E-01  3.3628041081617E-03  3.2689577261133E-01  3.3850142732223E-01  1.3824000000000E+05
 74  3.4967274608128E-01  2.9035977708742E-03  3.4456603027968E-01  3.5458225133890E-01  1.3824000000000E+05
 75  3.6574370115399E-01  2.4730735863341E-03  3.6135800285651E-01  3.6988521871966E-01  1.3824000000000E+05
 76  3.8110245961095E-01  2.0780239954339E-03  3.7738423430368E-01  3.8454621459976E-01  1.3824000000000E+05
 77  3.9586301172150E-01  1.7228191404358E-03  3.9275063121347E-01  3.9868604410084E-01  1.3824000000000E+05
 78  4.1012777522613E-01  1.4095947758315E-03  4.0755501268082E-01  4.1240966270320E-01  1.3824000000000E+05
 79  4.2398699858082E-01  1.1385543360477E-03  4.2188612297421E-01  4.2580626219717E-01  1.3824000000000E+05
 80  4.3751872250608E-01  9.0834244222243E-04  4.3582307596831E-01  4.3895003034699E-01  1.3824000000000E+05
 81  4.5078919013182E-01  7.1644894047547E-04  4.4943518024731E-01  4.5190138998640E-01  1.3824000000000E+05
 82  4.6385358777030E-01  5.5960808711936E-04  4.6278208010469E-01  4.6470853018452E-01  1.3824000000000E+05
 83  4.7675700031983E-01  4.3416532971343E-04  4.7591414036588E-01  4.7740906319084E-01  1.3824000000000E+05
 84  4.8953547513608E-01  3.3639277774066E-04  4.8887300154872E-01  4.9003167047012E-01  1.3824000000000E+05
 85  5.0221710331893E-01  2.6274288682816E-04  5.0169223545737E-01  5.0259763406787E-01  1.3824000000000E+05
 86  5.1482304530409E-01  2.1003738228920E-04  5.1439803879847E-01  5.1512218161182E-01  1.3824000000000E+05
 87  5.2736844636855E-01  1.7559543381287E-04  5.2700991263603E-01  5.2761560158318E-01  1.3824000000000E+05
 88  5.3986320564782E-01  1.5731026197972E-04  5.3954128736519E-01  5.4008410857466E-01  1.3824000000000E+05
 89  5.5231257858342E-01  1.5368135897841E-04  5.5200006541742E-01  5.5253045578063E-01  1.3824000000000E+05
 90  5.6471760695320E-01  1.6379825171626E-04  5.6438906631282E-01  5.6495430456476E-01  1.3824000000000E+05
 91  5.7707538276707E-01  1.8727289816746E-04  5.7670637036043E-01  5.7735236983487E-01  1.3824000000000E+05
 92  5.8937916256956E-01  2.2413858058653E-04  5.8894556782929E-01  5.8971836658265E-01  1.3824000000000E+05
 93  6.0161835740150E-01  2.7473389117158E-04  6.0109592946993E-01  6.0204278871187E-01  1.3824000000000E+05
 94  6.1377843111037E-01  3.3957225019205E-04  6.1314252162847E-01  6.1431255727158E-01  1.3824000000000E+05
 95  6.2584074597602E-01  4.1919386005118E-04  6.2506629467511E-01  6.2651058201815E-01  1.3824000000000E+05
 96  6.3778239962408E-01  5.1400373270983E-04  6.3684417690786E-01  6.3861528782407E-01  1.3824000000000E+05
 97  6.4957610058805E-01  6.2410443162285E-04  6.4844920733065E-01  6.5060016517357E-01  1.3824000000000E+05
 98  6.6119013111087E-01  7.4913428628724E-04  6.5985073962277E-01  6.6243341060416E-01  1.3824000000000E+05
 99  6.7258844420674E-01  8.8812337505081E-04  6.7101474613840E-01  6.7407772682230E-01  1.3824000000000E+05
100  6.8373093702142E-01  1.0393805907175E-03  6.8190424494272E-01  6.8549035152516E-01  1.3824000000000E+05
101  6.9457393370674E-01  1.2004251386258E-03  6.9247986486795E-01  6.9662337705111E-01  1.3824000000000E+05
102  7.0507089827057E-01  1.3679744363754E-03  7.0270055371571E-01  7.0742440872301E-01  1.3824000000000E+05
103  7.1517338154444E-01  1.5379971959596E-03  7.1252442358266E-01  7.1783758786056E-01  1.3824000000000E+05
104  7.2483218742474E-01  1.7058356134864E-03  7.2190971557546E-01  7.2780497675628E-01  1.3824000000000E+05
105  7.3399872330515E-01  1.8663943348154E-03  7.3081585477626E-01  7.3726826949020E-01  1.3824000000000E+05
106  7.4262647996414E-01  2.0143868618255E-03  7.3920455618167E-01  7.4617075747610E-01  1.3824000000000E+05
107  7.5067256917545E-01  2.1446231756008E-03  7.4704093441117E-01  7.5445944606943E-01  1.3824000000000E+05
108  7.5809923502463E-01  2.2523165385760E-03  7.5429456508994E-01  7.6208719271121E-01  1.3824000000000E+05
109  7.6487524909054E-01  2.3333835532917E-03  7.6094044458816E-01  7.6901472187513E-01  1.3824000000000E+05
110  7.7097710145236E-01  2.3847104628243E-03  7.6695979754985E-01  7.7521237045541E-01  1.3824000000000E+05
111  7.7638990927596E-01  2.4043605670636E-03  7.7234068834021E-01  7.8066143053947E-01  1.3824000000000E+05
112  7.8110798196562E-01  2.3917026067930E-03  7.7707840275834E-01  7.8535498418276E-01  1.3824000000000E+05
113  7.8513500508281E-01  2.3474474337832E-03  7.8117557933530E-01  7.8929816429475E-01  1.3824000000000E+05
114  7.8848383222075E-01  2.2735893848085E-03  7.8464208421644E-01  7.9250782280648E-01  1.3824000000000E+05
115  7.9117590207974E-01  2.1732583636349E-03  7.8749463878242E-01  7.9501163655516E-01  1.3824000000000E+05
116  7.9324032427057E-01  2.0504974448561E-03  7.8975622351829E-01  7.9684672707712E-01  1.3824000000000E+05
117  7.9471269926019E-01  1.9099877697218E-03  7.9145529401265E-01  7.9805790753442E-01  1.3824000000000E+05
118  7.9563375331024E-01  1.7567467253109E-03  7.9262485437670E-01  7.9869569435660E-01  1.3824000000000E+05
119  7.9604787699619E-01  1.5958265219702E-03  7.9330143915897E-01  7.9881423069674E-01  1.3824000000000E+05
120  7.9600165562223E-01  1.4320382651218E-03  7.9352405669637E-01  7.9846926334092E-01  1.3824000000000E+05
121  7.9554247217509E-01  1.2697219962361E-03  7.9333314488016E-01  7.9771629605498E-01  1.3824000000000E+05
122  7.9471724977984E-01  1.1125767084315E-03  7.9276958496526E-01  7.9660901381049E-01  1.3824000000000E+05
123  7.9357138286832E-01  9.6355695084627E-04  7.9187381103664E-01  7.9519803812497E-01  1.3824000000000E+05
124  7.9214788662835E-01  8.2483545167975E-04  7.9068504297829E-01  7.9353003834783E-01  1.3824000000000E+05
125  7.9048677491037E-01  6.9782489040729E-04  7.8924066024596E-01  7.9164719117034E-01  1.3824000000000E+05
126  7.8862465946093E-01  5.8324738382130E-04  7.8757572337261E-01  7.8958695407900E-01  1.3824000000000E+05
127  7.8659454948236E-01  4.8123749409943E-04  7.8572264075392E-01  7.8738209983796E-01  1.3824000000000E+05
128  7.8442582085588E-01  3.9146395184327E-04  7.8371097048687E-01  7.8506094903073E-01  1.3824000000000E+05
129  7.8214431910294E-01  3.1325620010464E-04  7.8156734125549E-01  7.8264773571402E-01  1.3824000000000E+05
130  7.7977255897972E-01  2.4572431078292E-04  7.7931547261448E-01  7.8016304596013E-01  1.3824000000000E+05
131  7.7732998580580E-01  1.8786393907561E-04  7.7697627343748E-01  7.7762427857692E-01  1.3824000000000E+05
132  7.7483326829375E-01  1.3864167487144E-04  7.7456799751830E-01  7.7504608951103E-01  1.3824000000000E+05
133  7.7229659877268E-01  9.7060446384184E-05  7.7210643696284E-01  7.7244079440448E-01  1.3824000000000E+05
134  7.6973198334036E-01  6.2212576993355E-05  7.6960513665041E-01  7.6981871587808E-01  1.3824000000000E+05
135  7.6714951084723E-01  3.3367376794732E-05  7.6707561623444E-01  7.6718847222423E-01  1.3824000000000E+05
136  7.6455759513348E-01  1.0814924829607E-05  7.6452758949170E-01  7.6456740203461E-01  1.3824000000000E+05
137  7.6196318926109E-01  1.2733479710879E-05  7.6193080112337E-01  7.6197473144587E-01  1.3824000000000E+05
138  7.5937197347840E-01  2.7547647831813E-05  7.5931398023268E-01  7.5940708681180E-01  1.3824000000000E+05
139  7.5678852037849E-01  3.9787422306772E-05  7.5671049195800E-01  7.5684682422175E-01  1.3824000000000E+05
140  7.5421644134898E-01  4.9296739115723E-05  7.5412319884177E-01  7.5429282489087E-01  1.3824000000000E+05
141  7.5165851822275E-01  5.6403822544784E-05  7.5155419211095E-01  7.5174861718797E-01  1.3824000000000E+05
142  7.4911682331588E-01  6.1465759446298E-05  7.4900489781669E-01  7.4921695172072E-01  1.3824000000000E+05
143  7.4659283005549E-01  6.4825740213941E-05  7.4647618169037E-01  7.4669992041860E-01  1.3824000000000E+05
144  7.4408751538545E-01  6.6804447419196E-05  7.4396845229854E-01  7.4419906337541E-01  1.3824000000000E+05
145  7.4160145425946E-01  6.7696177012916E-05  7.4148176065669E-01  7.4171546442533E-01  1.3824000000000E+05
146  7.3913490588635E-01  6.7765452299185E-05  7.3901589374405E-01  7.3924983613056E-01  1.3824000000000E+05
147  7.3668789101780E-01  6.7243837078434E-05  7.3657045927006E-01  7.3680259458207E-01  1.3824000000000E+05
148  7.3426025944848E-01  6.6327163763434E-05  7.3414495942373E-01  7.3437392420541E-01  1.3824000000000E+05
149  7.3185174698347E-01  6.5173506699269E-05  7.3173885199937E-01  7.3196383264434E-01  1.3824000000000E+05
150  7.2946202135277E-01  6.3902377474621E-05  7.2935159804683E-01  7.2957219577250E-01  1.3824000000000E+05
151  7.2709071685344E-01  6.2594856665385E-05  7.2698269589093E-01  7.2719879294950E-01  1.3824000000000E+05
152  7.2473745782281E-01  6.1294961098429E-05  7.2463170190630E-01  7.2484333277727E-01  1.3824000000000E+05
153  7.2240187135890E-01  6.0011952487571E-05  7.2229823879113E-01  7.2250546980428E-01  1.3824000000000E+05
154  7.2008358999193E-01  5.8723736526519E-05  7.1998199228135E-01  7.2018481285167E-01  1.3824000000000E+05
155  7.1778224527658E-01  5.7381019888439E-05  7.1768269735527E-01  7.1788092587718E-01  1.3824000000000E+05
156  7.1549745352892E-01  5.5912517047771E-05  7.1540011508183E-01  7.1559332253316E-01  1.3824000000000E+05
157  7.1322879518679E-01  5.4230985572047E-05  7.1313400143947E-01  7.1332145580071E-01  1.3824000000000E+05
158  7.1097578953142E-01  5.2240167397789E-05  7.1088406972266E-01  7.1106470427848E-01  1.3824000000000E+05
159  7.0873786676422E-01  4.9842497062804E-05  7.0864994856342E-01  7.0882235686031E-01  1.3824000000000E+05
160  7.0651433966381E-01  4.6947343579834E-05  7.0643113808156E-01  7.0659359763705E-01  1.3824000000000E+05
161  7.0430437722316E-01  4.3479659809194E-05  7.0422696716037E-01  7.0437749289449E-01  1.3824000000000E+05
162  7.0210698274760E-01  3.9388099601860E-05  7.0203655522084E-01  7.0217298204311E-01  1.3824000000000E+05
163  6.9992097884681E-01  3.4652881512884E-05  6.9985878203699E-01  6.9997887420187E-01  1.3824000000000E+05
164  6.9774500155475E-01  2.9292023753528E-05  6.9769226901636E-01  6.9779385196787E-01  1.3824000000000E+05
165  6.9557750545427E-01  2.3366097988847E-05  6.9553537492232E-01  6.9561648364607E-01  1.3824000000000E+05
166  6.9341678118404E-01  1.6980969206985E-05  6.9338620824811E-01  6.9344524490175E-01  1.3824000000000E+05
167  6.9126098610220E-01  1.0288980729334E-05  6.9124265742972E-01  6.9127855045384E-01  1.3824000000000E+05
168  6.8910818823083E-01  3.4957729144482E-06  6.8910243891133E-01  6.8911479607424E-01  1.3824000000000E+05
169  6.8695642297537E-01  3.2411547342419E-06  6.8695241082095E-01  6.8696316189834E-01  1.3824000000000E+05
170  6.8480376157507E-01  9.5196626014151E-06  6.8478991913413E-01  6.8482240759835E-01  1.3824000000000E+05
171  6.8264838985427E-01  1.5119261250563E-05  6.8262601216901E-01  6.8267782001763E-01  1.3824000000000E+05
172  6.8048869565100E-01  1.9703813926990E-05  6.8045962755149E-01  6.8052720504109E-01  1.3824000000000E+05
173  6.7832336331037E-01  2.2928778985824E-05  6.7829003657859E-01  6.7836863467737E-01  1.3824000000000E+05
174  6.7615147382017E-01  2.4437608375430E-05  6.7611693775408E-01  6.7620055395907E-01  1.3824000000000E+05
175  6.7397260947220E-01  2.3868701341100E-05  6.7394055539419E-01  6.7402188899508E-01  1.3824000000000E+05
176  6.7178696225916E-01  2.0874153718088E-05  6.7176174182394E-01  6.7183215590931E-01  1.3824000000000E+05
177  6.6959544544134E-01  1.5205683837573E-05  6.6958078418756E-01  6.6963157164437E-01  1.3824000000000E+05
178  6.6739980771107E-01  7.5860647129291E-06  6.6739243481452E-01  6.6742116858329E-01  1.3824000000000E+05
179  6.6520274902576E-01  1.0339013998981E-05  6.6519324926678E-01  6.6523083510483E-01  1.3824000000000E+05
180  6.6300803638923E-01  2.6265265213655E-05  6.6297971377399E-01  6.6306698981520E-01  1.3824000000000E+05
181  6.6082061660761E-01  4.7571146529593E-05  6.6075619655786E-01  6.6091795414634E-01  1.3824000000000E+05
182  6.5864672138025E-01  7.3835284500439E-05  6.5853755145103E-01  6.5879040098878E-01  1.3824000000000E+05
183  6.5649395814584E-01  1.0517200631762E-04  6.5633098701789E-01  6.5669222294928E-01  1.3824000000000E+05
184  6.5437137811663E-01  1.4166112932384E-04  6.5414520974625E-01  6.5463254614828E-01  1.3824000000000E+05
185  6.5228951120181E-01  1.8324737423959E-04  6.5199067096923E-01  6.5262170818127E-01  1.3824000000000E+05
186  6.5026035639569E-01  2.2968740231254E-04  6.4987964163037E-01  6.5067119391380E-01  1.3824000000000E+05
187  6.4829731603845E-01  2.8051032999561E-04  6.4782622645835E-01  6.4879352377638E-01  1.3824000000000E+05
188  6.4641506345202E-01  3.3498983354607E-04  6.4584629643736E-01  6.4700209091107E-01  1.3824000000000E+05
189  6.4462933600473E-01  3.9213110932791E-04  6.4395732039985E-01  6.4531094588804E-01  1.3824000000000E+05
190  6.4295664970187E-01  4.5067662356064E-04  6.4217808146715E-01  6.4373453067200E-01  1.3824000000000E+05
191  6.4141393677326E-01  5.0913361591115E-04  6.4052827190635E-01  6.4228736690170E-01  1.3824000000000E+05
192  6.4001811406087E-01  5.6582448257927E-04  6.3902797029693E-01  6.4098370710434E-01  1.3824000000000E+05
193  6.3878559673573E-01  6.1895887067901E-04  6.3769701679234E-01  6.3983716089506E-01  1.3824000000000E+05
194  6.3773177828684E-01  6.6672371514601E-04  6.3655431442202E-01  6.3886031117562E-01  1.3824000000000E+05
195  6.3687050305921E-01  7.0738505332735E-04  6.3561709527165E-01  6.3806433752178E-01  1.3824000000000E+05
196  6.3621356114657E-01  7.3939348194988E-04  6.3490019844646E-01  6.3745866505421E-01  1.3824000000000E+05
197  6.3577023658528E-01  7.6148406513555E-04  6.3441541062501E-01  6.3705065693036E-01  1.3824000000000E+05
198  6.3554693821254E-01  7.7276136877315E-04  6.3417091886377E-01  6.3684536709073E-01  1.3824000000000E+05
 
 field : PHIHYD   ; Iter =      1680 ; region #   0 ; nb.Lev = 198
 k | --   Average    -- | --   Std.Dev    -- | --     min      -- | --     max      -- | --    Vol
  0  5.5186158952898E+01  3.2237826544600E+01  2.7220748246830E-01  1.1136848108073E+02  2.7371520000000E+07
  1  2.7220759356120E-01  7.8853500057459E-08  2.7220748246830E-01  2.7220775504123E-01  1.3824000000000E+05
  2  8.1671822999144E-01  2.4211108924800E-07  8.1671788626298E-01  8.1671872698076E-01  1.3824000000000E+05
  3  1.3614197859462E+00  4.3563519172791E-07  1.3614191768366E+00  1.3614206578163E+00  1.3824000000000E+05
  4  1.9063123066303E+00  6.4937695328336E-07  1.9063113742226E+00  1.9063136219708E+00  1.3824000000000E+05
  5  2.4513958469595E+00  9.2485067111771E-07  2.4513945052749E+00  2.4513977058052E+00  1.3824000000000E+05
  6  2.9966704764387E+00  1.2764959472602E-06  2.9966686075921E+00  2.9966730131746E+00  1.3824000000000E+05
  7  3.5421362845748E+00  1.7151076686112E-06  3.5421337342066E+00  3.5421396712683E+00  1.3824000000000E+05
  8  4.0877933869080E+00  2.2791112776043E-06  4.0877899592072E+00  4.0877978367542E+00  1.3824000000000E+05
  9  4.6336419316914E+00  2.9911090554199E-06  4.6336373844111E+00  4.6336477021920E+00  1.3824000000000E+05
 10  5.1796821071800E+00  3.8735164547926E-06  5.1796761471356E+00  5.1796895026249E+00  1.3824000000000E+05
 11  5.7259141494090E+00  4.9602750899246E-06  5.7259064290251E+00  5.7259235221931E+00  1.3824000000000E+05
 12  6.2723383502474E+00  6.2788978825929E-06  6.2723284657771E+00  6.2723501005495E+00  1.3824000000000E+05
 13  6.8189550654212E+00  7.8525068533341E-06  6.8189425574699E+00  6.8189696387950E+00  1.3824000000000E+05
 14  7.3657647220979E+00  9.7229444568445E-06  7.3657490790462E+00  7.3657826045990E+00  1.3824000000000E+05
 15  7.9127678255434E+00  1.1903463238115E-05  7.9127484903498E+00  7.9127895361294E+00  1.3824000000000E+05
 16  8.4599649642927E+00  1.4404630437029E-05  8.4599413449735E+00  8.4599910444018E+00  1.3824000000000E+05
 17  9.0073568132419E+00  1.7251406780482E-05  9.0073282970679E+00  9.0073878136602E+00  1.3824000000000E+05
 18  9.5549441340817E+00  2.0425639053223E-05  9.5549101052120E+00  9.5549805994437E+00  1.3824000000000E+05
 19  1.0102727772549E+01  2.3930918798665E-05  1.0102687632472E+01  1.0102770224062E+01  1.3824000000000E+05
 20  1.0650708652094E+01  2.7724004695262E-05  1.0650661841896E+01  1.0650757569305E+01  1.3824000000000E+05
 21  1.1198887763742E+01  3.1781393291609E-05  1.1198833786918E+01  1.1198943566350E+01  1.3824000000000E+05
 22  1.1747266152139E+01  3.6062746538974E-05  1.1747204596443E+01  1.1747329182964E+01  1.3824000000000E+05
 23  1.2295844898038E+01  4.0501196471484E-05  1.2295775454796E+01  1.2295915408303E+01  1.3824000000000E+05
 24  1.2844625097757E+01  4.5038773447307E-05  1.2844547577128E+01  1.2844703235716E+01  1.3824000000000E+05
 25  1.3393607840368E+01  4.9604289475452E-05  1.3393522181292E+01  1.3393693644162E+01  1.3824000000000E+05
 26  1.3942794183617E+01  5.4124511716575E-05  1.3942700457559E+01  1.3942887578925E+01  1.3824000000000E+05
 27  1.4492185129681E+01  5.8536588867016E-05  1.4492083537812E+01  1.4492285932407E+01  1.3824000000000E+05
 28  1.5041781601954E+01  6.2777232179176E-05  1.5041672465921E+01  1.5041889525779E+01  1.3824000000000E+05
 29  1.5591584423963E+01  6.6779831082630E-05  1.5591468170985E+01  1.5591699092262E+01  1.3824000000000E+05
 30  1.6141594301430E+01  7.0504386858954E-05  1.6141471444884E+01  1.6141715262689E+01  1.3824000000000E+05
 31  1.6691811808220E+01  7.3922983426825E-05  1.6691682925221E+01  1.6691938553898E+01  1.3824000000000E+05
 32  1.7242237376678E+01  7.6999244489876E-05  1.7242103084311E+01  1.7242369360319E+01  1.3824000000000E+05
 33  1.7792871292546E+01  7.9730713177996E-05  1.7792732224382E+01  1.7793007948942E+01  1.3824000000000E+05
 34  1.8343713694347E+01  8.2122139660303E-05  1.8343570478690E+01  1.8343854457673E+01  1.3824000000000E+05
 35  1.8894764576875E+01  8.4178278240463E-05  1.8894617817886E+01  1.8894908896905E+01  1.3824000000000E+05
 36  1.9446023798231E+01  8.5924442943842E-05  1.9445874060673E+01  1.9446171153986E+01  1.3824000000000E+05
 37  1.9997491089698E+01  8.7387348868584E-05  1.9997338887642E+01  1.9997641000198E+01  1.3824000000000E+05
 38  2.0549166067706E+01  8.8577921646543E-05  2.0549011857166E+01  2.0549318099731E+01  1.3824000000000E+05
 39  2.1101048247147E+01  8.9549377488966E-05  2.1100892422262E+01  2.1101202020198E+01  1.3824000000000E+05
 40  2.1653137055377E+01  9.0329895687721E-05  2.1652979947543E+01  2.1653292244185E+01  1.3824000000000E+05
 41  2.2205431846341E+01  9.0955398993098E-05  2.2205273725555E+01  2.2205588181428E+01  1.3824000000000E+05
 42  2.2757931914420E+01  9.1463962119862E-05  2.2757772992041E+01  2.2758089181263E+01  1.3824000000000E+05
 43  2.3310636507736E+01  9.1872212000420E-05  2.3310476939912E+01  2.3310794545081E+01  1.3824000000000E+05
 44  2.3863544840778E+01  9.2218429107526E-05  2.3863384731888E+01  2.3863703538609E+01  1.3824000000000E+05
 45  2.4416656106367E+01  9.2539006430759E-05  2.4416495511976E+01  2.4416815403928E+01  1.3824000000000E+05
 46  2.4969969487049E+01  9.2838320445270E-05  2.4969808416034E+01  2.4970129371183E+01  1.3824000000000E+05
 47  2.5523484166066E+01  9.3178795407830E-05  2.5523322581790E+01  2.5523644670003E+01  1.3824000000000E+05
 48  2.6077199338091E+01  9.3541455945294E-05  2.6077037158672E+01  2.6077360540668E+01  1.3824000000000E+05
 49  2.6631114219911E+01  9.4000573156536E-05  2.6630951317806E+01  2.6631276245054E+01  1.3824000000000E+05
 50  2.7185228061160E+01  9.4543617909466E-05  2.7185064262463E+01  2.7185391077369E+01  1.3824000000000E+05
 51  2.7739540155191E+01  9.5210563253066E-05  2.7739375239144E+01  2.7739704374640E+01  1.3824000000000E+05
 52  2.8294049850014E+01  9.6042244155492E-05  2.8293883549317E+01  2.8294215526877E+01  1.3824000000000E+05
 53  2.8848756559171E+01  9.7028209540121E-05  2.8848588561690E+01  2.8848923986742E+01  1.3824000000000E+05
 54  2.9403659772280E+01  9.8234067200313E-05  2.9403489724705E+01  2.9403829278529E+01  1.3824000000000E+05
 55  2.9958759064868E+01  9.9640380322062E-05  2.9958586578757E+01  2.9958931006175E+01  1.3824000000000E+05
 56  3.0514054107065E+01  1.0127872876947E-04  3.0513878767513E+01  3.0514228860000E+01  1.3824000000000E+05
 57  3.1069544670628E+01  1.0314998738489E-04  3.1069366047572E+01  3.1069722621865E+01  1.3824000000000E+05
 58  3.1625230633836E+01  1.0526354149265E-04  3.1625048295695E+01  3.1625412168445E+01  1.3824000000000E+05
 59  3.2181111983754E+01  1.0760833094293E-04  3.2180925512852E+01  3.2181297472349E+01  1.3824000000000E+05
 60  3.2737188815557E+01  1.1015516884711E-04  3.2736997824472E+01  3.2737378600929E+01  1.3824000000000E+05
 61  3.3293461328672E+01  1.1288938284075E-04  3.3293265476502E+01  3.3293655712679E+01  1.3824000000000E+05
 62  3.3849929819743E+01  1.1577235135711E-04  3.3849728827151E+01  3.3850129051255E+01  1.3824000000000E+05
 63  3.4406594672582E+01  1.1876619295424E-04  3.4406388334499E+01  3.4406798937294E+01  1.3824000000000E+05
 64  3.4963456345500E+01  1.2183113997770E-04  3.4963244540530E+01  3.4963665758297E+01  1.3824000000000E+05
 65  3.5520515356564E+01  1.2493228885518E-04  3.5520298052352E+01  3.5520729956968E+01  1.3824000000000E+05
 66  3.6077772267489E+01  1.2797716732416E-04  3.6077549521667E+01  3.6077992018474E+01  1.3824000000000E+05
 67  3.6635227666939E+01  1.3096172588062E-04  3.6634999623622E+01  3.6635452457159E+01  1.3824000000000E+05
 68  3.7192882154013E+01  1.3382895944559E-04  3.7192649036202E+01  3.7193111803238E+01  1.3824000000000E+05
 69  3.7750736322681E+01  1.3656213394562E-04  3.7750498421232E+01  3.7750970589986E+01  1.3824000000000E+05
 70  3.8308790747801E+01  1.3909576000496E-04  3.8308548407870E+01  3.8309029341890E+01  1.3824000000000E+05
 71  3.8867045973199E+01  1.4142683068620E-04  3.8866799579211E+01  3.8867288564146E+01  1.3824000000000E+05
 72  3.9425502502165E+01  1.4352612439081E-04  3.9425252462360E+01  3.9425748733777E+01  1.3824000000000E+05
 73  3.9984160790476E+01  1.4543114483187E-04  3.9983907522040E+01  3.9984410292552E+01  1.3824000000000E+05
 74  4.0543021241960E+01  1.4706830522342E-04  4.0542765157544E+01  4.0543273641768E+01  1.3824000000000E+05
 75  4.1102084206408E+01  1.4852774990975E-04  4.1101825702676E+01  4.1102339138862E+01  1.3824000000000E+05
 76  4.1661349979570E+01  1.4974704428339E-04  4.1661089428147E+01  4.1661607095726E+01  1.3824000000000E+05
 77  4.2220818804888E+01  1.5078529572220E-04  4.2220556545853E+01  4.2221077778543E+01  1.3824000000000E+05
 78  4.2780490876567E+01  1.5162066837092E-04  4.2780227214453E+01  4.2780751408895E+01  1.3824000000000E+05
 79  4.3340366343594E+01  1.5233198332544E-04  4.3340101545662E+01  4.3340628165896E+01  1.3824000000000E+05
 80  4.3900445314334E+01  1.5289345150376E-04  4.3900179610815E+01  4.3900708189053E+01  1.3824000000000E+05
 81  4.4460727861371E+01  1.5334952199290E-04  4.4460461447277E+01  4.4460991581623E+01  1.3824000000000E+05
 82  4.5021214026309E+01  1.5369847350853E-04  4.5020947064428E+01  4.5021478414187E+01  1.3824000000000E+05
 83  4.5581903824319E+01  1.5396022266625E-04  4.5581636449013E+01  4.5582168728267E+01  1.3824000000000E+05
 84  4.6142797248261E+01  1.5418454403317E-04  4.6142529569749E+01  4.6143062539768E+01  1.3824000000000E+05
 85  4.6703894272273E+01  1.5431564438454E-04  4.6703626381135E+01  4.6704159842128E+01  1.3824000000000E+05
 86  4.7265194854750E+01  1.5441151343555E-04  4.7264926826459E+01  4.7265460609060E+01  1.3824000000000E+05
 87  4.7826698940685E+01  1.5445708089721E-04  4.7826430840045E+01  4.7826964796802E+01  1.3824000000000E+05
 88  4.8388406463351E+01  1.5447690643530E-04  4.8388138348764E+01  4.8388672345842E+01  1.3824000000000E+05
 89  4.8950317345349E+01  1.5445382291339E-04  4.8950049272871E+01  4.8950583182094E+01  1.3824000000000E+05
 90  4.9512431499030E+01  1.5437195727846E-04  4.9512163526198E+01  4.9512697217517E+01  1.3824000000000E+05
 91  5.0074748826327E+01  1.5428076013371E-04  5.0074481015758E+01  5.0075014350219E+01  1.3824000000000E+05
 92  5.0637269218042E+01  1.5412462171259E-04  5.0637001640757E+01  5.0637534464070E+01  1.3824000000000E+05
 93  5.1199992552623E+01  1.5393159420417E-04  5.1199725291065E+01  5.1200257427881E+01  1.3824000000000E+05
 94  5.1762918694504E+01  1.5369420049538E-04  5.1762651845165E+01  5.1763183094232E+01  1.3824000000000E+05
 95  5.2326047492072E+01  1.5335273982710E-04  5.2325781167616E+01  5.2326311298018E+01  1.3824000000000E+05
 96  5.2889378775355E+01  1.5294670798909E-04  5.2889113106091E+01  5.2889641854829E+01  1.3824000000000E+05
 97  5.3452912353542E+01  1.5245745772692E-04  5.3452647488099E+01  5.3453174559256E+01  1.3824000000000E+05
 98  5.4016648012472E+01  1.5189671142592E-04  5.4016384117499E+01  5.4016909183261E+01  1.3824000000000E+05
 99  5.4580585512232E+01  1.5120349172524E-04  5.4580322770997E+01  5.4580845474723E+01  1.3824000000000E+05
100  5.5144724585045E+01  1.5039920793840E-04  5.5144463194824E+01  5.5144983156301E+01  1.3824000000000E+05
101  5.5709064933615E+01  1.4949583036952E-04  5.5708805101840E+01  5.5709321924716E+01  1.3824000000000E+05
102  5.6273606230105E+01  1.4846439039287E-04  5.6273348169334E+01  5.6273861450589E+01  1.3824000000000E+05
103  5.6838348115906E+01  1.4734011998668E-04  5.6838092037761E+01  5.6838601378901E+01  1.3824000000000E+05
104  5.7403290202327E+01  1.4605569486833E-04  5.7403036310664E+01  5.7403541330159E+01  1.3824000000000E+05
105  5.7968432072306E+01  1.4471724953242E-04  5.7968180555956E+01  5.7968680902293E+01  1.3824000000000E+05
106  5.8533773283157E+01  1.4329361379510E-04  5.8533524308670E+01  5.8534019673288E+01  1.3824000000000E+05
107  5.9099313370354E+01  1.4175553690260E-04  5.9099067075207E+01  5.9099557204499E+01  1.3824000000000E+05
108  5.9665051852246E+01  1.4022606166068E-04  5.9664808338975E+01  5.9665293044587E+01  1.3824000000000E+05
109  6.0230988235565E+01  1.3860646019762E-04  6.0230747567242E+01  6.0231226733948E+01  1.3824000000000E+05
110  6.0797122021503E+01  1.3696606149549E-04  6.0796884218905E+01  6.0797357809496E+01  1.3824000000000E+05
111  6.1363452712139E+01  1.3541823093735E-04  6.1363217752812E+01  6.1363685809635E+01  1.3824000000000E+05
112  6.1929979816902E+01  1.3382032066890E-04  6.1929747636222E+01  6.1930210279233E+01  1.3824000000000E+05
113  6.2496702858831E+01  1.3232694683129E-04  6.2496473352977E+01  6.2496930774432E+01  1.3824000000000E+05
114  6.3063621380330E+01  1.3092224095422E-04  6.3063394410966E+01  6.3063846867104E+01  1.3824000000000E+05
115  6.3630734948198E+01  1.2951574056604E-04  6.3630510348540E+01  6.3630958148805E+01  1.3824000000000E+05
116  6.4198043157743E+01  1.2831151598947E-04  6.4197820739593E+01  6.4198264234102E+01  1.3824000000000E+05
117  6.4765545635847E+01  1.2717977519748E-04  6.4765325197131E+01  6.4765764763173E+01  1.3824000000000E+05
118  6.5333242042902E+01  1.2613030248965E-04  6.5333023375259E+01  6.5333459403620E+01  1.3824000000000E+05
119  6.5901132073641E+01  1.2520230518168E-04  6.5900914969621E+01  6.5901347851480E+01  1.3824000000000E+05
120  6.6469215456884E+01  1.2445397562417E-04  6.6468999716411E+01  6.6469429831447E+01  1.3824000000000E+05
121  6.7037491954332E+01  1.2374113900883E-04  6.7037277390148E+01  6.7037705096361E+01  1.3824000000000E+05
122  6.7605961358543E+01  1.2313517145775E-04  6.7605747800461E+01  6.7606173426040E+01  1.3824000000000E+05
123  6.8174623490255E+01  1.2258905671004E-04  6.8174410788160E+01  6.8174834625557E+01  1.3824000000000E+05
124  6.8743478195251E+01  1.2218147315316E-04  6.8743266220851E+01  6.8743688523087E+01  1.3824000000000E+05
125  6.9312525340939E+01  1.2175635319105E-04  6.9312313988357E+01  6.9312734967444E+01  1.3824000000000E+05
126  6.9881764812827E+01  1.2143564736169E-04  6.9881553998169E+01  6.9881973825434E+01  1.3824000000000E+05
127  7.0451196511039E+01  1.2115334189851E-04  7.0450986171119E+01  7.0451404979149E+01  1.3824000000000E+05
128  7.1020820347018E+01  1.2085031129431E-04  7.1020610437403E+01  7.1021028323303E+01  1.3824000000000E+05
129  7.1590636240509E+01  1.2055856592756E-04  7.1590426733081E+01  7.1590843762723E+01  1.3824000000000E+05
130  7.2160644116909E+01  1.2040032567146E-04  7.2160434997105E+01  7.2160851210050E+01  1.3824000000000E+05
131  7.2730843905035E+01  1.2012834563261E-04  7.2730635168926E+01  7.2731050583727E+01  1.3824000000000E+05
132  7.3301235535346E+01  1.1991919314677E-04  7.3301027186686E+01  7.3301441806305E+01  1.3824000000000E+05
133  7.3871818938615E+01  1.1967114156595E-04  7.3871610985982E+01  7.3872024803085E+01  1.3824000000000E+05
134  7.4442594045057E+01  1.1949388711991E-04  7.4442386499190E+01  7.4442799501111E+01  1.3824000000000E+05
135  7.5013560783865E+01  1.1918771018300E-04  7.5013353655286E+01  7.5013765828479E+01  1.3824000000000E+05
136  7.5584719083126E+01  1.1895915517874E-04  7.5584512380128E+01  7.5584923713958E+01  1.3824000000000E+05
137  7.6156068870055E+01  1.1872311869243E-04  7.6155862597109E+01  7.6156273086869E+01  1.3824000000000E+05
138  7.6727610071481E+01  1.1846847178829E-04  7.6727404228117E+01  7.6727813877173E+01  1.3824000000000E+05
139  7.7299342614514E+01  1.1825234096066E-04  7.7299137194700E+01  7.7299546015727E+01  1.3824000000000E+05
140  7.7871266427318E+01  1.1798309450161E-04  7.7871061419334E+01  7.7871469434637E+01  1.3824000000000E+05
141  7.8443381439906E+01  1.1783430521421E-04  7.8443176826712E+01  7.8443584067657E+01  1.3824000000000E+05
142  7.9015687584898E+01  1.1762234413039E-04  7.9015483344933E+01  7.9015889850588E+01  1.3824000000000E+05
143  7.9588184798160E+01  1.1747907003171E-04  7.9587980906518E+01  7.9588386721604E+01  1.3824000000000E+05
144  8.0160873019270E+01  1.1724708856578E-04  8.0160669449169E+01  8.0161074621491E+01  1.3824000000000E+05
145  8.0733752191779E+01  1.1704620279646E-04  8.0733548916213E+01  8.0733953493753E+01  1.3824000000000E+05
146  8.1306822263221E+01  1.1691842355630E-04  8.1306619256691E+01  8.1307023284558E+01  1.3824000000000E+05
147  8.1880083184875E+01  1.1678175941956E-04  8.1879880425080E+01  8.1880283942533E+01  1.3824000000000E+05
148  8.2453534911272E+01  1.1660745513047E-04  8.2453332380649E+01  8.2453735418397E+01  1.3824000000000E+05
149  8.3027177399489E+01  1.1645191388962E-04  8.3026975086490E+01  8.3027377664452E+01  1.3824000000000E+05
150  8.3601010608241E+01  1.1634687407741E-04  8.3600808508268E+01  8.3601210633964E+01  1.3824000000000E+05
151  8.4175034496850E+01  1.1622292893943E-04  8.4174832612764E+01  8.4175234280464E+01  1.3824000000000E+05
152  8.4749249024141E+01  1.1604217168621E-04  8.4749047366306E+01  8.4749448557013E+01  1.3824000000000E+05
153  8.5323654147331E+01  1.1587791463575E-04  8.5323452733165E+01  8.5323853415486E+01  1.3824000000000E+05
154  8.5898249820999E+01  1.1573357764004E-04  8.5898048674040E+01  8.5898448805914E+01  1.3824000000000E+05
155  8.6473035996194E+01  1.1567197283972E-04  8.6472835144716E+01  8.6473234675944E+01  1.3824000000000E+05
156  8.7048012619756E+01  1.1538820746340E-04  8.7047812094999E+01  8.7048210970451E+01  1.3824000000000E+05
157  8.7623179633908E+01  1.1521932194354E-04  8.7622979468014E+01  8.7623377631340E+01  1.3824000000000E+05
158  8.8198536976151E+01  1.1492578448371E-04  8.8198337199924E+01  8.8198734597567E+01  1.3824000000000E+05
159  8.8774084579501E+01  1.1476469832171E-04  8.8773885220114E+01  8.8774281805391E+01  1.3824000000000E+05
160  8.9349822373063E+01  1.1437034924007E-04  8.9349623451866E+01  8.9350019188853E+01  1.3824000000000E+05
161  8.9925750282927E+01  1.1419136079614E-04  8.9925551813495E+01  8.9925946680468E+01  1.3824000000000E+05
162  9.0501868233359E+01  1.1394730293465E-04  9.0501670219912E+01  9.0502064212107E+01  1.3824000000000E+05
163  9.1078176148213E+01  1.1375835385444E-04  9.1077978584530E+01  9.1078371716017E+01  1.3824000000000E+05
164  9.1654673952507E+01  1.1346289081367E-04  9.1654476821418E+01  9.1654869125937E+01  1.3824000000000E+05
165  9.2231361574067E+01  1.1322012473770E-04  9.2231164847580E+01  9.2231556378248E+01  1.3824000000000E+05
166  9.2808238945142E+01  1.1303273678531E-04  9.2808042585215E+01  9.2808433413084E+01  1.3824000000000E+05
167  9.3385306003906E+01  1.1290300310411E-04  9.3385109963840E+01  9.3385500175350E+01  1.3824000000000E+05
168  9.3962562695746E+01  1.1276968757594E-04  9.3962366922120E+01  9.3962756615576E+01  1.3824000000000E+05
169  9.4540008974246E+01  1.1263901814565E-04  9.4539813409310E+01  9.4540202690561E+01  1.3824000000000E+05
170  9.5117644801830E+01  1.1250761649533E-04  9.5117449386196E+01  9.5117838363748E+01  1.3824000000000E+05
171  9.5695470149977E+01  1.1242743196288E-04  9.5695274825486E+01  9.5695663605301E+01  1.3824000000000E+05
172  9.6273484999015E+01  1.1240004924367E-04  9.6273289711615E+01  9.6273678391865E+01  1.3824000000000E+05
173  9.6851689337471E+01  1.1237753385313E-04  9.6851494039955E+01  9.6851882706007E+01  1.3824000000000E+05
174  9.7430083161003E+01  1.1233721702563E-04  9.7429887815484E+01  9.7430276535327E+01  1.3824000000000E+05
175  9.8008666470951E+01  1.1246092359032E-04  9.8008471050966E+01  9.8008859871282E+01  1.3824000000000E+05
176  9.8587439272561E+01  1.1245285442335E-04  9.8587243764719E+01  9.8587632707744E+01  1.3824000000000E+05
177  9.9166401572939E+01  1.1259383980757E-04  9.9166205978092E+01  9.9166595039337E+01  1.3824000000000E+05
178  9.9745553378823E+01  1.1253231794321E-04  9.9745357712734E+01  9.9745746859599E+01  1.3824000000000E+05
179  1.0032489469423E+02  1.1256569759425E-04  1.0032469898778E+02  1.0032508815903E+02  1.3824000000000E+05
180  1.0090442551807E+02  1.1252877079271E-04  1.0090422981701E+02  1.0090461892305E+02  1.3824000000000E+05
181  1.0148414584177E+02  1.1241759294515E-04  1.0148395020616E+02  1.0148433913002E+02  1.3824000000000E+05
182  1.0206405564698E+02  1.1238129550887E-04  1.0206386015026E+02  1.0206424874919E+02  1.3824000000000E+05
183  1.0264415490339E+02  1.1229820835477E-04  1.0264395963132E+02  1.0264434773884E+02  1.3824000000000E+05
184  1.0322444356681E+02  1.1211602633090E-04  1.0322424861609E+02  1.0322463604451E+02  1.3824000000000E+05
185  1.0380492157731E+02  1.1196383088754E-04  1.0380472705417E+02  1.0380511359744E+02  1.3824000000000E+05
186  1.0438558885770E+02  1.1135620356185E-04  1.0438539487628E+02  1.0438578031317E+02  1.3824000000000E+05
187  1.0496644531228E+02  1.1104610665071E-04  1.0496625199289E+02  1.0496663609045E+02  1.3824000000000E+05
188  1.0554749082577E+02  1.1056387145167E-04  1.0554729829304E+02  1.0554768081041E+02  1.3824000000000E+05
189  1.0612872526272E+02  1.1004256258807E-04  1.0612853364346E+02  1.0612891433602E+02  1.3824000000000E+05
190  1.0671014846707E+02  1.0956647502416E-04  1.0670995788806E+02  1.0671033651189E+02  1.3824000000000E+05
191  1.0729176026227E+02  1.0882599048229E-04  1.0729157084776E+02  1.0729194716447E+02  1.3824000000000E+05
192  1.0787356045164E+02  1.0822020963543E-04  1.0787337232072E+02  1.0787374610248E+02  1.3824000000000E+05
193  1.0845554881927E+02  1.0731217743068E-04  1.0845536208310E+02  1.0845573311788E+02  1.3824000000000E+05
194  1.0903772513125E+02  1.0644670905063E-04  1.0903753989029E+02  1.0903790798702E+02  1.3824000000000E+05
195  1.0962008913743E+02  1.0547294834623E-04  1.0961990547867E+02  1.0962027047228E+02  1.3824000000000E+05
196  1.1020264057350E+02  1.0463459497830E-04  1.1020245856799E+02  1.1020282032396E+02  1.3824000000000E+05
197  1.1078537916354E+02  1.0364566432394E-04  1.1078519886422E+02  1.1078555728246E+02  1.3824000000000E+05
198  1.1136830462281E+02  1.0266691427353E-04  1.1136812606282E+02  1.1136848108073E+02  1.3824000000000E+05
 
 field : PHI_NH   ; Iter =      1680 ; region #   0 ; nb.Lev = 198
 k | --   Average    -- | --   Std.Dev    -- | --     min      -- | --     max      -- | --    Vol
  0  6.3558720017449E-13  3.9144817862157E-12 -2.0647760474899E-11  2.0402671177610E-11  2.7371520000000E+07
  1  3.2015813009391E-14  3.5069253975467E-12 -1.1562277719463E-11  1.2222384177058E-11  1.3824000000000E+05
  2  3.5559053225985E-14  3.5033081788127E-12 -1.1305132516355E-11  1.2218219508863E-11  1.3824000000000E+05
  3  3.8184267304077E-14  3.5255228955443E-12 -1.1095510720940E-11  1.2345570805985E-11  1.3824000000000E+05
  4  4.0358854656075E-14  3.5104048619452E-12 -1.0910207247945E-11  1.2520314188970E-11  1.3824000000000E+05
  5  4.2449398767425E-14  3.5141751030021E-12 -1.0668111832506E-11  1.2593302165747E-11  1.3824000000000E+05
  6  4.4430178148534E-14  3.5292476780863E-12 -1.0589129915706E-11  1.2770770055518E-11  1.3824000000000E+05
  7  4.6654779838261E-14  3.5017290515031E-12 -1.0233617500199E-11  1.2770036022647E-11  1.3824000000000E+05
  8  4.8741360727863E-14  3.5297675915917E-12 -1.0108546024772E-11  1.2724852780827E-11  1.3824000000000E+05
  9  5.0838157711814E-14  3.5290883054665E-12 -9.9422820247001E-12  1.2818531751859E-11  1.3824000000000E+05
 10  5.2594736085036E-14  3.4599455438708E-12 -9.7299699520469E-12  1.2651977021586E-11  1.3824000000000E+05
 11  5.4173314093494E-14  3.4564768367826E-12 -9.7576533003108E-12  1.2547591139635E-11  1.3824000000000E+05
 12  5.6588500602137E-14  3.4717853897013E-12 -9.8524397637236E-12  1.2592894206050E-11  1.3824000000000E+05
 13  5.9154105680266E-14  3.3933147342023E-12 -9.7161363839652E-12  1.2523994826236E-11  1.3824000000000E+05
 14  6.0949413489797E-14  3.3006864382758E-12 -9.4756260582093E-12  1.2400740114008E-11  1.3824000000000E+05
 15  6.2682131891945E-14  3.2720195077126E-12 -9.3895120774297E-12  1.2473884653165E-11  1.3824000000000E+05
 16  6.4540039237327E-14  3.2429236385850E-12 -9.3563521861287E-12  1.2502458302141E-11  1.3824000000000E+05
 17  6.6645617136775E-14  3.1371605267407E-12 -9.0794239229094E-12  1.2290263095105E-11  1.3824000000000E+05
 18  6.9191272772513E-14  2.9675880576941E-12 -9.2495725952137E-12  1.1887319773022E-11  1.3824000000000E+05
 19  7.1356854882079E-14  2.8161661558313E-12 -9.4407303508194E-12  1.1530809081893E-11  1.3824000000000E+05
 20  7.2592578782343E-14  2.7336007014410E-12 -9.6521163140545E-12  1.1302531795433E-11  1.3824000000000E+05
 21  7.3493875180876E-14  2.6727434636478E-12 -9.9665369449557E-12  1.1134679147796E-11  1.3824000000000E+05
 22  7.5264562597728E-14  2.5498461604591E-12 -1.0115659319491E-11  1.0762930050850E-11  1.3824000000000E+05
 23  7.8057979991715E-14  2.3358439061682E-12 -1.0022388134693E-11  1.0077598182606E-11  1.3824000000000E+05
 24  8.0302190227409E-14  2.0755800525768E-12 -9.8593345762426E-12  9.1393217525810E-12  1.3824000000000E+05
 25  8.1548266536799E-14  1.8521885354610E-12 -9.8008505960935E-12  8.1095700050238E-12  1.3824000000000E+05
 26  8.2655278847592E-14  1.7207029304118E-12 -9.7725986536780E-12  7.1102739409518E-12  1.3824000000000E+05
 27  8.3111488520846E-14  1.6757720877457E-12 -9.6449590165135E-12  6.9539170514557E-12  1.3824000000000E+05
 28  8.2674498722241E-14  1.6866814576019E-12 -9.4234145600217E-12  7.0578208958186E-12  1.3824000000000E+05
 29  8.2467682868698E-14  1.7224684622271E-12 -9.2181885360514E-12  7.1874493893487E-12  1.3824000000000E+05
 30  8.2647820433216E-14  1.7545086657036E-12 -8.9745054196023E-12  7.2876257729389E-12  1.3824000000000E+05
 31  8.2845627056201E-14  1.7703353565608E-12 -8.6770107861271E-12  7.3485211437813E-12  1.3824000000000E+05
 32  8.3177574369741E-14  1.7787492572493E-12 -8.3720721146317E-12  7.4374905798312E-12  1.3824000000000E+05
 33  8.3622490351902E-14  1.7901006447660E-12 -8.1382708800375E-12  7.5831161593418E-12  1.3824000000000E+05
 34  8.4738137206885E-14  1.8011405966580E-12 -7.9089915798858E-12  7.7059232022041E-12  1.3824000000000E+05
 35  8.7147647068495E-14  1.8039165955667E-12 -7.6220816975742E-12  7.7548740724672E-12  1.3824000000000E+05
 36  9.0091028204356E-14  1.7991791847696E-12 -7.2780337300428E-12  7.7843374873651E-12  1.3824000000000E+05
 37  9.2843644362034E-14  1.7954283957906E-12 -6.9600707235012E-12  7.8564659998730E-12  1.3824000000000E+05
 38  9.5637399012455E-14  1.7993549834207E-12 -6.7020816390057E-12  7.9695200632502E-12  1.3824000000000E+05
 39  9.8561805518401E-14  1.8094136175455E-12 -6.6238337816389E-12  8.1001522590911E-12  1.3824000000000E+05
 40  1.0188109438493E-13  1.8170598556976E-12 -6.6403310847006E-12  8.1906866177212E-12  1.3824000000000E+05
 41  1.0621355662615E-13  1.8145466251581E-12 -6.5802566716938E-12  8.2012681107105E-12  1.3824000000000E+05
 42  1.1131518701828E-13  1.8022602176223E-12 -6.4426389704039E-12  8.1134624391062E-12  1.3824000000000E+05
 43  1.1648837661366E-13  1.7880767983340E-12 -6.2675893117538E-12  7.9872434015116E-12  1.3824000000000E+05
 44  1.2157200008493E-13  1.7803259141208E-12 -6.1488491225382E-12  7.8988926690636E-12  1.3824000000000E+05
 45  1.2633911952483E-13  1.7819891003210E-12 -6.2490300216794E-12  7.8482603009147E-12  1.3824000000000E+05
 46  1.3049180279509E-13  1.7893318574898E-12 -6.4455978216053E-12  7.8052761035520E-12  1.3824000000000E+05
 47  1.3455758282678E-13  1.7947755224339E-12 -6.5976479997888E-12  7.7178744050945E-12  1.3824000000000E+05
 48  1.3945092226018E-13  1.7925750850408E-12 -6.6863549340258E-12  7.5335803104290E-12  1.3824000000000E+05
 49  1.4546277657305E-13  1.7826508437727E-12 -6.7254384685393E-12  7.2066555944129E-12  1.3824000000000E+05
 50  1.5230516168740E-13  1.7698156422113E-12 -6.7237184073493E-12  6.7488495048909E-12  1.3824000000000E+05
 51  1.5957344613717E-13  1.7606299472021E-12 -6.6806356179724E-12  6.4739262491253E-12  1.3824000000000E+05
 52  1.6698151524250E-13  1.7604661638395E-12 -6.6280611313428E-12  6.4730077521649E-12  1.3824000000000E+05
 53  1.7450001883059E-13  1.7712234087804E-12 -6.5718586002981E-12  6.4487235696851E-12  1.3824000000000E+05
 54  1.8216807965615E-13  1.7911760778939E-12 -6.5096543094561E-12  6.4367371227799E-12  1.3824000000000E+05
 55  1.8980371392887E-13  1.8171035161468E-12 -6.4569758422121E-12  6.4464652679591E-12  1.3824000000000E+05
 56  1.9720300636802E-13  1.8462061111259E-12 -6.4454599192404E-12  6.4793382563602E-12  1.3824000000000E+05
 57  2.0441453339409E-13  1.8766748226746E-12 -6.4534727447160E-12  6.4986296599330E-12  1.3824000000000E+05
 58  2.1152983740386E-13  1.9073469154878E-12 -6.4564642190286E-12  6.4961023307653E-12  1.3824000000000E+05
 59  2.1855992561763E-13  1.9372697681216E-12 -6.5316565818930E-12  6.4619505768535E-12  1.3824000000000E+05
 60  2.2572074594557E-13  1.9659005822456E-12 -6.6754703691051E-12  6.4190849104188E-12  1.3824000000000E+05
 61  2.3332011554404E-13  1.9936502180807E-12 -6.7650631073476E-12  6.3806956219162E-12  1.3824000000000E+05
 62  2.4131928927889E-13  2.0216357353775E-12 -6.8456368047745E-12  6.3541662809107E-12  1.3824000000000E+05
 63  2.4939129193585E-13  2.0507051694086E-12 -6.9385905955030E-12  6.3075677595753E-12  1.3824000000000E+05
 64  2.5728441857192E-13  2.0808026092079E-12 -7.0522756811959E-12  6.2443512103997E-12  1.3824000000000E+05
 65  2.6501088942851E-13  2.1111284521537E-12 -7.1276946685583E-12  6.1477429724934E-12  1.3824000000000E+05
 66  2.7280590884646E-13  2.1409065753640E-12 -7.1764787489592E-12  6.0368023119660E-12  1.3824000000000E+05
 67  2.8088949244464E-13  2.1699285583838E-12 -7.1974005882564E-12  5.9003502513961E-12  1.3824000000000E+05
 68  2.8918090463198E-13  2.1985834463517E-12 -7.1805800150925E-12  5.7837086859897E-12  1.3824000000000E+05
 69  2.9748937384019E-13  2.2274235091366E-12 -7.1541333393197E-12  5.6617764538297E-12  1.3824000000000E+05
 70  3.0587945177411E-13  2.2567894973966E-12 -7.1275390905368E-12  5.5534743188611E-12  1.3824000000000E+05
 71  3.1447007383552E-13  2.2868399582528E-12 -7.1161642568315E-12  5.4565639514866E-12  1.3824000000000E+05
 72  3.2319746421319E-13  2.3174843611286E-12 -7.0908078120660E-12  5.3697387955679E-12  1.3824000000000E+05
 73  3.3185628323723E-13  2.3483216879532E-12 -7.0638432688506E-12  5.2459084979426E-12  1.3824000000000E+05
 74  3.4024419628180E-13  2.3787938229689E-12 -6.9939835062624E-12  5.2824541235668E-12  1.3824000000000E+05
 75  3.4832120703952E-13  2.4085351223514E-12 -6.8949800405881E-12  5.4324952819243E-12  1.3824000000000E+05
 76  3.5616308425419E-13  2.4376427350218E-12 -6.9347607251826E-12  5.6487082825867E-12  1.3824000000000E+05
 77  3.6383884865130E-13  2.4666495753521E-12 -7.0089481684446E-12  6.0551780020146E-12  1.3824000000000E+05
 78  3.7140042881668E-13  2.4963049459599E-12 -7.3091806704704E-12  6.4819290480294E-12  1.3824000000000E+05
 79  3.7898398188381E-13  2.5272109191474E-12 -7.6038167158737E-12  6.8882609213893E-12  1.3824000000000E+05
 80  3.8668657368320E-13  2.5595285942138E-12 -7.8834540461890E-12  7.2709906863707E-12  1.3824000000000E+05
 81  3.9442613859254E-13  2.5930208958085E-12 -8.1271564628808E-12  7.6398707357883E-12  1.3824000000000E+05
 82  4.0216975760386E-13  2.6272531003900E-12 -8.3466032997668E-12  7.9404465974410E-12  1.3824000000000E+05
 83  4.1006197416080E-13  2.6616916413941E-12 -8.5340420823385E-12  8.2137259032634E-12  1.3824000000000E+05
 84  4.1831617964610E-13  2.6959788862067E-12 -8.6942641598346E-12  8.4398689085865E-12  1.3824000000000E+05
 85  4.2705746795031E-13  2.7300391835105E-12 -8.8169500879836E-12  8.6058069226857E-12  1.3824000000000E+05
 86  4.3618430266541E-13  2.7639585005217E-12 -8.9354495767030E-12  8.7192619632402E-12  1.3824000000000E+05
 87  4.4547760148798E-13  2.7978669669707E-12 -9.0411498185248E-12  8.8153471813561E-12  1.3824000000000E+05
 88  4.5482300876704E-13  2.8318351938944E-12 -9.1355727525699E-12  8.9102895564990E-12  1.3824000000000E+05
 89  4.6422212858124E-13  2.8658969692699E-12 -9.1866307674822E-12  8.9740800100502E-12  1.3824000000000E+05
 90  4.7366402067094E-13  2.9000640826443E-12 -9.2193136187759E-12  9.0184167737825E-12  1.3824000000000E+05
 91  4.8309497529872E-13  2.9342829803420E-12 -9.2461881914892E-12  9.0751366311460E-12  1.3824000000000E+05
 92  4.9249433986342E-13  2.9684095383122E-12 -9.3191392255383E-12  9.1250095839748E-12  1.3824000000000E+05
 93  5.0187350057035E-13  3.0023449262006E-12 -9.5935682314071E-12  9.1529382907427E-12  1.3824000000000E+05
 94  5.1122807203834E-13  3.0361339017458E-12 -9.8773694145477E-12  9.1953508185605E-12  1.3824000000000E+05
 95  5.2053689014053E-13  3.0698538096149E-12 -1.0166388072999E-11  9.2637661060190E-12  1.3824000000000E+05
 96  5.2980171623690E-13  3.1035628115014E-12 -1.0406954132204E-11  9.3299058242076E-12  1.3824000000000E+05
 97  5.3910125486414E-13  3.1372667626797E-12 -1.0670309251861E-11  9.4213144527820E-12  1.3824000000000E+05
 98  5.4851909980411E-13  3.1708102069500E-12 -1.0923965567382E-11  9.6631607561475E-12  1.3824000000000E+05
 99  5.5802855660610E-13  3.2039386482558E-12 -1.1176335125970E-11  9.8910171520393E-12  1.3824000000000E+05
100  5.6756174556615E-13  3.2364659070029E-12 -1.1408088009771E-11  1.0098708933616E-11  1.3824000000000E+05
101  5.7713812523346E-13  3.2682846149906E-12 -1.1632120504061E-11  1.0288124032171E-11  1.3824000000000E+05
102  5.8684420286919E-13  3.2993987886075E-12 -1.1844182748262E-11  1.0475880221960E-11  1.3824000000000E+05
103  5.9668641282076E-13  3.3298969187975E-12 -1.2047141436610E-11  1.0639017094411E-11  1.3824000000000E+05
104  6.0656493855232E-13  3.3599133547980E-12 -1.2232264003930E-11  1.0789174614495E-11  1.3824000000000E+05
105  6.1641535085375E-13  3.3896147707803E-12 -1.2368032920882E-11  1.0917257085216E-11  1.3824000000000E+05
106  6.2625706675079E-13  3.4190614118744E-12 -1.2526079670965E-11  1.1030747435782E-11  1.3824000000000E+05
107  6.3614165924501E-13  3.4483042001731E-12 -1.2664481071567E-11  1.1127866532397E-11  1.3824000000000E+05
108  6.4613129267527E-13  3.4773948374566E-12 -1.2755520403739E-11  1.1232252321501E-11  1.3824000000000E+05
109  6.5627091646470E-13  3.5063551131715E-12 -1.2861643555345E-11  1.1329597390541E-11  1.3824000000000E+05
110  6.6656846225622E-13  3.5352045453010E-12 -1.2983054951270E-11  1.1380391431855E-11  1.3824000000000E+05
111  6.7701532268372E-13  3.5639324362995E-12 -1.3064963955126E-11  1.1414224848522E-11  1.3824000000000E+05
112  6.8759327929812E-13  3.5925755770752E-12 -1.3157941132012E-11  1.1428852214847E-11  1.3824000000000E+05
113  6.9824839632802E-13  3.6211832058327E-12 -1.3239362893560E-11  1.1439118364108E-11  1.3824000000000E+05
114  7.0894155668635E-13  3.6498443833379E-12 -1.3311988681661E-11  1.1407401334132E-11  1.3824000000000E+05
115  7.1969982262610E-13  3.6786684152611E-12 -1.3364969184174E-11  1.1372128232140E-11  1.3824000000000E+05
116  7.3051695687403E-13  3.7076805794408E-12 -1.3465227039296E-11  1.1319837064665E-11  1.3824000000000E+05
117  7.4133519737237E-13  3.7368954319950E-12 -1.3512088181781E-11  1.1246189728685E-11  1.3824000000000E+05
118  7.5212409793813E-13  3.7663515919381E-12 -1.3602413622565E-11  1.1156803084251E-11  1.3824000000000E+05
119  7.6290048127620E-13  3.7960762111625E-12 -1.3661087301302E-11  1.1060697229519E-11  1.3824000000000E+05
120  7.7372645281454E-13  3.8261032343008E-12 -1.3744121090412E-11  1.0967535310815E-11  1.3824000000000E+05
121  7.8466806904721E-13  3.8565741333028E-12 -1.3824050720536E-11  1.0853004783743E-11  1.3824000000000E+05
122  7.9574928558702E-13  3.8875443056449E-12 -1.3910755001443E-11  1.0738323771156E-11  1.3824000000000E+05
123  8.0696823180192E-13  3.9190050559533E-12 -1.3987028125053E-11  1.0614988653548E-11  1.3824000000000E+05
124  8.1828846734319E-13  3.9509383063026E-12 -1.4088297768264E-11  1.0469750752887E-11  1.3824000000000E+05
125  8.2963014585854E-13  3.9832294517507E-12 -1.4196796539530E-11  1.0338953153316E-11  1.3824000000000E+05
126  8.4093874641403E-13  4.0157931609328E-12 -1.4297491547019E-11  1.0334670838437E-11  1.3824000000000E+05
127  8.5215371227648E-13  4.0485734287860E-12 -1.4370269303603E-11  1.0313497532406E-11  1.3824000000000E+05
128  8.6321580809683E-13  4.0815153277056E-12 -1.4463239055230E-11  1.0268625234387E-11  1.3824000000000E+05
129  8.7415571284772E-13  4.1145970435732E-12 -1.4577717168706E-11  1.0203161362647E-11  1.3824000000000E+05
130  8.8497052825272E-13  4.1478763438606E-12 -1.4707990709865E-11  1.0127419130116E-11  1.3824000000000E+05
131  8.9563065141011E-13  4.1814575531687E-12 -1.4860384187859E-11  1.0052243611306E-11  1.3824000000000E+05
132  9.0619344914920E-13  4.2153801083320E-12 -1.5013082214232E-11  9.9496437096959E-12  1.3824000000000E+05
133  9.1672638589053E-13  4.2496121658777E-12 -1.5183419990470E-11  9.8404872368481E-12  1.3824000000000E+05
134  9.2725852492267E-13  4.2841140789826E-12 -1.5368292120947E-11  9.9075272662355E-12  1.3824000000000E+05
135  9.3782244072590E-13  4.3187974286252E-12 -1.5560138974770E-11  9.9676653665732E-12  1.3824000000000E+05
136  9.4843064898988E-13  4.3535853022565E-12 -1.5769707101450E-11  1.0038268865434E-11  1.3824000000000E+05
137  9.5906361909384E-13  4.3885475340194E-12 -1.5946564795156E-11  1.0106499292346E-11  1.3824000000000E+05
138  9.6974079584725E-13  4.4237424089278E-12 -1.6170353325493E-11  1.0242709599391E-11  1.3824000000000E+05
139  9.8043011530095E-13  4.4591935459506E-12 -1.6395447805896E-11  1.0367013368639E-11  1.3824000000000E+05
140  9.9102893715470E-13  4.4949357593493E-12 -1.6612604540284E-11  1.0486123143988E-11  1.3824000000000E+05
141  1.0015468209286E-12  4.5309831688859E-12 -1.6819984796625E-11  1.0572213590899E-11  1.3824000000000E+05
142  1.0120332943620E-12  4.5673573701054E-12 -1.7040866623005E-11  1.0635085697958E-11  1.3824000000000E+05
143  1.0224638440668E-12  4.6040696158786E-12 -1.7249456233706E-11  1.0699243550531E-11  1.3824000000000E+05
144  1.0328348717320E-12  4.6411545790235E-12 -1.7460331539632E-11  1.0737041888214E-11  1.3824000000000E+05
145  1.0431692108972E-12  4.6786254811806E-12 -1.7676945457593E-11  1.0880682691679E-11  1.3824000000000E+05
146  1.0534859023966E-12  4.7163914789589E-12 -1.7894786782678E-11  1.1117902833167E-11  1.3824000000000E+05
147  1.0638092333472E-12  4.7543406156780E-12 -1.8048867628204E-11  1.1338868285883E-11  1.3824000000000E+05
148  1.0741395452707E-12  4.7924257883970E-12 -1.8241133504998E-11  1.1559771892657E-11  1.3824000000000E+05
149  1.0844579903225E-12  4.8306090795264E-12 -1.8461133120848E-11  1.1778192356676E-11  1.3824000000000E+05
150  1.0948092588208E-12  4.8688324105645E-12 -1.8600534620532E-11  1.1981555669594E-11  1.3824000000000E+05
151  1.1053042908169E-12  4.9070555598823E-12 -1.8747132906208E-11  1.2175715438573E-11  1.3824000000000E+05
152  1.1159350962164E-12  4.9452164958626E-12 -1.8914833971728E-11  1.2376951030531E-11  1.3824000000000E+05
153  1.1265600904392E-12  4.9832425664510E-12 -1.9077949058567E-11  1.2572471587826E-11  1.3824000000000E+05
154  1.1371344794785E-12  5.0211014877462E-12 -1.9230860976818E-11  1.2750273438996E-11  1.3824000000000E+05
155  1.1476518547775E-12  5.0587917195900E-12 -1.9387986431396E-11  1.2927622112796E-11  1.3824000000000E+05
156  1.1580623453644E-12  5.0963242840603E-12 -1.9525838850685E-11  1.3235525022425E-11  1.3824000000000E+05
157  1.1683898437372E-12  5.1336115448153E-12 -1.9650815634802E-11  1.3518749500218E-11  1.3824000000000E+05
158  1.1786370846770E-12  5.1705064845809E-12 -1.9793216487178E-11  1.3800754359997E-11  1.3824000000000E+05
159  1.1887344879606E-12  5.2068740849106E-12 -1.9893444228067E-11  1.4095770935210E-11  1.3824000000000E+05
160  1.1986855505868E-12  5.2425806324733E-12 -2.0035723458373E-11  1.4374818392007E-11  1.3824000000000E+05
161  1.2085507996732E-12  5.2775897629819E-12 -2.0138802425750E-11  1.4618050224623E-11  1.3824000000000E+05
162  1.2182880763095E-12  5.3118973403040E-12 -2.0254723879060E-11  1.4908646381814E-11  1.3824000000000E+05
163  1.2278560599555E-12  5.3454579617229E-12 -2.0328651923708E-11  1.5162525825363E-11  1.3824000000000E+05
164  1.2373119286091E-12  5.3782741132500E-12 -2.0409922677645E-11  1.5382785516886E-11  1.3824000000000E+05
165  1.2466216502062E-12  5.4103717407748E-12 -2.0474465294809E-11  1.5593191178392E-11  1.3824000000000E+05
166  1.2556667672892E-12  5.4418022137892E-12 -2.0542174492334E-11  1.5814692756265E-11  1.3824000000000E+05
167  1.2644006739602E-12  5.4726126805745E-12 -2.0582304601339E-11  1.5991400809279E-11  1.3824000000000E+05
168  1.2728142606437E-12  5.5028016547683E-12 -2.0621696721718E-11  1.6146402239854E-11  1.3824000000000E+05
169  1.2809528985074E-12  5.5324258174412E-12 -2.0628257626039E-11  1.6272190417470E-11  1.3824000000000E+05
170  1.2888688323023E-12  5.5615315072281E-12 -2.0647760474899E-11  1.6403249288968E-11  1.3824000000000E+05
171  1.2964732820145E-12  5.5900800967766E-12 -2.0642290437524E-11  1.6467781981539E-11  1.3824000000000E+05
172  1.3037130637121E-12  5.6180688815229E-12 -2.0642387834442E-11  1.6515972438411E-11  1.3824000000000E+05
173  1.3107015604280E-12  5.6455658128198E-12 -2.0629397209962E-11  1.6563721516117E-11  1.3824000000000E+05
174  1.3175713778310E-12  5.6726395476375E-12 -2.0637049399575E-11  1.6609797883710E-11  1.3824000000000E+05
175  1.3243710401143E-12  5.6992727503542E-12 -2.0637597538667E-11  1.6597366403362E-11  1.3824000000000E+05
176  1.3310316458139E-12  5.7253588938204E-12 -2.0608536659726E-11  1.6573677341799E-11  1.3824000000000E+05
177  1.3374374666950E-12  5.7508341603823E-12 -2.0541934406141E-11  1.6524428227968E-11  1.3824000000000E+05
178  1.3435741680957E-12  5.7757543827358E-12 -2.0488375890182E-11  1.6448498915521E-11  1.3824000000000E+05
179  1.3495108169040E-12  5.8001564904161E-12 -2.0447271385928E-11  1.6363344162468E-11  1.3824000000000E+05
180  1.3552779119779E-12  5.8240678904001E-12 -2.0361719906410E-11  1.6261230178411E-11  1.3824000000000E+05
181  1.3608518171410E-12  5.8475671636338E-12 -2.0277866548068E-11  1.6141194308907E-11  1.3824000000000E+05
182  1.3662050710303E-12  5.8706900621310E-12 -2.0203540717239E-11  1.6203841819434E-11  1.3824000000000E+05
183  1.3712765059398E-12  5.8934296844506E-12 -2.0083367711705E-11  1.6529089212755E-11  1.3824000000000E+05
184  1.3759256986821E-12  5.9157444638898E-12 -1.9966127436958E-11  1.6827287536238E-11  1.3824000000000E+05
185  1.3800833765727E-12  5.9375906482129E-12 -1.9865106234121E-11  1.7113696159079E-11  1.3824000000000E+05
186  1.3838495298020E-12  5.9588450730641E-12 -1.9775809326759E-11  1.7372514243581E-11  1.3824000000000E+05
187  1.3873913502656E-12  5.9793291948150E-12 -1.9634636151706E-11  1.7692695702339E-11  1.3824000000000E+05
188  1.3907774619749E-12  5.9988512176219E-12 -1.9513993210264E-11  1.8115079808887E-11  1.3824000000000E+05
189  1.3939078928045E-12  6.0172413927701E-12 -1.9427090428772E-11  1.8537364720929E-11  1.3824000000000E+05
190  1.3966799377003E-12  6.0343174987382E-12 -1.9343426379524E-11  1.8903332626852E-11  1.3824000000000E+05
191  1.3991071662530E-12  6.0498836251211E-12 -1.9236620260506E-11  1.9229778696823E-11  1.3824000000000E+05
192  1.4012426266787E-12  6.0638342634514E-12 -1.9172123197804E-11  1.9535067703090E-11  1.3824000000000E+05
193  1.4031237776508E-12  6.0759318764861E-12 -1.9135931579795E-11  1.9814309797375E-11  1.3824000000000E+05
194  1.4047362338623E-12  6.0860433312700E-12 -1.9261595626541E-11  2.0004415726413E-11  1.3824000000000E+05
195  1.4060182840568E-12  6.0940989813848E-12 -1.9417499573956E-11  2.0132804160625E-11  1.3824000000000E+05
196  1.4069778316330E-12  6.0999791651260E-12 -1.9515956794940E-11  2.0249738659010E-11  1.3824000000000E+05
197  1.4076313490934E-12  6.1038160992233E-12 -1.9585747251208E-11  2.0349044626744E-11  1.3824000000000E+05
198  1.4079582411882E-12  6.1057121464018E-12 -1.9611341542893E-11  2.0402671177610E-11  1.3824000000000E+05
 
 field : ETAN     ; Iter =      2160 ; region #   0 ; nb.Lev =   1
 k | --   Average    -- | --   Std.Dev    -- | --     min      -- | --     max      -- | --    Vol
  0  9.3468587322770E-12  1.8980795813076E-12  4.5991170123989E-12  1.3621103975262E-11  6.9120000000000E+04
 
 field : UVEL     ; Iter =      2160 ; region #   0 ; nb.Lev = 198
 k | --   Average    -- | --   Std.Dev    -- | --     min      -- | --     max      -- | --    Vol
  0  8.4914578800059E-25  1.0045316260576E-12 -3.8740917023565E-12  3.9871748190567E-12  2.7371520000000E+07
  1  1.5759047247190E-21  1.3600421591122E-12 -3.2223123382270E-12  3.9871748190567E-12  1.3824000000000E+05
  2 -7.2714322351505E-22  1.2049214263204E-12 -2.5434883460450E-12  2.1753888207412E-12  1.3824000000000E+05
  3 -3.6448053293859E-21  9.3850433855371E-13 -2.2200754601169E-12  2.0496160655612E-12  1.3824000000000E+05
  4 -1.4778607869036E-21  1.1638083959601E-12 -2.5317721379874E-12  2.4604861945834E-12  1.3824000000000E+05
  5  2.4111560592334E-21  6.2094881820786E-13 -1.5285683580550E-12  1.1935062318432E-12  1.3824000000000E+05
  6  3.0897822758410E-21  1.1693101106834E-12 -2.5960086509155E-12  2.4244291936167E-12  1.3824000000000E+05
  7  3.1949292763208E-24  9.3578299300593E-13 -1.9364800411222E-12  2.1179838824846E-12  1.3824000000000E+05
  8 -9.9650575136879E-22  1.1102374254887E-12 -2.0745482411211E-12  2.8684425940516E-12  1.3824000000000E+05
  9  1.1926027928987E-21  1.0499335219530E-12 -2.5661267138267E-12  2.3976952753388E-12  1.3824000000000E+05
 10  2.5165692990827E-21  9.4540023475039E-13 -2.6074071071294E-12  1.6173655518364E-12  1.3824000000000E+05
 11  9.8409323699950E-22  1.0726760310395E-12 -2.0304405131175E-12  2.2934065658876E-12  1.3824000000000E+05
 12 -1.0151928358006E-21  6.2266386361220E-13 -1.1175900821405E-12  1.6168631694630E-12  1.3824000000000E+05
 13 -1.5190683528118E-21  1.2089388151505E-12 -2.5274362153571E-12  2.1055983446568E-12  1.3824000000000E+05
 14 -6.9665228384222E-22  6.4343860796449E-13 -1.6780132157387E-12  1.5218756868121E-12  1.3824000000000E+05
 15  2.9651973874530E-22  1.0449195502156E-12 -2.1294100698675E-12  2.2287912945525E-12  1.3824000000000E+05
 16  4.2737642136787E-22  8.9970001851834E-13 -2.3903324799104E-12  1.9924974970700E-12  1.3824000000000E+05
 17 -3.6852081829141E-22  7.6010609800608E-13 -1.2510618952095E-12  1.7570923003798E-12  1.3824000000000E+05
 18 -1.0846908372233E-21  1.0361802565579E-12 -2.3200168488827E-12  2.0547192207052E-12  1.3824000000000E+05
 19  5.5386230582742E-23  6.8642236269928E-13 -1.7768301332941E-12  1.5261587253245E-12  1.3824000000000E+05
 20  1.8881270889111E-21  1.0639657643650E-12 -2.3086346030989E-12  2.0401093297264E-12  1.3824000000000E+05
 21  2.1243265971540E-21  6.4694684545717E-13 -1.5856314859575E-12  1.3285761566449E-12  1.3824000000000E+05
 22  3.7474016385672E-22  9.8250063512390E-13 -1.8911493056136E-12  2.6646264102477E-12  1.3824000000000E+05
 23 -6.6312183008213E-22  8.9685327946216E-13 -2.0199392744398E-12  2.0202348843004E-12  1.3824000000000E+05
 24 -1.5696074782497E-22  7.0006724266750E-13 -1.9697229526754E-12  1.3413473187249E-12  1.3824000000000E+05
 25  9.5274161436998E-22  9.1953382413758E-13 -1.7690613747886E-12  1.6526381934579E-12  1.3824000000000E+05
 26  4.4372592302484E-22  5.1099994471340E-13 -1.0661211557456E-12  1.5558585904394E-12  1.3824000000000E+05
 27 -1.2686424236265E-21  9.8074202391049E-13 -1.5430720213697E-12  1.8869158201240E-12  1.3824000000000E+05
 28 -2.3832336525134E-21  5.3403994127109E-13 -1.2720642203757E-12  1.3985734420556E-12  1.3824000000000E+05
 29 -7.9524619556196E-22  9.1943621580662E-13 -1.9398028451399E-12  1.9208677412942E-12  1.3824000000000E+05
 30  1.3952342368982E-21  8.0312455737548E-13 -1.8554754813042E-12  1.3470881447445E-12  1.3824000000000E+05
 31  1.8319540044514E-21  7.5403343335449E-13 -1.0862039208983E-12  1.4825602807256E-12  1.3824000000000E+05
 32 -5.2565296075182E-22  8.4317342516081E-13 -2.2260943889635E-12  1.5361528154521E-12  1.3824000000000E+05
 33 -1.7843874730312E-21  4.6120600683452E-13 -1.0605819918009E-12  9.7699624653439E-13  1.3824000000000E+05
 34  9.8838402414465E-23  9.7518419550851E-13 -2.1056441812207E-12  1.9226907673653E-12  1.3824000000000E+05
 35  2.5102307395736E-21  4.4426345453070E-13 -1.5832534614006E-12  1.2067663866957E-12  1.3824000000000E+05
 36  1.5083898278059E-21  9.2306372765024E-13 -1.6957869614666E-12  2.4604351770734E-12  1.3824000000000E+05
 37 -9.5647939232616E-22  7.3351978952233E-13 -1.5586747881897E-12  1.6129465221796E-12  1.3824000000000E+05
 38 -1.4568944148602E-21  7.4737836107014E-13 -1.7777173247823E-12  1.2821175239493E-12  1.3824000000000E+05
 39  4.4732864614442E-22  8.9850096084998E-13 -1.7892760477296E-12  1.8767918040039E-12  1.3824000000000E+05
 40  1.8990378721150E-21  5.5060306090095E-13 -9.4187999320065E-13  1.8868894918136E-12  1.3824000000000E+05
 41  3.2736908097964E-22  1.0562741585359E-12 -2.1324662585980E-12  1.9956779860668E-12  1.3824000000000E+05
 42 -1.8721500323366E-21  4.7526195684949E-13 -1.1666731662148E-12  9.8245835879290E-13  1.3824000000000E+05
 43 -1.3890577834153E-21  9.7364137833992E-13 -2.0679019431931E-12  1.8209232614110E-12  1.3824000000000E+05
 44  2.0020337481551E-21  6.4265726073316E-13 -1.3453072521781E-12  1.2700577162405E-12  1.3824000000000E+05
 45  2.5865105048505E-21  8.5634031046302E-13 -1.3664564076582E-12  1.6278933251966E-12  1.3824000000000E+05
 46 -7.1448109120562E-22  9.2045144342104E-13 -2.0022536535797E-12  1.8172052360467E-12  1.3824000000000E+05
 47 -2.3490773946153E-21  6.7448004158681E-13 -1.3853621081921E-12  1.2372654375980E-12  1.3824000000000E+05
 48  6.6202620711395E-22  1.0945383402388E-12 -2.5469150165497E-12  1.7241277439375E-12  1.3824000000000E+05
 49  2.8500587178663E-21  4.4422724958243E-13 -8.2117401449170E-13  9.6796346052556E-13  1.3824000000000E+05
 50  1.5091774362659E-21  1.1273670006024E-12 -2.0963924013829E-12  2.8755880215857E-12  1.3824000000000E+05
 51 -1.3017330773506E-21  6.0686475713169E-13 -1.5353636662049E-12  1.3888609341416E-12  1.3824000000000E+05
 52 -1.4890498353878E-21  1.1206264745738E-12 -3.0076787452852E-12  2.2447726368041E-12  1.3824000000000E+05
 53 -3.2108976193532E-23  8.6401400974674E-13 -2.0581999724536E-12  1.6126049921674E-12  1.3824000000000E+05
 54  1.8013274120210E-21  6.8674155911571E-13 -1.3145102960714E-12  2.1205597074368E-12  1.3824000000000E+05
 55  1.1261137982536E-21  1.1995652507876E-12 -1.9573452768178E-12  2.1365977264364E-12  1.3824000000000E+05
 56 -7.1601065255718E-22  4.6705978684876E-13 -1.2300863747513E-12  1.1818134548194E-12  1.3824000000000E+05
 57 -1.2909276727399E-21  1.2844240829098E-12 -2.1864760750594E-12  2.4704024123861E-12  1.3824000000000E+05
 58  8.3309124787813E-22  5.5769814402487E-13 -1.2944145770275E-12  1.5621847886934E-12  1.3824000000000E+05
 59  1.3147283293729E-21  1.1126737140350E-12 -1.9449217124002E-12  2.0526770855601E-12  1.3824000000000E+05
 60  3.7556098213223E-22  9.4359362305734E-13 -2.4304068011920E-12  1.9145176824384E-12  1.3824000000000E+05
 61 -6.2108304414636E-22  9.0416019314357E-13 -2.4305500936308E-12  1.7579868145993E-12  1.3824000000000E+05
 62  3.4633808433479E-22  1.2780375525834E-12 -2.5745783895830E-12  2.1542740582367E-12  1.3824000000000E+05
 63 -3.9343439832347E-23  5.6195841089818E-13 -1.0089260582772E-12  1.5083984080888E-12  1.3824000000000E+05
 64 -6.5802743026980E-22  1.3672228615135E-12 -2.0963707199383E-12  3.1073640303563E-12  1.3824000000000E+05
 65 -8.0768819619014E-22  4.5549230258997E-13 -9.8402054902433E-13  1.1635954871420E-12  1.3824000000000E+05
 66 -1.9758272581205E-22  1.2862784793969E-12 -3.2938080102002E-12  1.9457425257645E-12  1.3824000000000E+05
 67  1.8361538025157E-22  9.0479416674739E-13 -1.6929776059156E-12  1.6431604770483E-12  1.3824000000000E+05
 68  1.8887815622842E-22  1.0623885415327E-12 -2.0421987605107E-12  2.9142344391167E-12  1.3824000000000E+05
 69 -1.9716108613855E-22  1.1646662756080E-12 -1.8289143602301E-12  2.4419952771026E-12  1.3824000000000E+05
 70 -3.9662330718210E-22  5.7531898922891E-13 -1.8690084871405E-12  1.5037200186739E-12  1.3824000000000E+05
 71 -2.0293686211354E-22  1.4148029371626E-12 -3.1106082923648E-12  2.0641347915605E-12  1.3824000000000E+05
 72  4.2957986288303E-22  4.4788641360289E-13 -1.1121011199578E-12  1.0992701453577E-12  1.3824000000000E+05
 73  3.5413020117156E-23  1.4176497616131E-12 -2.1404631071122E-12  2.8729564021694E-12  1.3824000000000E+05
 74 -3.8388500229456E-22  7.7911823383893E-13 -1.7887324132170E-12  1.8508305673539E-12  1.3824000000000E+05
 75  4.6609919396261E-22  1.1412865613722E-12 -2.7864462663211E-12  2.5099176149544E-12  1.3824000000000E+05
 76  1.1879380457893E-21  1.1879437115623E-12 -2.5306684356462E-12  2.2490145962122E-12  1.3824000000000E+05
 77 -2.2781788473411E-22  7.1139814487817E-13 -1.9596843149684E-12  1.9244232900326E-12  1.3824000000000E+05
 78 -1.0786496335865E-21  1.4236852625317E-12 -2.1891413234542E-12  2.6706396289938E-12  1.3824000000000E+05
 79 -3.7630902201124E-23  4.1288163440424E-13 -1.1018174646213E-12  1.1975612562149E-12  1.3824000000000E+05
 80  7.9127717582210E-22  1.3915818260142E-12 -2.7808501979601E-12  2.1310377758658E-12  1.3824000000000E+05
 81  1.0624323344319E-22  6.8751965731258E-13 -1.7775039224482E-12  1.4227980828482E-12  1.3824000000000E+05
 82 -2.3250825733775E-22  1.2555888608280E-12 -2.0999528148051E-12  2.5029574029186E-12  1.3824000000000E+05
 83 -8.7237672860751E-22  1.1438235290134E-12 -1.6591489457575E-12  2.8732997180808E-12  1.3824000000000E+05
 84 -6.4518979674988E-22  8.2532885139213E-13 -2.0754799022462E-12  2.0041262643298E-12  1.3824000000000E+05
 85  6.2180932316162E-22  1.3439882722748E-12 -3.2474703076249E-12  2.1632948600798E-12  1.3824000000000E+05
 86  1.2663128703215E-21  6.1752825931437E-13 -1.6825566035750E-12  1.0939369199809E-12  1.3824000000000E+05
 87 -3.0188875500282E-23  1.4529543378209E-12 -2.5237679094386E-12  3.2955835222060E-12  1.3824000000000E+05
 88 -1.1361540370113E-21  6.9793045326050E-13 -1.6990236846736E-12  1.7066061368602E-12  1.3824000000000E+05
 89 -2.5489548555500E-22  1.2477928122191E-12 -2.7457957779236E-12  2.5486567634399E-12  1.3824000000000E+05
 90  5.6040863027269E-22  1.0198475031967E-12 -2.2025386156786E-12  1.8923304494891E-12  1.3824000000000E+05
 91 -1.6584866904936E-23  9.7814816329340E-13 -2.5557808256146E-12  1.8188139762966E-12  1.3824000000000E+05
 92 -7.7253687140662E-22  1.3588998279003E-12 -2.5902006349570E-12  2.9381484091623E-12  1.3824000000000E+05
 93 -6.7600943974999E-22  7.3146041642499E-13 -1.1236115703346E-12  2.1646305821298E-12  1.3824000000000E+05
 94 -4.8003085439643E-23  1.3627996034449E-12 -2.6913152667192E-12  2.5965039336361E-12  1.3824000000000E+05
 95  4.1803087775787E-22  6.5963340415285E-13 -1.5566023101098E-12  1.5732299810953E-12  1.3824000000000E+05
 96  9.6711308940598E-22  1.3551384544410E-12 -2.6303403694240E-12  2.5412700696721E-12  1.3824000000000E+05
 97  2.4642940341709E-22  9.7629868400706E-13 -1.9071640982130E-12  2.6240395025819E-12  1.3824000000000E+05
 98 -8.2045741377773E-22  1.2004028756563E-12 -2.4338256466315E-12  2.9112328448557E-12  1.3824000000000E+05
 99  1.3302720434690E-22  1.1549644964377E-12 -2.7452976229019E-12  1.8233176138057E-12  1.3824000000000E+05
100  1.6727997814660E-21  9.2962992022246E-13 -2.1077335167015E-12  1.6208475329949E-12  1.3824000000000E+05
101  8.0997488719768E-22  1.4266851905215E-12 -3.1580183607145E-12  3.1878197682315E-12  1.3824000000000E+05
102 -1.0737319812081E-21  5.9353334988211E-13 -1.2339137611339E-12  1.5508652148794E-12  1.3824000000000E+05
103 -6.9903357689713E-23  1.4544033646438E-12 -3.0619890930460E-12  3.4079105195350E-12  1.3824000000000E+05
104  2.2380233151014E-21  7.5255057870492E-13 -1.6836500231666E-12  1.7837528206446E-12  1.3824000000000E+05
105  1.5700671483429E-21  1.3149655506422E-12 -3.1912173984692E-12  2.8248991013103E-12  1.3824000000000E+05
106 -8.3036422359200E-22  1.0688261450321E-12 -2.3390243766797E-12  2.0062931898873E-12  1.3824000000000E+05
107 -1.1825981979142E-21  1.1304223916827E-12 -2.3072035965510E-12  2.7666559962859E-12  1.3824000000000E+05
108  1.4204374212464E-22  1.4408866764350E-12 -3.3068020064994E-12  2.7402754924796E-12  1.3824000000000E+05
109  1.0410806120710E-21  7.0560367364960E-13 -1.5909115669182E-12  1.3454951377602E-12  1.3824000000000E+05
110  1.4144819864426E-21  1.6985511602994E-12 -3.6421432159527E-12  3.4200729825740E-12  1.3824000000000E+05
111 -2.3306451681863E-22  6.7524396693250E-13 -1.6064395958405E-12  1.6245899991837E-12  1.3824000000000E+05
112 -1.8170236823115E-21  1.4876177923436E-12 -2.8362185815330E-12  3.5029308896675E-12  1.3824000000000E+05
113 -1.1107370576355E-21  1.1227296178848E-12 -2.2670640899556E-12  1.8924790260769E-12  1.3824000000000E+05
114  2.3837217952326E-21  1.2359031030580E-12 -2.8458987491035E-12  2.3773158313734E-12  1.3824000000000E+05
115  1.9461116523809E-21  1.4098736954435E-12 -2.8815336371644E-12  2.6705681878974E-12  1.3824000000000E+05
116 -1.9777760518747E-21  7.6441220295250E-13 -1.6782944944948E-12  1.8660854111317E-12  1.3824000000000E+05
117 -3.1114689362565E-21  1.6431968579533E-12 -3.0843799686596E-12  3.4954257536984E-12  1.3824000000000E+05
118  5.0974766346876E-22  7.3463902596270E-13 -1.7164337370996E-12  1.5566177805092E-12  1.3824000000000E+05
119  2.2021052744835E-21  1.4523783717826E-12 -3.8740917023565E-12  3.1769651186078E-12  1.3824000000000E+05
120  3.4146067704261E-22  1.0779453186424E-12 -1.9863064891190E-12  2.3559991716442E-12  1.3824000000000E+05
121 -1.0649696924377E-21  1.1265926606205E-12 -2.4835220359228E-12  3.1861961230406E-12  1.3824000000000E+05
122 -2.7342081358764E-22  1.2572530429978E-12 -2.3458445561582E-12  2.8769343195504E-12  1.3824000000000E+05
123  6.5356680554103E-22  7.1166779987892E-13 -1.8589105536219E-12  1.3806121562825E-12  1.3824000000000E+05
124  1.2557844306643E-21  1.5158011638694E-12 -3.2418247118654E-12  2.9749025864452E-12  1.3824000000000E+05
125  6.1876646027632E-22  6.5765451054789E-13 -1.3955781023460E-12  1.3832096824268E-12  1.3824000000000E+05
126 -6.5612365818797E-22  1.4992492105080E-12 -2.9815101271045E-12  3.5315952433396E-12  1.3824000000000E+05
127 -8.9079799660741E-22  9.9856877145259E-13 -1.9895825419417E-12  2.3133568642792E-12  1.3824000000000E+05
128 -3.5062709362411E-22  1.2122660834471E-12 -2.3823217537432E-12  2.0724463058503E-12  1.3824000000000E+05
129  3.6032633533012E-23  1.4202188560553E-12 -2.8756077822034E-12  2.7626497626062E-12  1.3824000000000E+05
130 -6.7389110816636E-22  8.5093376970453E-13 -1.9528760782874E-12  1.5873233256756E-12  1.3824000000000E+05
131 -1.2334508066661E-21  1.5238192890014E-12 -2.8533223894425E-12  2.7991360630949E-12  1.3824000000000E+05
132 -5.9284315964033E-22  7.8426655028561E-13 -1.5540708411628E-12  2.0762067258995E-12  1.3824000000000E+05
133  3.8013670249683E-22  1.3724774599662E-12 -2.7731748148021E-12  3.2211795450003E-12  1.3824000000000E+05
134  2.1041023863806E-22  9.2696850929210E-13 -1.9058063834365E-12  1.4713453120908E-12  1.3824000000000E+05
135 -2.0736184406525E-22  1.1458714478262E-12 -2.4510738410776E-12  2.3376855071772E-12  1.3824000000000E+05
136 -2.2613457442910E-22  1.2288124174907E-12 -2.2347744557205E-12  2.4647344616782E-12  1.3824000000000E+05
137 -1.7433889379950E-22  9.2705521153981E-13 -2.0478078499826E-12  1.9721851945679E-12  1.3824000000000E+05
138 -7.8232399841440E-22  1.4087567415886E-12 -3.0439960708602E-12  2.9898407262518E-12  1.3824000000000E+05
139 -2.1570376256776E-22  8.4456256992580E-13 -1.6264711252750E-12  1.5480978310882E-12  1.3824000000000E+05
140  3.0831651452228E-22  1.2381064433132E-12 -2.8279779375446E-12  3.2927850533028E-12  1.3824000000000E+05
141 -1.2944321685423E-21  1.0866543817180E-12 -1.9243858941211E-12  2.0962525100660E-12  1.3824000000000E+05
142 -2.9518016764171E-21  1.2279589234534E-12 -2.2307438348455E-12  2.3662034616820E-12  1.3824000000000E+05
143 -9.8896227459434E-22  1.2368772696586E-12 -2.7933312612858E-12  2.3564833229854E-12  1.3824000000000E+05
144  1.8069100635291E-21  9.8649641310388E-13 -2.1666378067953E-12  2.4725044205750E-12  1.3824000000000E+05
145  1.0751799648010E-21  1.3124347077958E-12 -3.3634731858473E-12  2.4227128208245E-12  1.3824000000000E+05
146 -1.0570038896448E-21  8.4038403187360E-13 -1.5357689768609E-12  2.1595267381005E-12  1.3824000000000E+05
147 -1.8911176871359E-21  1.3926267375851E-12 -2.2245859296229E-12  3.6757897980872E-12  1.3824000000000E+05
148  3.7949025546307E-22  1.0054314918172E-12 -2.7196060747771E-12  2.3682699911986E-12  1.3824000000000E+05
149  2.7001331959196E-21  1.2458421396090E-12 -3.6080457211402E-12  2.2519381353584E-12  1.3824000000000E+05
150  2.0337560659479E-21  1.0280995224705E-12 -2.5464335254818E-12  1.8855264375263E-12  1.3824000000000E+05
151 -9.3536128642847E-22  9.7932993912783E-13 -1.9305652458575E-12  2.3090839706663E-12  1.3824000000000E+05
152 -2.9203169333763E-21  1.3030345264574E-12 -1.9732176048515E-12  3.2167727799814E-12  1.3824000000000E+05
153 -1.5318252765467E-22  8.0970177690699E-13 -1.7668586943842E-12  1.4870075152078E-12  1.3824000000000E+05
154  2.3722907833204E-21  1.3108025452038E-12 -2.8303315923605E-12  2.2903922644336E-12  1.3824000000000E+05
155 -4.0728110903191E-22  8.0983247219714E-13 -2.0036614567280E-12  1.5047339977829E-12  1.3824000000000E+05
156 -4.9406881248908E-21  1.2594688578179E-12 -2.1632492676801E-12  2.6720400775615E-12  1.3824000000000E+05
157 -3.8739723709978E-21  1.0027081188212E-12 -1.8609629611023E-12  2.8005080983448E-12  1.3824000000000E+05
158  2.3023171385452E-22  1.0019817444374E-12 -1.9688379175519E-12  1.9204071787861E-12  1.3824000000000E+05
159  1.2709285248652E-21  1.1508122426857E-12 -2.9497736366924E-12  2.3099467351653E-12  1.3824000000000E+05
160 -6.7584385721508E-22  8.1048940761903E-13 -2.1261502452025E-12  1.2041893681829E-12  1.3824000000000E+05
161 -1.4439966969606E-21  1.2294779036478E-12 -2.0262215631336E-12  3.5990704201051E-12  1.3824000000000E+05
162  1.0069829702635E-21  8.9884601666714E-13 -1.8425323592198E-12  2.4981555336104E-12  1.3824000000000E+05
163  3.9213430631740E-21  1.1853848292822E-12 -3.2873888068009E-12  2.4593111215507E-12  1.3824000000000E+05
164  4.0631654887706E-21  9.7465542057916E-13 -2.1022378701025E-12  2.3849945160364E-12  1.3824000000000E+05
165 -1.6661918602203E-22  1.1122415330781E-12 -2.6812012645679E-12  2.6775895731548E-12  1.3824000000000E+05
166 -2.1147721345913E-21  1.0451746994551E-12 -2.3645886075650E-12  2.2472411461919E-12  1.3824000000000E+05
167  1.2447348792991E-21  9.5103676400171E-13 -2.8138620549143E-12  2.3757690256048E-12  1.3824000000000E+05
168  3.4111237379675E-21  9.4813700358087E-13 -2.1383406716067E-12  1.8786811454637E-12  1.3824000000000E+05
169 -1.6057580029780E-21  8.2676703247795E-13 -1.6301416274193E-12  2.3245835231380E-12  1.3824000000000E+05
170 -6.5782497571160E-21  1.1428740127275E-12 -1.9447665563181E-12  2.3265451569979E-12  1.3824000000000E+05
171 -3.8697913231200E-21  7.1969715792979E-13 -1.6372431105936E-12  1.8366870482013E-12  1.3824000000000E+05
172  3.5087844381999E-21  1.0355728272302E-12 -2.0903203931127E-12  2.1200603277301E-12  1.3824000000000E+05
173  4.4732590388350E-21  7.0648356942089E-13 -1.8693799435133E-12  1.1516563756117E-12  1.3824000000000E+05
174 -7.9643290808098E-22  9.1598659109467E-13 -2.2161544623498E-12  1.8580800205684E-12  1.3824000000000E+05
175 -3.6605571210191E-21  8.8686905916300E-13 -1.3724425277258E-12  2.1033037114764E-12  1.3824000000000E+05
176  7.1770821750671E-22  6.9134415584481E-13 -1.5747289410019E-12  2.2068417803649E-12  1.3824000000000E+05
177  6.7597031767664E-21  8.3503604685183E-13 -2.1251221063064E-12  1.2869074926951E-12  1.3824000000000E+05
178  5.1092875366070E-21  5.6663118530402E-13 -1.5116569029845E-12  1.5966116396281E-12  1.3824000000000E+05
179 -1.9388623271373E-21  8.7387800182735E-13 -1.8542401498718E-12  2.3737543004329E-12  1.3824000000000E+05
180 -5.2971908558521E-21  5.9062838282989E-13 -1.0943032353847E-12  1.3598993417929E-12  1.3824000000000E+05
181 -1.5224979523577E-21  8.6829579160261E-13 -2.1508821278050E-12  2.6273323070049E-12  1.3824000000000E+05
182  2.8753253476150E-21  6.5891218692354E-13 -1.5768376294800E-12  1.4228441536029E-12  1.3824000000000E+05
183  9.7994701219433E-22  6.8503050643708E-13 -2.0818670630158E-12  1.6563696316750E-12  1.3824000000000E+05
184 -4.5295321505355E-21  9.3998200124654E-13 -1.8000327105577E-12  2.1804075232457E-12  1.3824000000000E+05
185 -4.3183429594973E-21  4.4679399008055E-13 -1.1724434051382E-12  8.4908602470241E-13  1.3824000000000E+05
186  1.8544725757553E-21  9.3428983982845E-13 -1.8969728135574E-12  1.9184031536473E-12  1.3824000000000E+05
187  4.2874360197074E-21  3.8002520125120E-13 -1.1408367773055E-12  1.1035358422875E-12  1.3824000000000E+05
188  4.1571433397366E-22  7.5854147208993E-13 -1.7473660098547E-12  1.3254900950865E-12  1.3824000000000E+05
189 -3.7305456905873E-21  5.4935113928266E-13 -1.0085931676058E-12  1.4813506314707E-12  1.3824000000000E+05
190 -2.0149204967717E-21  6.5695099325934E-13 -1.4338052499173E-12  1.5232435814823E-12  1.3824000000000E+05
191  2.3520798218463E-21  7.3239846085221E-13 -1.8189949894283E-12  1.8349756563308E-12  1.3824000000000E+05
192  2.8274254943993E-21  5.7295783908509E-13 -1.3121169301498E-12  1.4846908671356E-12  1.3824000000000E+05
193 -9.2944721209639E-22  6.7872267434194E-13 -1.3444482510838E-12  1.6412131347987E-12  1.3824000000000E+05
194 -3.4322043762091E-21  2.8379481794133E-13 -6.4345911656231E-13  6.2702675626202E-13  1.3824000000000E+05
195 -5.6085631798915E-22  8.0791871761981E-13 -1.7463907116315E-12  1.4463574788234E-12  1.3824000000000E+05
196  2.6947656173933E-21  3.0972820105468E-13 -7.7289114496830E-13  6.5598521930563E-13  1.3824000000000E+05
197  6.5652433802480E-22  7.1483428023263E-13 -1.5302632210378E-12  1.3377993624212E-12  1.3824000000000E+05
198 -3.5807899924631E-21  4.2789606036183E-13 -1.1955425257892E-12  1.1377359376886E-12  1.3824000000000E+05
 
 field : VVEL     ; Iter =      2160 ; region #   0 ; nb.Lev = 198
 k | --   Average    -- | --   Std.Dev    -- | --     min      -- | --     max      -- | --    Vol
  0  3.6494725730104E-25  8.7728589596187E-13 -3.8112889190042E-12  3.4730200850146E-12  2.7371520000000E+07
  1  1.3327913463362E-22  1.3626448499684E-12 -3.8112889190042E-12  3.3743043720135E-12  1.3824000000000E+05
  2 -1.5409585030036E-22  1.0833459266003E-12 -2.7191886107802E-12  2.3290123316603E-12  1.3824000000000E+05
  3 -5.6063309966276E-22  8.7574375998884E-13 -1.7346679200763E-12  2.0473711318183E-12  1.3824000000000E+05
  4 -1.8667035347676E-22  1.0769656634369E-12 -2.5245509124919E-12  2.1746134102810E-12  1.3824000000000E+05
  5  4.1079788786316E-22  5.1759554031801E-13 -1.3693611944766E-12  1.2283538678427E-12  1.3824000000000E+05
  6  4.4460606064713E-22  1.0837669602638E-12 -1.9636026231703E-12  2.6683457205984E-12  1.3824000000000E+05
  7  1.0156227554531E-22  8.0885039941120E-13 -2.1446260975884E-12  1.6971416334983E-12  1.3824000000000E+05
  8 -1.1187041513123E-22  9.5297253040160E-13 -2.2449640701995E-12  2.1494030471183E-12  1.3824000000000E+05
  9  1.9160422296816E-22  9.4204340485029E-13 -1.9402943484654E-12  2.8456430332825E-12  1.3824000000000E+05
 10  6.3056510484871E-22  6.7592438528099E-13 -1.6928179855679E-12  1.5255519799169E-12  1.3824000000000E+05
 11  1.9589223765581E-22  9.7717327137420E-13 -2.4181248820801E-12  2.1352379145663E-12  1.3824000000000E+05
 12 -3.7629393144853E-22  4.3314970801954E-13 -1.0219389034032E-12  1.2109746591610E-12  1.3824000000000E+05
 13 -2.8999529463207E-22  1.0121985006472E-12 -1.8755917354101E-12  2.4104342068701E-12  1.3824000000000E+05
 14 -5.6800797926670E-23  4.9614579178066E-13 -1.1880643562688E-12  1.0304638297813E-12  1.3824000000000E+05
 15 -8.1141010689527E-23  8.4207092600479E-13 -1.4987621883755E-12  1.6745239529730E-12  1.3824000000000E+05
 16 -6.7920003146020E-23  7.9997588099929E-13 -1.6012745715354E-12  2.2008217948745E-12  1.3824000000000E+05
 17  8.1233941151228E-23  4.8141735093334E-13 -9.8350894924180E-13  1.1545107652976E-12  1.3824000000000E+05
 18 -6.0408303086734E-23  9.2431520212344E-13 -2.2949046818729E-12  1.8992189624068E-12  1.3824000000000E+05
 19 -1.3651834332591E-22  4.4880242421329E-13 -7.8716867260218E-13  1.3786408697417E-12  1.3824000000000E+05
 20  2.9427650000679E-22  8.9312076452598E-13 -2.0970060751677E-12  1.9964477228763E-12  1.3824000000000E+05
 21  5.5633859737092E-22  5.4883285388090E-13 -1.3727356946142E-12  1.3569175589779E-12  1.3824000000000E+05
 22  5.7370970636443E-23  8.6601681353161E-13 -1.8607714938889E-12  2.1841020240790E-12  1.3824000000000E+05
 23 -2.5765030495596E-22  7.8900901880193E-13 -1.7511644456514E-12  2.0387167801871E-12  1.3824000000000E+05
 24  6.5218544349568E-23  5.3535755954155E-13 -1.0323020103900E-12  1.2161964675009E-12  1.3824000000000E+05
 25  1.6649438508307E-22  8.3054184957668E-13 -1.7452501718569E-12  1.6827805942378E-12  1.3824000000000E+05
 26 -1.5787223189237E-22  3.9815813743625E-13 -7.6459978695800E-13  1.1663237359506E-12  1.3824000000000E+05
 27 -2.2903827126510E-22  8.4469593117196E-13 -1.5102729033509E-12  1.3607770134773E-12  1.3824000000000E+05
 28 -1.1960419206106E-22  4.8036741870732E-13 -1.3332201300369E-12  1.0263976860782E-12  1.3824000000000E+05
 29 -1.8394895512090E-22  7.7580416143491E-13 -1.8427573899932E-12  1.6114640403495E-12  1.3824000000000E+05
 30  2.0509005588578E-23  7.5316798751447E-13 -1.8345002770405E-12  1.5585833172728E-12  1.3824000000000E+05
 31  4.2890264206980E-22  6.7006817794912E-13 -1.3982708674808E-12  1.6181514014853E-12  1.3824000000000E+05
 32  1.9475974408732E-22  7.3715802724862E-13 -1.8734127338518E-12  1.4162221343185E-12  1.3824000000000E+05
 33 -3.4353664758468E-22  4.5269486893815E-13 -1.2631507510670E-12  1.0242890832304E-12  1.3824000000000E+05
 34 -7.2730078042472E-23  8.2462518929020E-13 -1.7951393675913E-12  1.8632505191683E-12  1.3824000000000E+05
 35  5.9410198065791E-22  4.6215026630428E-13 -1.1038935554775E-12  1.2631526094226E-12  1.3824000000000E+05
 36  2.3478651487549E-22  8.2565136155428E-13 -1.5648204203207E-12  1.6680847521856E-12  1.3824000000000E+05
 37 -4.0821341234553E-22  6.2985362856994E-13 -1.4279956086083E-12  1.2592305771441E-12  1.3824000000000E+05
 38 -8.8927006623060E-23  6.7757284022180E-13 -1.4756349674251E-12  1.2660678889838E-12  1.3824000000000E+05
 39  2.3481744438997E-22  7.6709978651277E-13 -1.4768286626210E-12  1.9863156259843E-12  1.3824000000000E+05
 40 -1.0235659017685E-22  5.5085816899135E-13 -1.1610538272786E-12  1.1631421752447E-12  1.3824000000000E+05
 41 -1.4943417156405E-22  8.8966291753069E-13 -1.9496970048656E-12  1.9753934601215E-12  1.3824000000000E+05
 42  1.9582732243865E-22  4.5472231390167E-13 -1.1128403142899E-12  1.1161837116192E-12  1.3824000000000E+05
 43 -4.3242754598430E-23  8.2592543208430E-13 -1.9874874506537E-12  1.6618046104232E-12  1.3824000000000E+05
 44 -5.2476008717364E-23  5.7840000841622E-13 -1.1431372988815E-12  1.4320649720937E-12  1.3824000000000E+05
 45  5.8870330642670E-22  7.4576268945097E-13 -1.1072710052054E-12  1.6103948996823E-12  1.3824000000000E+05
 46  4.3040353936375E-22  7.7216029226066E-13 -1.6687076062959E-12  1.6396634979979E-12  1.3824000000000E+05
 47 -5.3772373328781E-22  6.2055369814398E-13 -1.4044071907413E-12  1.1173346716811E-12  1.3824000000000E+05
 48 -2.3785363493269E-22  9.0613107356482E-13 -1.8841246089577E-12  1.5033316104244E-12  1.3824000000000E+05
 49  7.7833341813891E-22  4.5210933934059E-13 -1.0013774498364E-12  1.1877570768531E-12  1.3824000000000E+05
 50  3.1452217406670E-22  9.5074502440731E-13 -1.5550002386171E-12  2.3179267228100E-12  1.3824000000000E+05
 51 -6.8186468914016E-22  5.3321215773671E-13 -1.6488921396195E-12  9.9513053032023E-13  1.3824000000000E+05
 52 -2.0559625050944E-22  9.4081673794063E-13 -2.4231387113757E-12  1.8961772246695E-12  1.3824000000000E+05
 53  4.1328037122530E-22  7.3664765101197E-13 -1.5596092896717E-12  1.3535495694571E-12  1.3824000000000E+05
 54  3.9502953732742E-23  6.0634041329265E-13 -1.1108470517204E-12  1.5572621684992E-12  1.3824000000000E+05
 55 -1.4766645177190E-22  1.0107521228211E-12 -1.9321360893999E-12  1.8152670169558E-12  1.3824000000000E+05
 56  3.7972926879998E-22  4.2717918687077E-13 -1.1936230869421E-12  9.6011187079245E-13  1.3824000000000E+05
 57  8.9916886709071E-23  1.0657383167744E-12 -2.1054523031742E-12  2.0184955126608E-12  1.3824000000000E+05
 58 -3.1029736668624E-22  5.2426206775813E-13 -1.2513810001100E-12  1.3803111521965E-12  1.3824000000000E+05
 59  4.4256806967895E-22  9.0347327148936E-13 -1.8958089908207E-12  1.9578368662773E-12  1.3824000000000E+05
 60  6.5302253546182E-22  8.0102205429805E-13 -1.7275222414827E-12  1.7261226129533E-12  1.3824000000000E+05
 61 -6.6686838930663E-22  8.0850168815437E-13 -1.9668881940727E-12  1.3715139882078E-12  1.3824000000000E+05
 62 -5.0004277030042E-22  1.0329782954103E-12 -1.9471812222578E-12  1.7641758078808E-12  1.3824000000000E+05
 63  7.1867598221908E-22  5.4253782680606E-13 -9.5699061330483E-13  1.2502222093849E-12  1.3824000000000E+05
 64  4.9813672365796E-23  1.1029035614168E-12 -2.1629301417989E-12  2.1929461548875E-12  1.3824000000000E+05
 65 -9.7493590659387E-22  4.3631662066742E-13 -1.4483275095214E-12  9.8366463852162E-13  1.3824000000000E+05
 66  4.4387694250394E-23  1.0636406477127E-12 -2.2705290731407E-12  2.0297503457328E-12  1.3824000000000E+05
 67  7.6738400773523E-22  7.5211833806600E-13 -1.4956392025507E-12  1.9399318534412E-12  1.3824000000000E+05
 68 -1.2296122499844E-22  9.2106842780541E-13 -1.9050624656036E-12  2.3661902679329E-12  1.3824000000000E+05
 69 -3.4904166144099E-22  9.3207145708075E-13 -1.9770172174720E-12  1.7667867952649E-12  1.3824000000000E+05
 70  5.0037874820528E-22  5.6632597084528E-13 -1.4021756918398E-12  1.3996568640828E-12  1.3824000000000E+05
 71  1.7568191410675E-22  1.1476778230010E-12 -2.1982739129746E-12  2.3915577261152E-12  1.3824000000000E+05
 72 -5.3963420449696E-22  4.6526508809655E-13 -1.0021347085445E-12  1.1915612115378E-12  1.3824000000000E+05
 73  2.1724513224062E-22  1.1804276561679E-12 -2.2658471936997E-12  2.0217910773718E-12  1.3824000000000E+05
 74  5.8246507516026E-22  6.4602906634022E-13 -1.5231907641399E-12  1.4893962234750E-12  1.3824000000000E+05
 75 -5.7084627428627E-22  9.9117440701690E-13 -1.9105938963980E-12  1.9295199137786E-12  1.3824000000000E+05
 76 -3.5889681992809E-22  9.5223250846788E-13 -2.1583078471672E-12  1.8935480637593E-12  1.3824000000000E+05
 77  9.3419175012197E-22  7.7613702776766E-13 -1.2791841544861E-12  1.9547025920378E-12  1.3824000000000E+05
 78  1.7999484277482E-22  1.1986005662098E-12 -2.0548693309647E-12  2.7107217281502E-12  1.3824000000000E+05
 79 -1.0678955430568E-21  4.7913808479846E-13 -1.1978794687020E-12  1.2588935647409E-12  1.3824000000000E+05
 80  8.8029738725515E-23  1.2246833588406E-12 -2.9639660964673E-12  2.1745796636492E-12  1.3824000000000E+05
 81  1.0606615376819E-21  5.6524519162193E-13 -1.1599313363133E-12  1.4055378262840E-12  1.3824000000000E+05
 82 -2.3595402439600E-22  1.1861201464968E-12 -2.0797663925979E-12  2.6126882969334E-12  1.3824000000000E+05
 83 -7.7495617859628E-22  9.3821760545598E-13 -2.4385243699486E-12  1.6381109046354E-12  1.3824000000000E+05
 84  5.6230499207177E-22  7.7507145630760E-13 -2.2813904323223E-12  1.7470327594716E-12  1.3824000000000E+05
 85  3.4084573872034E-22  1.1408571159987E-12 -1.7919681252964E-12  2.1442094042415E-12  1.3824000000000E+05
 86 -7.4559156939049E-22  4.6154141582725E-13 -1.3352786554748E-12  1.0901255967098E-12  1.3824000000000E+05
 87  1.5199329274999E-22  1.2719053978899E-12 -2.5136525684049E-12  2.4057284637585E-12  1.3824000000000E+05
 88  7.4949693580518E-22  4.9410514623421E-13 -1.2050851790604E-12  1.1301983260627E-12  1.3824000000000E+05
 89 -5.8784298594282E-22  1.0892969497556E-12 -2.1166533880770E-12  2.2157498779798E-12  1.3824000000000E+05
 90 -6.5400929407006E-22  8.1782127558273E-13 -2.0112162898151E-12  1.4469913849543E-12  1.3824000000000E+05
 91  8.0172191909394E-22  8.5667606143955E-13 -1.7319406773615E-12  1.8875991344770E-12  1.3824000000000E+05
 92  3.7312418551355E-22  1.1946508618171E-12 -1.9356416001153E-12  2.8532881841258E-12  1.3824000000000E+05
 93 -9.7169908529452E-22  5.6830361606889E-13 -1.3518800201266E-12  1.3344511181440E-12  1.3824000000000E+05
 94 -9.6551855505886E-23  1.1815818643664E-12 -3.2587378085385E-12  1.9797824073210E-12  1.3824000000000E+05
 95  8.7597112005541E-22  3.8082636768956E-13 -1.0655244485606E-12  1.0947506575595E-12  1.3824000000000E+05
 96 -2.2972174102538E-22  1.1801864014247E-12 -1.9189696072564E-12  3.4692548484630E-12  1.3824000000000E+05
 97 -6.7500763589426E-22  7.7734247971325E-13 -1.4702425582557E-12  1.7322398023128E-12  1.3824000000000E+05
 98  6.4767758339161E-22  1.0234329797554E-12 -3.0739055693515E-12  1.9225400437896E-12  1.3824000000000E+05
 99  5.1354036369665E-22  1.0137640610207E-12 -1.9137710446507E-12  1.8972869387577E-12  1.3824000000000E+05
100 -7.2146605617581E-22  6.1323416527429E-13 -1.3227417088767E-12  1.7655372943684E-12  1.3824000000000E+05
101  9.1230893189566E-23  1.2542718369948E-12 -2.1219509311454E-12  2.3063180628088E-12  1.3824000000000E+05
102  8.7843324558433E-22  4.6520736620031E-13 -1.1692865846519E-12  1.0371806161253E-12  1.3824000000000E+05
103 -3.3844842000874E-22  1.2524726786620E-12 -2.8029670329835E-12  2.6015025153385E-12  1.3824000000000E+05
104 -5.0147420489584E-22  5.6038228421969E-13 -1.2087390330332E-12  1.2367158737783E-12  1.3824000000000E+05
105  8.2319285789549E-22  1.0929656649862E-12 -2.1400370183533E-12  2.5766707788759E-12  1.3824000000000E+05
106  2.8035393017814E-22  9.0274508545267E-13 -1.4919309246737E-12  2.3864158121702E-12  1.3824000000000E+05
107 -1.1704682479304E-21  8.6550282172965E-13 -2.1262580943635E-12  1.8887196748047E-12  1.3824000000000E+05
108 -2.2075323085842E-22  1.1928006888208E-12 -2.9578026906728E-12  1.9383170266205E-12  1.3824000000000E+05
109  1.1792092052411E-21  4.4793885525034E-13 -1.1161825617894E-12  1.0447492358284E-12  1.3824000000000E+05
110  5.1882293342073E-24  1.3323621281624E-12 -2.3513198661105E-12  3.4730200850146E-12  1.3824000000000E+05
111 -9.7753808451507E-22  5.8608508034517E-13 -1.6082003695698E-12  1.1557156351726E-12  1.3824000000000E+05
112  3.2130983617106E-22  1.1435296498597E-12 -3.2494825754411E-12  2.0808192003717E-12  1.3824000000000E+05
113  4.9872704796565E-22  9.4823577314036E-13 -1.8493761931759E-12  1.8395641078497E-12  1.3824000000000E+05
114 -5.0428721870089E-22  9.2787663692074E-13 -1.6960203450338E-12  2.5991422435899E-12  1.3824000000000E+05
115  4.9359503709018E-23  1.1268221626193E-12 -1.9302167586338E-12  3.0339649766176E-12  1.3824000000000E+05
116  5.4554871725027E-22  6.9960601047420E-13 -1.4484888606776E-12  1.6028793407636E-12  1.3824000000000E+05
117 -6.4200080198650E-22  1.2597949542384E-12 -2.8185203688767E-12  2.1600151846014E-12  1.3824000000000E+05
118 -7.1306808712689E-22  6.5398952985138E-13 -1.2957591627908E-12  1.4240090223827E-12  1.3824000000000E+05
119  7.5249067663010E-22  1.2353390893142E-12 -2.2325961144371E-12  2.9347680415694E-12  1.3824000000000E+05
120  3.9031083495881E-22  9.1850597757512E-13 -1.9467175890742E-12  1.7512657870002E-12  1.3824000000000E+05
121 -1.0046311203257E-21  1.0642393488446E-12 -2.2610904418686E-12  2.1718312704131E-12  1.3824000000000E+05
122 -1.1357856181612E-22  1.0850127322107E-12 -2.5959744980595E-12  1.8662796567982E-12  1.3824000000000E+05
123  9.8980088462136E-22  7.9201391967917E-13 -1.7935445771515E-12  1.6840898334068E-12  1.3824000000000E+05
124 -2.2325855568369E-22  1.3005328122874E-12 -2.2044204368339E-12  3.0513954695717E-12  1.3824000000000E+05
125 -8.8092644202712E-22  7.0584375275808E-13 -2.1340365819765E-12  1.1104360389670E-12  1.3824000000000E+05
126  4.8595893024774E-22  1.3106753364557E-12 -2.9545115559738E-12  2.7790088259252E-12  1.3824000000000E+05
127  6.6079060981373E-22  7.6480769662692E-13 -1.8904645456306E-12  1.5816544480551E-12  1.3824000000000E+05
128 -6.9745437168927E-22  1.1584987570593E-12 -2.6602157820073E-12  2.6414727184493E-12  1.3824000000000E+05
129 -3.1360959505390E-22  9.8246713052438E-13 -1.7345930826978E-12  2.5482566634116E-12  1.3824000000000E+05
130  6.4381752204615E-22  8.9468998423979E-13 -1.8342221671663E-12  1.9745649156676E-12  1.3824000000000E+05
131 -3.2392243129560E-22  1.2526646355490E-12 -2.9851991780676E-12  2.8923723625884E-12  1.3824000000000E+05
132 -8.8256088419499E-22  7.1675166721220E-13 -1.3244804312255E-12  1.5077893621030E-12  1.3824000000000E+05
133  4.2231591478194E-22  1.2756647128187E-12 -2.8946324692050E-12  2.6747250775178E-12  1.3824000000000E+05
134  4.0883388210495E-22  6.6231721242535E-13 -1.5197353124645E-12  1.1620251883440E-12  1.3824000000000E+05
135 -8.7706929071942E-22  1.1288883972032E-12 -2.1817315708939E-12  2.8371547017619E-12  1.3824000000000E+05
136 -2.5263296705596E-22  9.6355730559894E-13 -2.0824329559211E-12  1.9696194435691E-12  1.3824000000000E+05
137  8.7024980392387E-22  1.0290925046404E-12 -2.8025931526487E-12  2.1380304123104E-12  1.3824000000000E+05
138 -4.9140556188695E-23  1.1885571562602E-12 -2.8501329743984E-12  2.2740793180168E-12  1.3824000000000E+05
139 -6.4838023267037E-22  7.4448353280048E-13 -1.7580638597937E-12  1.5116452223782E-12  1.3824000000000E+05
140  3.9667732948786E-22  1.2139452755976E-12 -1.9783587801053E-12  3.0829247377279E-12  1.3824000000000E+05
141  4.2103530440064E-22  7.1362003718469E-13 -2.0902435682008E-12  1.6534943142710E-12  1.3824000000000E+05
142 -9.2734625510535E-22  1.3040172335396E-12 -2.9750622047310E-12  2.2015006435807E-12  1.3824000000000E+05
143 -5.8625263944495E-22  9.2936491972399E-13 -1.9056056833606E-12  2.2908031724112E-12  1.3824000000000E+05
144  7.7671469610684E-22  1.0113906842220E-12 -1.8055174640051E-12  3.0270687163354E-12  1.3824000000000E+05
145  2.0422971368777E-22  1.1649439758820E-12 -2.2793258345209E-12  3.1098951444457E-12  1.3824000000000E+05
146 -7.8036641980145E-22  6.1544011248176E-13 -1.3358498913838E-12  1.3246713904728E-12  1.3824000000000E+05
147 -1.4561730454270E-22  1.3378146564816E-12 -2.8782177181073E-12  2.6076658295950E-12  1.3824000000000E+05
148  3.9648021556079E-22  7.2799206223625E-13 -1.2476879336051E-12  1.6173910365864E-12  1.3824000000000E+05
149  1.0913347329306E-22  1.2071299382372E-12 -2.1524826422996E-12  2.3511206177777E-12  1.3824000000000E+05
150  2.4591178460913E-22  7.0798678084994E-13 -1.9597804489530E-12  1.6876659859379E-12  1.3824000000000E+05
151  2.1875093179621E-22  9.6657762415026E-13 -1.9566253251359E-12  2.1357617982650E-12  1.3824000000000E+05
152 -4.9113043316550E-22  1.0953496153206E-12 -3.0154155436826E-12  2.7021636973148E-12  1.3824000000000E+05
153 -3.2331846565363E-22  7.2756217283367E-13 -1.5927921670088E-12  1.9942999313273E-12  1.3824000000000E+05
154  4.4737271398389E-22  1.1974343648766E-12 -2.5042237466505E-12  3.3765430009315E-12  1.3824000000000E+05
155  2.0548794658992E-22  5.7442629196544E-13 -1.4934572017976E-12  1.3337881318948E-12  1.3824000000000E+05
156 -8.9890474032597E-22  1.1737225931407E-12 -3.0190834991920E-12  2.5885930997177E-12  1.3824000000000E+05
157 -9.1955074338486E-22  8.0861005606018E-13 -1.5945607436996E-12  2.3782204569615E-12  1.3824000000000E+05
158  1.1058425472195E-22  9.8314824684668E-13 -2.0031782997538E-12  2.4012772552146E-12  1.3824000000000E+05
159  3.7301224018206E-22  9.6656906581148E-13 -2.3455074020573E-12  1.7670085461386E-12  1.3824000000000E+05
160 -1.9577094698426E-22  7.2231266215155E-13 -1.5313527505339E-12  1.6193409462557E-12  1.3824000000000E+05
161 -3.8415160221748E-22  1.1374032481431E-12 -2.5599543812545E-12  1.9351762963181E-12  1.3824000000000E+05
162  1.1728780750951E-22  8.0374239875584E-13 -2.7070498133098E-12  1.9729614137026E-12  1.3824000000000E+05
163  6.1465210311946E-22  1.0658389597563E-12 -2.3668856109486E-12  2.5729042485002E-12  1.3824000000000E+05
164  6.1584885144000E-22  8.0887191507635E-13 -2.1438942777882E-12  1.7147749640607E-12  1.3824000000000E+05
165  2.8807352028513E-23  1.0011558347146E-12 -2.2090518251916E-12  2.2086685017351E-12  1.3824000000000E+05
166 -2.3167046042067E-22  9.0123336377535E-13 -1.9147471805477E-12  2.3801808689106E-12  1.3824000000000E+05
167  1.7498371970936E-22  8.8689095731846E-13 -1.8336075903884E-12  1.9144179699224E-12  1.3824000000000E+05
168  4.3663640688879E-22  9.2080367663559E-13 -2.1687211286009E-12  2.1409268280097E-12  1.3824000000000E+05
169 -1.2034530315981E-22  7.1930929799964E-13 -1.4936015539250E-12  1.2636455617838E-12  1.3824000000000E+05
170 -9.0766551374373E-22  1.1002218315488E-12 -2.3341193786282E-12  2.2512740057292E-12  1.3824000000000E+05
171 -7.1477485473171E-22  7.3978792483906E-13 -1.4648253440617E-12  1.8189172149680E-12  1.3824000000000E+05
172  4.3974542534097E-22  9.1399481603551E-13 -1.8795272047498E-12  1.7212977407098E-12  1.3824000000000E+05
173  6.9816136970812E-22  7.8021077680243E-13 -1.6540608007507E-12  2.2772157594219E-12  1.3824000000000E+05
174 -6.1088577110127E-23  8.1610678500065E-13 -1.7442948932104E-12  1.7341591505943E-12  1.3824000000000E+05
175 -5.5939109041195E-22  8.8176631273098E-13 -2.1370098338845E-12  1.3803103304712E-12  1.3824000000000E+05
176  2.8434794473329E-23  7.2654404953046E-13 -1.5458212702945E-12  1.3593879836284E-12  1.3824000000000E+05
177  9.9743624341280E-22  8.4443617350307E-13 -1.4303242271589E-12  2.6222602888333E-12  1.3824000000000E+05
178  8.6907297413448E-22  6.9270149936717E-13 -1.3526763846878E-12  1.9747724151141E-12  1.3824000000000E+05
179 -2.2068443145314E-22  8.4638998387939E-13 -2.0034530081854E-12  1.6215191878809E-12  1.3824000000000E+05
180 -8.2067828187050E-22  7.3053583663449E-13 -1.5734052395338E-12  1.4663403222736E-12  1.3824000000000E+05
181 -2.6816418045038E-22  8.1686717326002E-13 -1.9917816500470E-12  1.8561750036913E-12  1.3824000000000E+05
182  4.9527270469066E-22  7.2142023331023E-13 -1.7490563817137E-12  1.8451371872187E-12  1.3824000000000E+05
183  2.2254222815121E-22  6.5910933157585E-13 -2.0562526798947E-12  1.4917406890471E-12  1.3824000000000E+05
184 -7.7132460926936E-22  8.6064282102531E-13 -1.6748210029697E-12  1.9676044709473E-12  1.3824000000000E+05
185 -8.2799765529204E-22  6.0245538332472E-13 -1.1864979389384E-12  1.3309628634955E-12  1.3824000000000E+05
186  2.3056705158511E-22  8.4547818234556E-13 -1.7026330062998E-12  1.8702478509756E-12  1.3824000000000E+05
187  7.0983195123595E-22  6.0560212676961E-13 -1.3412414300750E-12  1.2131568745575E-12  1.3824000000000E+05
188  3.9273884560993E-23  6.5947540400151E-13 -1.2927546843739E-12  1.2734991898242E-12  1.3824000000000E+05
189 -6.7681924921775E-22  6.6572918994726E-13 -1.7564603001524E-12  1.1305747101282E-12  1.3824000000000E+05
190 -2.2214311389295E-22  7.1430157825589E-13 -1.6353229420091E-12  1.2232360778186E-12  1.3824000000000E+05
191  5.5836516835892E-22  6.6038629081576E-13 -1.3882386552310E-12  1.2719550704378E-12  1.3824000000000E+05
192  4.5456942139872E-22  6.0250348763012E-13 -1.4111610705300E-12  1.0580096584526E-12  1.3824000000000E+05
193 -2.7588597426396E-22  6.2495643920508E-13 -1.8118873546390E-12  1.2402168683848E-12  1.3824000000000E+05
194 -6.6260246292299E-22  3.8122431830680E-13 -9.7549463466259E-13  9.2509202744789E-13  1.3824000000000E+05
195 -8.1359143328221E-23  7.8942091623213E-13 -1.7082850402916E-12  1.6725046058686E-12  1.3824000000000E+05
196  5.7497229622488E-22  3.7564018364761E-13 -9.4967327513603E-13  1.0777193600805E-12  1.3824000000000E+05
197  1.6683702231783E-22  6.9510193909673E-13 -1.4098650156660E-12  1.6057755386013E-12  1.3824000000000E+05
198 -6.3555448485754E-22  4.7879908637838E-13 -1.2398557649305E-12  1.3390046068174E-12  1.3824000000000E+05
 
 field : WVEL     ; Iter =      2160 ; region #   0 ; nb.Lev = 198
 k | --   Average    -- | --   Std.Dev    -- | --     min      -- | --     max      -- | --    Vol
  0  3.1307148175591E-15  7.1382759280831E-12 -2.6391067936606E-11  2.4074794589284E-11  2.7302400000000E+07
  1  3.6500348782647E-15  3.2118116081914E-13 -1.9244234308152E-12  1.6841607199865E-12  6.9120000000000E+04
  2  3.6469188007669E-15  4.4024767273357E-12 -1.3788060949587E-11  1.2262593038099E-11  1.3824000000000E+05
  3  3.6435039656132E-15  3.9506832316347E-12 -1.0008532993358E-11  9.8162512066522E-12  1.3824000000000E+05
  4  3.6421161871146E-15  3.5577196242626E-12 -9.5342891298414E-12  8.6038490028962E-12  1.3824000000000E+05
  5  3.6412873748222E-15  4.0862075083532E-12 -1.1106882750169E-11  9.7332467459345E-12  1.3824000000000E+05
  6  3.6402593904729E-15  3.3364137742945E-12 -7.8627334228952E-12  8.7253468843457E-12  1.3824000000000E+05
  7  3.6366614452864E-15  3.7802816088772E-12 -1.0763119854290E-11  9.1664694319142E-12  1.3824000000000E+05
  8  3.6315857727299E-15  4.4717302094844E-12 -9.8082697101351E-12  9.7604907720953E-12  1.3824000000000E+05
  9  3.6298124999286E-15  4.4001521316341E-12 -1.0552285376458E-11  1.0809418635536E-11  1.3824000000000E+05
 10  3.6302750929591E-15  3.2177722568058E-12 -7.4651581047184E-12  8.6351072371153E-12  1.3824000000000E+05
 11  3.6292728081745E-15  3.8354214236641E-12 -8.4173825668830E-12  1.0481851380714E-11  1.3824000000000E+05
 12  3.6255463649686E-15  3.6981663612282E-12 -9.7590138308431E-12  7.9026357944347E-12  1.3824000000000E+05
 13  3.6184532734290E-15  3.1303072815411E-12 -8.3544146394479E-12  7.1844781731966E-12  1.3824000000000E+05
 14  3.6126194628031E-15  3.9834211121055E-12 -9.6439813015420E-12  1.0501087453184E-11  1.3824000000000E+05
 15  3.6079164348925E-15  4.3351414535701E-12 -9.4980213550985E-12  1.0630370905024E-11  1.3824000000000E+05
 16  3.6047296836707E-15  3.8580287703199E-12 -1.0773270924232E-11  8.0176101391785E-12  1.3824000000000E+05
 17  3.6060146639499E-15  3.0212454929751E-12 -8.6789775984433E-12  7.5838250504116E-12  1.3824000000000E+05
 18  3.6074024426682E-15  3.0634975338626E-12 -7.5650597169950E-12  8.0171535981534E-12  1.3824000000000E+05
 19  3.6067856521583E-15  3.3141643398566E-12 -8.0511222355220E-12  8.1466516885005E-12  1.3824000000000E+05
 20  3.6072482451630E-15  4.6005578925271E-12 -1.0925895649251E-11  1.0118044199863E-11  1.3824000000000E+05
 21  3.6098696050292E-15  5.3874147728107E-12 -1.4457629603318E-11  1.1143952605943E-11  1.3824000000000E+05
 22  3.6130563561713E-15  3.8701254251065E-12 -9.8200925274086E-12  8.3642136933874E-12  1.3824000000000E+05
 23  3.6162945066359E-15  2.6392448211148E-12 -6.7435067698032E-12  6.5340261018591E-12  1.3824000000000E+05
 24  3.6223596140289E-15  2.9219467468957E-12 -8.3457470188909E-12  6.7167446625389E-12  1.3824000000000E+05
 25  3.6287845159165E-15  3.7195037543016E-12 -9.3459903014043E-12  8.8403888452914E-12  1.3824000000000E+05
 26  3.6331534490904E-15  3.5893943204152E-12 -1.0439405361935E-11  9.4023215077332E-12  1.3824000000000E+05
 27  3.6379849751310E-15  3.4301408372175E-12 -1.1308561832488E-11  8.5913037622187E-12  1.3824000000000E+05
 28  3.6418399162411E-15  3.5665902660768E-12 -1.0287551883251E-11  8.4454124300240E-12  1.3824000000000E+05
 29  3.6443070786642E-15  3.1127190388652E-12 -8.5118606048966E-12  8.2634628148335E-12  1.3824000000000E+05
 30  3.6460546519774E-15  3.4186010325236E-12 -8.9205559005732E-12  8.2265534822733E-12  1.3824000000000E+05
 31  3.6457462565075E-15  4.4258637598014E-12 -9.4197003661311E-12  1.0261374297531E-11  1.3824000000000E+05
 32  3.6447182720519E-15  5.3759112720372E-12 -1.1379225995643E-11  1.3423952568350E-11  1.3824000000000E+05
 33  3.6374195836437E-15  5.4040387075869E-12 -1.0824346668868E-11  1.1664222865549E-11  1.3824000000000E+05
 34  3.6272425393454E-15  5.5901906691615E-12 -1.1404649190315E-11  1.0996687886336E-11  1.3824000000000E+05
 35  3.6193270603431E-15  5.5789211826987E-12 -1.3499386194383E-11  1.1834379417106E-11  1.3824000000000E+05
 36  3.6144955340584E-15  5.2231311471311E-12 -1.2272399343200E-11  1.1837222246332E-11  1.3824000000000E+05
 37  3.6111031858552E-15  5.6654657276019E-12 -1.1684438534725E-11  1.2076914295974E-11  1.3824000000000E+05
 38  3.6056548692784E-15  6.6002131709443E-12 -1.4009584875759E-11  1.5124065160889E-11  1.3824000000000E+05
 39  3.6006177464649E-15  7.1940403923705E-12 -1.6886519109089E-11  1.6116087366883E-11  1.3824000000000E+05
 40  3.5985617779101E-15  6.7043886279928E-12 -1.4638086269708E-11  1.3387000054637E-11  1.3824000000000E+05
 41  3.5988701730891E-15  6.4295560401916E-12 -1.4851293390405E-11  1.3543201414657E-11  1.3824000000000E+05
 42  3.5967114060290E-15  6.6623499920400E-12 -1.4316634981237E-11  1.7039719716192E-11  1.3824000000000E+05
 43  3.5903379035100E-15  6.9408855219537E-12 -1.5667544888173E-11  1.6615418425519E-11  1.3824000000000E+05
 44  3.5818056340137E-15  7.3053269611387E-12 -1.6184356471380E-11  1.4986181552180E-11  1.3824000000000E+05
 45  3.5691614272304E-15  7.8320473884398E-12 -1.7419494292716E-11  1.6566237852124E-11  1.3824000000000E+05
 46  3.5555920344582E-15  8.2686196973356E-12 -1.8638504681010E-11  1.9473769453039E-11  1.3824000000000E+05
 47  3.5436674166692E-15  7.6650987528706E-12 -1.7028112111325E-11  1.6002893666084E-11  1.3824000000000E+05
 48  3.5320511944207E-15  7.5482221444984E-12 -1.6860253262534E-11  1.4653176435228E-11  1.3824000000000E+05
 49  3.5231077312974E-15  8.3156105948792E-12 -1.9772901491508E-11  1.6167540183527E-11  1.3824000000000E+05
 50  3.5166314302253E-15  8.7982453893413E-12 -1.9553438186072E-11  1.7954036435021E-11  1.3824000000000E+05
 51  3.5088187495125E-15  8.7004046629108E-12 -1.7045399418522E-11  1.6721416209262E-11  1.3824000000000E+05
 52  3.4992584957333E-15  8.3984423176126E-12 -1.8223780752561E-11  1.7009658841478E-11  1.3824000000000E+05
 53  3.4895954436738E-15  8.1477697393065E-12 -1.8572046345011E-11  1.7831867359066E-11  1.3824000000000E+05
 54  3.4780820197581E-15  7.0890994116040E-12 -1.6153369332977E-11  1.4648970275937E-11  1.3824000000000E+05
 55  3.4649238208188E-15  7.0408095389745E-12 -1.5154795120334E-11  1.4053141974788E-11  1.3824000000000E+05
 56  3.4518684203924E-15  8.3137865857351E-12 -1.8645180246004E-11  1.8381607253644E-11  1.3824000000000E+05
 57  3.4394298106676E-15  9.0445385749197E-12 -2.0475786558181E-11  1.8688788169616E-11  1.3824000000000E+05
 58  3.4304863473888E-15  8.7581958101651E-12 -1.8598551906607E-11  1.7078167063026E-11  1.3824000000000E+05
 59  3.4227764649483E-15  8.6806018884447E-12 -1.9798718351534E-11  1.6217107611344E-11  1.3824000000000E+05
 60  3.4137302029490E-15  8.9280654641117E-12 -1.9569167605642E-11  2.0269441307035E-11  1.3824000000000E+05
 61  3.4028335696283E-15  8.5513894045908E-12 -1.7874900091786E-11  1.8273680609770E-11  1.3824000000000E+05
 62  3.3907033553996E-15  8.9909929320881E-12 -1.8804335039707E-11  1.6115294464900E-11  1.3824000000000E+05
 63  3.3876194025754E-15  1.0063918817527E-11 -2.1487796011651E-11  1.9905578447197E-11  1.3824000000000E+05
 64  3.3921425331687E-15  1.0523920798187E-11 -2.1850618010171E-11  2.2259023656575E-11  1.3824000000000E+05
 65  3.3921425330662E-15  9.9313264787706E-12 -2.0623758383570E-11  1.9295340556765E-11  1.3824000000000E+05
 66  3.3933761144232E-15  9.7587760847406E-12 -1.9741560034332E-11  1.8103164598218E-11  1.3824000000000E+05
 67  3.4044783448964E-15  1.0414577242474E-11 -2.3158074224861E-11  2.0000738409629E-11  1.3824000000000E+05
 68  3.4133190095495E-15  1.0468469224580E-11 -2.2044511729671E-11  1.9348235204435E-11  1.3824000000000E+05
 69  3.4219540770978E-15  1.0733229784292E-11 -2.3704468406248E-11  1.9625548280174E-11  1.3824000000000E+05
 70  3.4318227260144E-15  1.1228400578707E-11 -2.3097759891987E-11  2.2050031168213E-11  1.3824000000000E+05
 71  3.4458033123916E-15  1.1223817163967E-11 -2.3251412438784E-11  2.2133498035175E-11  1.3824000000000E+05
 72  3.4659518044236E-15  1.0560795651318E-11 -2.1504783611077E-11  1.8001477717361E-11  1.3824000000000E+05
 73  3.4823995526628E-15  1.0934213255841E-11 -2.3364930525487E-11  1.8446429585694E-11  1.3824000000000E+05
 74  3.4986417039708E-15  1.2281575599359E-11 -2.4100306875500E-11  2.4074794589284E-11  1.3824000000000E+05
 75  3.5140614682262E-15  1.2583747219903E-11 -2.3426435860838E-11  2.3110526091276E-11  1.3824000000000E+05
 76  3.5253692955920E-15  1.2309334755620E-11 -2.3302411812876E-11  2.0944363685220E-11  1.3824000000000E+05
 77  3.5292756358744E-15  1.2057050467369E-11 -2.5446543577593E-11  2.0528489524789E-11  1.3824000000000E+05
 78  3.5247525046484E-15  1.1655900441039E-11 -2.6391067936606E-11  2.1117825300632E-11  1.3824000000000E+05
 79  3.5192013893265E-15  1.0685866665405E-11 -2.4618134137215E-11  2.0406628077284E-11  1.3824000000000E+05
 80  3.5150894525307E-15  1.0803338400575E-11 -2.2492208015988E-11  2.0162329752834E-11  1.3824000000000E+05
 81  3.5113887094799E-15  1.1520563532450E-11 -2.3286333826242E-11  2.1311937328966E-11  1.3824000000000E+05
 82  3.5134446778870E-15  1.0918321893839E-11 -2.1833789512344E-11  1.9439101206635E-11  1.3824000000000E+05
 83  3.5241357138841E-15  9.9596214923762E-12 -2.1937332376140E-11  1.8772498914131E-11  1.3824000000000E+05
 84  3.5325651847397E-15  9.4873309095536E-12 -2.0921206301924E-11  1.6501275857276E-11  1.3824000000000E+05
 85  3.5374995095107E-15  9.1850295464693E-12 -1.9627891630139E-11  1.7688345246083E-11  1.3824000000000E+05
 86  3.5440786092126E-15  8.5800937573116E-12 -1.8669159897903E-11  1.6588677395018E-11  1.3824000000000E+05
 87  3.5520968864692E-15  9.2652422940792E-12 -2.1692372304658E-11  1.7415215648952E-11  1.3824000000000E+05
 88  3.5529192735343E-15  9.8260648065121E-12 -2.3689019566655E-11  1.8264761210142E-11  1.3824000000000E+05
 89  3.5399666715682E-15  8.9471402233855E-12 -2.1446197394935E-11  1.7156292890200E-11  1.3824000000000E+05
 90  3.5192013894353E-15  8.1618212127569E-12 -1.9111306871580E-11  1.5419065284672E-11  1.3824000000000E+05
 91  3.4965857354845E-15  8.7717218969039E-12 -2.0228742820166E-11  1.6753999384071E-11  1.3824000000000E+05
 92  3.4838387301982E-15  9.6841305525277E-12 -2.1726097994776E-11  1.9458951086303E-11  1.3824000000000E+05
 93  3.4828107455248E-15  9.4228315216036E-12 -2.0748757368088E-11  1.7797064400548E-11  1.3824000000000E+05
 94  3.4834275360396E-15  9.3172640241981E-12 -2.0083969138850E-11  1.8664381582392E-11  1.3824000000000E+05
 95  3.4865114890898E-15  9.3484577484247E-12 -1.9860272893654E-11  1.8046471899910E-11  1.3824000000000E+05
 96  3.4914458136636E-15  8.9317044926309E-12 -1.9440933320024E-11  1.8825781334105E-11  1.3824000000000E+05
 97  3.4943241693071E-15  8.8862584126104E-12 -1.9704803596812E-11  1.8148257992500E-11  1.3824000000000E+05
 98  3.4969969281442E-15  9.2907378019529E-12 -2.0834870691226E-11  1.6765197305930E-11  1.3824000000000E+05
 99  3.4898010381695E-15  9.5080572747849E-12 -2.0407559339190E-11  1.8242174300047E-11  1.3824000000000E+05
100  3.4791100017489E-15  8.6958041911491E-12 -1.8859118328760E-11  1.7376819496039E-11  1.3824000000000E+05
101  3.4743812740609E-15  8.9023086761028E-12 -1.9744596938801E-11  1.8354217414303E-11  1.3824000000000E+05
102  3.4686245620160E-15  9.6601707626442E-12 -2.1270300985221E-11  1.7832896751587E-11  1.3824000000000E+05
103  3.4651294155219E-15  9.4760642202686E-12 -2.0841506395389E-11  2.0056008560513E-11  1.3824000000000E+05
104  3.4655406094225E-15  9.1183414937030E-12 -1.9784780612883E-11  1.7812578884388E-11  1.3824000000000E+05
105  3.4712973215039E-15  9.9631992963764E-12 -2.0453742333855E-11  1.9092427319332E-11  1.3824000000000E+05
106  3.4817827611264E-15  1.0868764440382E-11 -2.2405173024842E-11  2.0745683904871E-11  1.3824000000000E+05
107  3.4922682007922E-15  1.0327199375398E-11 -2.2633616143369E-11  2.1102306788839E-11  1.3824000000000E+05
108  3.4972025254777E-15  9.8329105194082E-12 -2.1005594061176E-11  1.8563033620696E-11  1.3824000000000E+05
109  3.4943241695595E-15  1.0018040300434E-11 -1.9535437617841E-11  1.9681410217324E-11  1.3824000000000E+05
110  3.4918570072272E-15  1.0174509185569E-11 -1.9956153248616E-11  1.9751331816517E-11  1.3824000000000E+05
111  3.4865114887819E-15  1.0471141239095E-11 -2.2159604112682E-11  2.1046558171362E-11  1.3824000000000E+05
112  3.4735588866608E-15  1.0702815947131E-11 -2.3245173504144E-11  2.0399935355846E-11  1.3824000000000E+05
113  3.4571111380827E-15  1.0108370657045E-11 -2.1156530603581E-11  1.9820600793616E-11  1.3824000000000E+05
114  3.4488872638530E-15  8.8998418771902E-12 -1.9184716609997E-11  1.8454347382122E-11  1.3824000000000E+05
115  3.4458033110562E-15  9.0800321177692E-12 -2.0211705824037E-11  1.8205566772032E-11  1.3824000000000E+05
116  3.4359346620587E-15  9.4817840520933E-12 -1.9556188234780E-11  1.9031449163923E-11  1.3824000000000E+05
117  3.4108518456817E-15  8.8859874592439E-12 -1.7786467939820E-11  1.9692905727245E-11  1.3824000000000E+05
118  3.3771339613415E-15  7.5653510742563E-12 -1.7398282956245E-11  1.7714312721397E-11  1.3824000000000E+05
119  3.3442384643491E-15  7.4399135710733E-12 -1.5913211713731E-11  1.6535712663326E-11  1.3824000000000E+05
120  3.3018855120718E-15  8.1871390525557E-12 -1.6575260821955E-11  1.6268516237575E-11  1.3824000000000E+05
121  3.2550094289628E-15  8.4489516363653E-12 -1.5868827217741E-11  1.8240295141900E-11  1.3824000000000E+05
122  3.2138900576962E-15  8.5598576631091E-12 -1.8112692112456E-11  1.7856459105910E-11  1.3824000000000E+05
123  3.1892184348453E-15  8.3437501986757E-12 -1.7887817105580E-11  1.6260528368499E-11  1.3824000000000E+05
124  3.1809945606820E-15  8.2966056985483E-12 -1.6720423097643E-11  1.8525700435175E-11  1.3824000000000E+05
125  3.1830505294172E-15  8.3699886425223E-12 -1.9625961506118E-11  2.1142331368844E-11  1.3824000000000E+05
126  3.1929191786329E-15  8.3891118139615E-12 -1.9674047677405E-11  1.7169360385613E-11  1.3824000000000E+05
127  3.2101893145577E-15  7.8561618325762E-12 -1.8525256661834E-11  1.5116935529970E-11  1.3824000000000E+05
128  3.2245810944915E-15  7.1353526387905E-12 -1.9125197266930E-11  1.5321436189322E-11  1.3824000000000E+05
129  3.2426736178681E-15  7.5950204242044E-12 -1.9853267237252E-11  1.6279351181491E-11  1.3824000000000E+05
130  3.2648780783353E-15  8.0717976936501E-12 -1.9430828629214E-11  1.6641979148901E-11  1.3824000000000E+05
131  3.2903720884702E-15  7.9057848955784E-12 -1.5657964375025E-11  1.5309485452870E-11  1.3824000000000E+05
132  3.3224451980728E-15  7.1197420350421E-12 -1.6413209813307E-11  1.5986562435651E-11  1.3824000000000E+05
133  3.3573966638348E-15  7.3947940833939E-12 -1.6970905072240E-11  1.4980283041697E-11  1.3824000000000E+05
134  3.3935817108669E-15  7.9188660413685E-12 -1.6274580334139E-11  1.5157427474356E-11  1.3824000000000E+05
135  3.4293555640586E-15  8.1437588049725E-12 -1.7630551666389E-11  1.8675308498840E-11  1.3824000000000E+05
136  3.4651294169802E-15  8.0652290555667E-12 -1.9473870588711E-11  1.9047251806829E-11  1.3824000000000E+05
137  3.4840443276891E-15  7.6428196614852E-12 -1.7031310061193E-11  1.4819135595826E-11  1.3824000000000E+05
138  3.4873338775528E-15  7.5665608707082E-12 -1.5827778943330E-11  1.5802678415284E-11  1.3824000000000E+05
139  3.4828107468965E-15  7.3878870449896E-12 -1.9356877385212E-11  1.5607452325686E-11  1.3824000000000E+05
140  3.4700637417408E-15  7.5163025482178E-12 -2.0832320703677E-11  1.4897376912604E-11  1.3824000000000E+05
141  3.4384018257015E-15  7.0968372940450E-12 -1.5401780272736E-11  1.5086856760659E-11  1.3824000000000E+05
142  3.3935817109569E-15  6.0291598771355E-12 -1.4600097340856E-11  1.4684580468800E-11  1.3824000000000E+05
143  3.3446496592171E-15  5.3419230208502E-12 -1.6242640040971E-11  1.2399985986913E-11  1.3824000000000E+05
144  3.2994183508688E-15  5.2272377337274E-12 -1.4667127340177E-11  1.1619213338673E-11  1.3824000000000E+05
145  3.2657004663686E-15  5.8155457823495E-12 -1.5299659341549E-11  1.1801682352106E-11  1.3824000000000E+05
146  3.2315713880642E-15  5.6387263228346E-12 -1.2826415630050E-11  1.3037397651797E-11  1.3824000000000E+05
147  3.1949751476306E-15  5.6850476326114E-12 -1.2809246820657E-11  1.3253200222963E-11  1.3824000000000E+05
148  3.1587901010230E-15  5.4141430351832E-12 -1.2355729504922E-11  1.1314279168392E-11  1.3824000000000E+05
149  3.1168483424281E-15  5.0531231078960E-12 -1.1334831060651E-11  1.1628341756809E-11  1.3824000000000E+05
150  3.0716170340288E-15  5.2207267004921E-12 -1.3026486173961E-11  1.3501154347338E-11  1.3824000000000E+05
151  3.0300864690576E-15  5.5817484363743E-12 -1.2409959992922E-11  1.5376349782985E-11  1.3824000000000E+05
152  2.9930790350784E-15  5.4645416758916E-12 -1.2465135952786E-11  1.3293851499685E-11  1.3824000000000E+05
153  2.9531932451236E-15  4.5883769223372E-12 -1.2727628680797E-11  1.2861275027940E-11  1.3824000000000E+05
154  2.9128962612903E-15  4.6144183719139E-12 -1.5138865481223E-11  1.0997829093371E-11  1.3824000000000E+05
155  2.8861686698087E-15  5.0122561508924E-12 -1.0660426265074E-11  1.2574779392919E-11  1.3824000000000E+05
156  2.8709545023616E-15  4.8322978775201E-12 -1.1949580872279E-11  1.2181590070989E-11  1.3824000000000E+05
157  2.8582074973701E-15  4.0437602085486E-12 -1.0182258239173E-11  1.1437528441064E-11  1.3824000000000E+05
158  2.8466940734948E-15  3.9243646404204E-12 -1.1253098062761E-11  9.5570207761482E-12  1.3824000000000E+05
159  2.8318910997432E-15  4.5477291554097E-12 -1.2506668113171E-11  1.0640155590193E-11  1.3824000000000E+05
160  2.8068082832266E-15  4.6140999680726E-12 -1.3334077559429E-11  1.0293512924100E-11  1.3824000000000E+05
161  2.7854262103428E-15  4.6256107393180E-12 -1.3017880292318E-11  1.1340326107417E-11  1.3824000000000E+05
162  2.7755575615113E-15  4.3229640749102E-12 -1.3373714250936E-11  9.4169427507099E-12  1.3824000000000E+05
163  2.7438956458123E-15  4.2689894479089E-12 -1.0951050802412E-11  1.0186168280779E-11  1.3824000000000E+05
164  2.6859173323288E-15  3.9968827138125E-12 -1.0733319541166E-11  1.0216411817360E-11  1.3824000000000E+05
165  2.6332845370943E-15  4.1182109843959E-12 -9.3892866130509E-12  1.5020101261767E-11  1.3824000000000E+05
166  2.5790069671123E-15  4.0325677160726E-12 -9.4619721444928E-12  1.2556255962982E-11  1.3824000000000E+05
167  2.5169167164869E-15  3.2397287401124E-12 -8.3896086372213E-12  8.7951576928336E-12  1.3824000000000E+05
168  2.4663398895326E-15  3.0333152194121E-12 -7.0793057926067E-12  9.2419718339471E-12  1.3824000000000E+05
169  2.4239869367007E-15  3.5493432633630E-12 -9.0884918049334E-12  9.6314814826008E-12  1.3824000000000E+05
170  2.3705317538561E-15  3.5922893136632E-12 -1.0619785708599E-11  9.4903532518573E-12  1.3824000000000E+05
171  2.3178989587775E-15  2.9321448922485E-12 -6.8857014603032E-12  9.3432299651932E-12  1.3824000000000E+05
172  2.2755460065548E-15  3.0425195167823E-12 -7.5260791898612E-12  9.8437633443792E-12  1.3824000000000E+05
173  2.2257915671940E-15  3.4757498173602E-12 -9.3978325369512E-12  8.6187581601918E-12  1.3824000000000E+05
174  2.1752147404059E-15  3.6261197975707E-12 -1.1132453557561E-11  8.4765901395948E-12  1.3824000000000E+05
175  2.1271050762288E-15  3.1096278423880E-12 -7.3281592626695E-12  1.0403634902231E-11  1.3824000000000E+05
176  2.0773506374275E-15  2.4707690004394E-12 -5.7639852657276E-12  9.1087329832676E-12  1.3824000000000E+05
177  2.0382872349494E-15  2.7560154068143E-12 -6.7059303911006E-12  6.2064604712871E-12  1.3824000000000E+05
178  2.0070365126165E-15  2.7366910324117E-12 -7.6360046069075E-12  6.7064916891957E-12  1.3824000000000E+05
179  1.9737298216650E-15  2.8344495209692E-12 -8.3334405453994E-12  8.4364145238822E-12  1.3824000000000E+05
180  1.9367223876364E-15  2.4326380148213E-12 -8.3973502924570E-12  6.6620022240407E-12  1.3824000000000E+05
181  1.9050604719407E-15  2.0777119993941E-12 -5.0840610185184E-12  5.6802488933320E-12  1.3824000000000E+05
182  1.8676418438620E-15  2.6219380894084E-12 -6.0552657574799E-12  7.3258530232069E-12  1.3824000000000E+05
183  1.8174762104371E-15  3.0057068078697E-12 -6.8323716484996E-12  9.8805901452419E-12  1.3824000000000E+05
184  1.7730672892780E-15  2.4767553687194E-12 -5.9492924033371E-12  8.0463446712432E-12  1.3824000000000E+05
185  1.7278359811303E-15  1.7838261580004E-12 -6.3847505672131E-12  5.4201090621511E-12  1.3824000000000E+05
186  1.6735584113723E-15  2.3101494004734E-12 -5.8391323517785E-12  6.5266569476289E-12  1.3824000000000E+05
187  1.5995435430648E-15  2.5140274412686E-12 -7.5247548238867E-12  5.2087693793396E-12  1.3824000000000E+05
188  1.5033242140472E-15  2.6937556350836E-12 -1.0434656058285E-11  5.4257509715541E-12  1.3824000000000E+05
189  1.3881899745063E-15  2.2697837668037E-12 -7.5578658956272E-12  7.0413208761977E-12  1.3824000000000E+05
190  1.2578415678977E-15  1.6841332256575E-12 -5.0734798106815E-12  4.3739286195087E-12  1.3824000000000E+05
191  1.1316050981961E-15  2.0053103818684E-12 -4.9574360602503E-12  4.7685395005666E-12  1.3824000000000E+05
192  1.0024902720907E-15  1.2967594210654E-12 -3.3755640375921E-12  3.5031706729352E-12  1.3824000000000E+05
193  8.6474037802201E-16  1.7279757526679E-12 -3.5130878277386E-12  4.5219849046895E-12  1.3824000000000E+05
194  7.2000019122317E-16  1.7158431370424E-12 -3.1359227191269E-12  3.9921449932157E-12  1.3824000000000E+05
195  5.8019432911599E-16  1.5013563836702E-12 -3.1095669845495E-12  3.1992999141812E-12  1.3824000000000E+05
196  4.4038846670076E-16  1.3352709268432E-12 -2.9109475970666E-12  2.4754923908571E-12  1.3824000000000E+05
197  2.9112514859686E-16  8.7066487386793E-13 -2.2796616880076E-12  2.0521708715183E-12  1.3824000000000E+05
198  1.4474018667484E-16  1.1903510661117E-12 -2.5540786938638E-12  2.8869780832530E-12  1.3824000000000E+05
 
 field : THETA    ; Iter =      2160 ; region #   0 ; nb.Lev = 198
 k | --   Average    -- | --   Std.Dev    -- | --     min      -- | --     max      -- | --    Vol
  0  6.8171144830035E-02  9.2369938969510E-01 -1.8330088838516E+00  7.9351371846254E-01  2.7371520000000E+07
  1 -1.8310366423617E+00  1.1914326928236E-03 -1.8330088838516E+00 -1.8288877523951E+00  1.3824000000000E+05
  2 -1.8306924014906E+00  1.2171118886033E-03 -1.8327067368173E+00 -1.8284973924889E+00  1.3824000000000E+05
  3 -1.8299965516371E+00  1.2690507154501E-03 -1.8320963065267E+00 -1.8277084942237E+00  1.3824000000000E+05
  4 -1.8289341862382E+00  1.3483490880567E-03 -1.8311650345983E+00 -1.8265046262357E+00  1.3824000000000E+05
  5 -1.8274825372462E+00  1.4565075595329E-03 -1.8298933910814E+00 -1.8248609680970E+00  1.3824000000000E+05
  6 -1.8256105338957E+00  1.5952566017272E-03 -1.8282541058146E+00 -1.8227441372383E+00  1.3824000000000E+05
  7 -1.8232782929718E+00  1.7663425287739E-03 -1.8262112451107E+00 -1.8201120142263E+00  1.3824000000000E+05
  8 -1.8204366030551E+00  1.9712809287849E-03 -1.8237192163353E+00 -1.8169136100064E+00  1.3824000000000E+05
  9 -1.8170264747329E+00  2.2110911251672E-03 -1.8207217976464E+00 -1.8130890242719E+00  1.3824000000000E+05
 10 -1.8129788342708E+00  2.4860274488153E-03 -1.8171513004623E+00 -1.8085695463947E+00  1.3824000000000E+05
 11 -1.8082144390541E+00  2.7953252557813E-03 -1.8129279769771E+00 -1.8032779490133E+00  1.3824000000000E+05
 12 -1.8026440887314E+00  3.1369806429650E-03 -1.8079597831753E+00 -1.7971290192546E+00  1.3824000000000E+05
 13 -1.7961691961533E+00  3.5075827079830E-03 -1.8021425984291E+00 -1.7900303637282E+00  1.3824000000000E+05
 14 -1.7886827669396E+00  3.9022157814520E-03 -1.7953609854021E+00 -1.7818835111605E+00  1.3824000000000E+05
 15 -1.7800708162533E+00  4.3144458837722E-03 -1.7874895486649E+00 -1.7725853213706E+00  1.3824000000000E+05
 16 -1.7702142269601E+00  4.7364012878700E-03 -1.7783949178672E+00 -1.7620296920155E+00  1.3824000000000E+05
 17 -1.7589910260824E+00  5.1589511398907E-03 -1.7679383429818E+00 -1.7501095361279E+00  1.3824000000000E+05
 18 -1.7462790279770E+00  5.5719794153010E-03 -1.7559788472791E+00 -1.7367189851019E+00  1.3824000000000E+05
 19 -1.7319587649415E+00  5.9647441055623E-03 -1.7423768411941E+00 -1.7217557546863E+00  1.3824000000000E+05
 20 -1.7159166010986E+00  6.3263044170518E-03 -1.7269980605013E+00 -1.7051235969812E+00  1.3824000000000E+05
 21 -1.6980479055276E+00  6.6459923247219E-03 -1.7097176587321E+00 -1.6867347505496E+00  1.3824000000000E+05
 22 -1.6782601475882E+00  6.9138998414830E-03 -1.6904242599408E+00 -1.6665122945349E+00  1.3824000000000E+05
 23 -1.6564757726844E+00  7.1213504466108E-03 -1.6690237665139E+00 -1.6443923117878E+00  1.3824000000000E+05
 24 -1.6326347212238E+00  7.2613225948660E-03 -1.6454427196058E+00 -1.6203257707887E+00  1.3824000000000E+05
 25 -1.6066964673969E+00  7.3287954449718E-03 -1.6196310276269E+00 -1.5942800465315E+00  1.3824000000000E+05
 26 -1.5786414770075E+00  7.3209916568884E-03 -1.5915639102896E+00 -1.5662400160145E+00  1.3824000000000E+05
 27 -1.5484720135500E+00  7.2374991529195E-03 -1.5612429499606E+00 -1.5362086836941E+00  1.3824000000000E+05
 28 -1.5162122569946E+00  7.0802623834564E-03 -1.5286961951759E+00 -1.5042073149618E+00  1.3824000000000E+05
 29 -1.4819077377836E+00  6.8534431797315E-03 -1.4939773189461E+00 -1.4702750799604E+00  1.3824000000000E+05
 30 -1.4456241265517E+00  6.5631608564032E-03 -1.4571638922271E+00 -1.4344682342651E+00  1.3824000000000E+05
 31 -1.4074454552752E+00  6.2171298850328E-03 -1.4183548859744E+00 -1.3968588855173E+00  1.3824000000000E+05
 32 -1.3674718753729E+00  5.8242205519818E-03 -1.3776675593664E+00 -1.3575334145490E+00  1.3824000000000E+05
 33 -1.3258170806758E+00  5.3939728599440E-03 -1.3352339237523E+00 -1.3165906346352E+00  1.3824000000000E+05
 34 -1.2826055367351E+00  4.9360962142902E-03 -1.2911969896046E+00 -1.2741397823377E+00  1.3824000000000E+05
 35 -1.2379696619962E+00  4.4599871538279E-03 -1.2457070065057E+00 -1.2302984374561E+00  1.3824000000000E+05
 36 -1.1920471010352E+00  3.9742946442397E-03 -1.1989178945914E+00 -1.1851904677369E+00  1.3824000000000E+05
 37 -1.1449782161461E+00  3.4865577146768E-03 -1.1509840416812E+00 -1.1389440865419E+00  1.3824000000000E+05
 38 -1.0969039024831E+00  3.0029340439875E-03 -1.1020576062603E+00 -1.0916900992753E+00  1.3824000000000E+05
 39 -1.0479638055008E+00  2.5280311065762E-03 -1.0522864257056E+00 -1.0435603979696E+00  1.3824000000000E+05
 40 -9.9829498964011E-01  2.0648443251141E-03 -1.0018125850730E+00 -9.9468674421489E-01  1.3824000000000E+05
 41 -9.4803107614455E-01  1.6147998986126E-03 -9.5077165752449E-01 -9.4519985987305E-01  1.3824000000000E+05
 42 -8.9730183752952E-01  1.1778941478421E-03 -8.9929258587408E-01 -8.9522882403625E-01  1.3824000000000E+05
 43 -8.4623320827553E-01  7.5291730700778E-04 -8.4749813791004E-01 -8.4490075476830E-01  1.3824000000000E+05
 44 -7.9494764719962E-01  3.3775788935385E-04 -7.9550583760212E-01 -7.9434073643655E-01  1.3824000000000E+05
 45 -7.4356476773692E-01  7.0821155061866E-05 -7.4367193885413E-01 -7.4342925095330E-01  1.3824000000000E+05
 46 -6.9220213877054E-01  4.7452802529014E-04 -6.9301586370476E-01 -6.9137948958775E-01  1.3824000000000E+05
 47 -6.4097615110300E-01  8.7721557142771E-04 -6.4249264755421E-01 -6.3946678697702E-01  1.3824000000000E+05
 48 -5.9000284331119E-01  1.2809374184308E-03 -5.9222134889021E-01 -5.8780200189098E-01  1.3824000000000E+05
 49 -5.3939858547632E-01  1.6872083881642E-03 -5.4232014983699E-01 -5.3649791017031E-01  1.3824000000000E+05
 50 -4.8928052982087E-01  2.0964949797546E-03 -4.9290641049904E-01 -4.8567015968302E-01  1.3824000000000E+05
 51 -4.3976675309567E-01  2.5080195462609E-03 -4.4409652528297E-01 -4.3543778342285E-01  1.3824000000000E+05
 52 -3.9097603591068E-01  2.9196525491808E-03 -3.9600554519688E-01 -3.8592319181490E-01  1.3824000000000E+05
 53 -3.4302724813629E-01  3.3278962333207E-03 -3.4874654718204E-01 -3.3725159650911E-01  1.3824000000000E+05
 54 -2.9603833583589E-01  3.7279626420318E-03 -3.0242975002736E-01 -2.8954985317548E-01  1.3824000000000E+05
 55 -2.5012493252750E-01  4.1139439236840E-03 -2.5716139520508E-01 -2.4294474844166E-01  1.3824000000000E+05
 56 -2.0539864434174E-01  4.4790671511678E-03 -2.1304242896171E-01 -1.9756079415622E-01  1.3824000000000E+05
 57 -1.6196508317113E-01  4.8160201052645E-03 -1.7016703802712E-01 -1.5351762820732E-01  1.3824000000000E+05
 58 -1.1992174252093E-01  5.1173291806667E-03 -1.2862110435781E-01 -1.1092715260939E-01  1.3824000000000E+05
 59 -7.9355825938491E-02  5.3757662671489E-03 -8.8480653502438E-02 -6.9890563860818E-02  1.3824000000000E+05
 60 -4.0342146353248E-02  5.5847585992823E-03 -4.9810375867782E-02 -3.0495445387354E-02  1.3824000000000E+05
 61 -2.9412155611459E-03  5.7387745381149E-03 -1.2662299947800E-02  7.1869045397533E-03  1.3824000000000E+05
 62  3.2802363883660E-02  5.8336592739530E-03  2.2925308558264E-02  4.3103744557677E-02  1.3824000000000E+05
 63  6.6861106663348E-02  5.8668975592478E-03  5.6928757574790E-02  7.7222617338334E-02  1.3824000000000E+05
 64  9.9225376114104E-02  5.8377856173646E-03  8.9339399039919E-02  1.0953241912341E-01  1.3824000000000E+05
 65  1.2990358906844E-01  5.7475009395532E-03  1.2016372536649E-01  1.4004373857905E-01  1.3824000000000E+05
 66  1.5892187389224E-01  5.5990662159879E-03  1.4942307734632E-01  1.6878843716839E-01  1.3824000000000E+05
 67  1.8632319235442E-01  5.3972114673144E-03  1.7715296845809E-01  1.9581849029338E-01  1.3824000000000E+05
 68  2.1216596564314E-01  5.1481458319923E-03  2.0340204954447E-01  2.2120415339979E-01  1.3824000000000E+05
 69  2.3652227116166E-01  4.8592567456922E-03  2.2823075499904E-01  2.4503155647356E-01  1.3824000000000E+05
 70  2.5947569786062E-01  4.5387588691465E-03  2.5170968590800E-01  2.6739986082041E-01  1.3824000000000E+05
 71  2.8111896244081E-01  4.1953177123196E-03  2.7391779616607E-01  2.8841813162837E-01  1.3824000000000E+05
 72  3.0155139604003E-01  3.8376733152290E-03  2.9494045392742E-01  3.0820208748684E-01  1.3824000000000E+05
 73  3.2087641088658E-01  3.4742876650305E-03  3.1486745266550E-01  3.2687088390858E-01  1.3824000000000E+05
 74  3.3919904936377E-01  3.1130360428916E-03  3.3379104372289E-01  3.4454407315529E-01  1.3824000000000E+05
 75  3.5662370501604E-01  2.7609576513764E-03  3.5180405599881E-01  3.6133885933123E-01  1.3824000000000E+05
 76  3.7325208766321E-01  2.4240752354304E-03  3.6899815900382E-01  3.7736773844303E-01  1.3824000000000E+05
 77  3.8918148463188E-01  2.1072875410681E-03  3.8546231378854E-01  3.9273658082998E-01  1.3824000000000E+05
 78  4.0450334887770E-01  1.8143329130073E-03  4.0128144316967E-01  4.0754318090393E-01  1.3824000000000E+05
 79  4.1930222407638E-01  1.5478175555333E-03  4.1653533919447E-01  4.2187626904423E-01  1.3824000000000E+05
 80  4.3365499799108E-01  1.3092982861113E-03  4.3129781280444E-01  4.3581495475285E-01  1.3824000000000E+05
 81  4.4763045964473E-01  1.0994071633411E-03  4.4563607895663E-01  4.4942855013923E-01  1.3824000000000E+05
 82  4.6128912373236E-01  9.1800421063789E-04  4.5961036063361E-01  4.6277670911723E-01  1.3824000000000E+05
 83  4.7468327762428E-01  7.6434446093499E-04  4.7327368762646E-01  4.7590981039148E-01  1.3824000000000E+05
 84  4.8785720221576E-01  6.3724656851445E-04  4.8667186091642E-01  4.8886951086938E-01  1.3824000000000E+05
 85  5.0084751747119E-01  5.3525208705981E-04  4.9984355092527E-01  5.0168939969558E-01  1.3824000000000E+05
 86  5.1368360628086E-01  4.5676697992713E-04  5.1282049769393E-01  5.1439569056341E-01  1.3824000000000E+05
 87  5.2638807555668E-01  4.0017981434245E-04  5.2562778289895E-01  5.2700790016085E-01  1.3824000000000E+05
 88  5.3897722064221E-01  3.6395352347056E-04  5.3828414714630E-01  5.3953947245067E-01  1.3824000000000E+05
 89  5.5146146740954E-01  3.4668852235559E-04  5.5080233074860E-01  5.5199832099073E-01  1.3824000000000E+05
 90  5.6384577521390E-01  3.4715419714113E-04  5.6318942172670E-01  5.6438727389379E-01  1.3824000000000E+05
 91  5.7612999260433E-01  3.6428711777444E-04  5.7544720062245E-01  5.7670441769824E-01  1.3824000000000E+05
 92  5.8830916585928E-01  3.9716027362214E-04  5.8757247743857E-01  5.8894334693582E-01  1.3824000000000E+05
 93  6.0037380762919E-01  4.4493281637720E-04  5.9955742124966E-01  6.0109333523516E-01  1.3824000000000E+05
 94  6.1231013890542E-01  5.0678854937954E-04  6.1138988743570E-01  6.1313945115288E-01  1.3824000000000E+05
 95  6.2410032194956E-01  5.8186789473366E-04  6.2305375083114E-01  6.2506264740693E-01  1.3824000000000E+05
 96  6.3572270453121E-01  6.6919721348779E-04  6.3452925518389E-01  6.3683985561485E-01  1.3824000000000E+05
 97  6.4715209672409E-01  7.6762070374842E-04  6.4579339008472E-01  6.4844411987981E-01  1.3824000000000E+05
 98  6.5836010056124E-01  8.7574102569708E-04  6.5682030594956E-01  6.5984480148075E-01  1.3824000000000E+05
 99  6.6931551009174E-01  9.9187469599397E-04  6.6758177578614E-01  6.7100788344779E-01  1.3824000000000E+05
100  6.7998479495033E-01  1.1140274629088E-03  6.7804770949612E-01  6.8189639797289E-01  1.3824000000000E+05
101  6.9033267468470E-01  1.2398935352804E-03  6.8818672257459E-01  6.9247099159322E-01  1.3824000000000E+05
102  7.0032278412790E-01  1.3668809446422E-03  6.9796675655586E-01  7.0269063324329E-01  1.3824000000000E+05
103  7.0991842249982E-01  1.4921634268956E-03  7.0735574374733E-01  7.1251345913767E-01  1.3824000000000E+05
104  7.1908337120000E-01  1.6127572216055E-03  7.1632230404938E-01  7.2189773675748E-01  1.3824000000000E+05
105  7.2778275799338E-01  1.7256191306415E-03  7.2483645734687E-01  7.3080291883309E-01  1.3824000000000E+05
106  7.3598393908134E-01  1.8277603298483E-03  7.3287033142679E-01  7.3919074810392E-01  1.3824000000000E+05
107  7.4365736594095E-01  1.9163688577946E-03  7.4039884292798E-01  7.4702636572391E-01  1.3824000000000E+05
108  7.5077740126198E-01  1.9889326652529E-03  7.4740032769301E-01  7.5427937131179E-01  1.3824000000000E+05
109  7.5732304812478E-01  2.0433546784852E-03  7.5385709721458E-01  7.6092478142603E-01  1.3824000000000E+05
110  7.6327855887204E-01  2.0780516073438E-03  7.5975589968211E-01  7.6694383599675E-01  1.3824000000000E+05
111  7.6863389485401E-01  2.0920292371868E-03  7.6508826735929E-01  7.7232460893204E-01  1.3824000000000E+05
112  7.7338501508302E-01  2.0849285606293E-03  7.6985073647610E-01  7.7706238931330E-01  1.3824000000000E+05
113  7.7753398033738E-01  2.0570392840708E-03  7.7404493121674E-01  7.8115981254365E-01  1.3824000000000E+05
114  7.8108886878001E-01  2.0092796898698E-03  7.7767750936898E-01  7.8462673545918E-01  1.3824000000000E+05
115  7.8406350897735E-01  1.9431443854802E-03  7.8075997336972E-01  7.8747986453720E-01  1.3824000000000E+05
116  7.8647704557548E-01  1.8606238711753E-03  7.8330835642279E-01  7.8974216066269E-01  1.3824000000000E+05
117  7.8835336111034E-01  1.7641018316000E-03  7.8534279868933E-01  7.9144205625968E-01  1.3824000000000E+05
118  7.8972038391429E-01  1.6562375142544E-03  7.8688703291929E-01  7.9261252998734E-01  1.3824000000000E+05
119  7.9060931641031E-01  1.5398412909673E-03  7.8796780205362E-01  7.9329008997794E-01  1.3824000000000E+05
120  7.9105382004167E-01  1.4177515485515E-03  7.8861423312424E-01  7.9351371846254E-01  1.3824000000000E+05
121  7.9108919266146E-01  1.2927203745568E-03  7.8885719216726E-01  7.9332382867778E-01  1.3824000000000E+05
122  7.9075157159849E-01  1.1673142951339E-03  7.8872864390379E-01  7.9276127961508E-01  1.3824000000000E+05
123  7.9007719118906E-01  1.0438346580320E-03  7.8826103778710E-01  7.9186648618361E-01  1.3824000000000E+05
124  7.8910171780331E-01  9.2426036913869E-04  7.8748673889493E-01  7.9067865261171E-01  1.3824000000000E+05
125  7.8785967885441E-01  8.1021379687112E-04  7.8643751834621E-01  7.8923514639276E-01  1.3824000000000E+05
126  7.8638399551820E-01  7.0294887504839E-04  7.8514411374411E-01  7.8757101972935E-01  1.3824000000000E+05
127  7.8470562242649E-01  6.0335898720839E-04  7.8363586589705E-01  7.8571867606308E-01  1.3824000000000E+05
128  7.8285329185423E-01  5.1200114246018E-04  7.8194043401926E-01  7.8370767151315E-01  1.3824000000000E+05
129  7.8085335521137E-01  4.2913230637978E-04  7.8008358798926E-01  7.8156463527071E-01  1.3824000000000E+05
130  7.7872971115187E-01  3.5475361424182E-04  7.7808907321573E-01  7.7931328935159E-01  1.3824000000000E+05
131  7.7650380737877E-01  2.8865833751233E-04  7.7597854132652E-01  7.7697454651941E-01  1.3824000000000E+05
132  7.7419470219141E-01  2.3048004256398E-04  7.7377153829489E-01  7.7456666540288E-01  1.3824000000000E+05
133  7.7181917183981E-01  1.7973810235865E-04  7.7148554072350E-01  7.7210544346942E-01  1.3824000000000E+05
134  7.6939185060858E-01  1.3587873535397E-04  7.6913603075311E-01  7.6960443114833E-01  1.3824000000000E+05
135  7.6692539201021E-01  9.8311034632031E-05  7.6673660034410E-01  7.6707515357678E-01  1.3824000000000E+05
136  7.6443064128089E-01  6.6440005953565E-05  7.6429907637190E-01  7.6452732977328E-01  1.3824000000000E+05
137  7.6191681132348E-01  3.9710418299410E-05  7.6183365895209E-01  7.6196908220033E-01  1.3824000000000E+05
138  7.5939165614752E-01  1.7785774898926E-05  7.5934906654389E-01  7.5940867070172E-01  1.3824000000000E+05
139  7.5686163758227E-01  5.5966603207188E-06  7.5684698080277E-01  7.5686773521204E-01  1.3824000000000E+05
140  7.5433208249878E-01  1.7388844116506E-05  7.5429306968109E-01  7.5435080834882E-01  1.3824000000000E+05
141  7.5180732893338E-01  2.9098959354735E-05  7.5174893074340E-01  7.5184825665547E-01  1.3824000000000E+05
142  7.4929086035602E-01  3.8499398183561E-05  7.4921731757443E-01  7.4934957171840E-01  1.3824000000000E+05
143  7.4678542790311E-01  4.5808189373667E-05  7.4670032477463E-01  7.4685806077632E-01  1.3824000000000E+05
144  7.4429316074208E-01  5.1331303607088E-05  7.4419949482725E-01  7.4437644987761E-01  1.3824000000000E+05
145  7.4181566491101E-01  5.5359913166869E-05  7.4171591369122E-01  7.4190687537006E-01  1.3824000000000E+05
146  7.3935411103827E-01  5.8155022275215E-05  7.3925029579874E-01  7.3945097372146E-01  1.3824000000000E+05
147  7.3690931134399E-01  5.9944435161274E-05  7.3680305886092E-01  7.3700996084904E-01  1.3824000000000E+05
148  7.3448178630136E-01  6.0922488474559E-05  7.3437438867540E-01  7.3458470125317E-01  1.3824000000000E+05
149  7.3207182131872E-01  6.1250953011085E-05  7.3196429401119E-01  7.3217576736208E-01  1.3824000000000E+05
150  7.2967951381553E-01  6.1060068318285E-05  7.2957265162331E-01  7.2978348958194E-01  1.3824000000000E+05
151  7.2730481111266E-01  6.0450380889946E-05  7.2719924151538E-01  7.2740799762647E-01  1.3824000000000E+05
152  7.2494753964425E-01  5.9494761142933E-05  7.2484377270692E-01  7.2504925378283E-01  1.3824000000000E+05
153  7.2260742611739E-01  5.8241041913067E-05  7.2250589995447E-01  7.2270707885756E-01  1.3824000000000E+05
154  7.2028411139016E-01  5.6715213576588E-05  7.2018523210077E-01  7.2038117164173E-01  1.3824000000000E+05
155  7.1797715799633E-01  5.4925160586089E-05  7.1788133296759E-01  7.1807112283206E-01  1.3824000000000E+05
156  7.1568605240455E-01  5.2864968953050E-05  7.1559371594813E-01  7.1577642444203E-01  1.3824000000000E+05
157  7.1341020324926E-01  5.0519518335535E-05  7.1332183368066E-01  7.1349647582338E-01  1.3824000000000E+05
158  7.1114893689811E-01  4.7869555989142E-05  7.1106506438077E-01  7.1123058749043E-01  1.3824000000000E+05
159  7.0890149181613E-01  4.4896934546794E-05  7.0882269656487E-01  7.0897798398823E-01  1.3824000000000E+05
160  7.0666701324145E-01  4.1589787758064E-05  7.0659391399876E-01  7.0673780706527E-01  1.3824000000000E+05
161  7.0444454969365E-01  3.7947729761325E-05  7.0437778274146E-01  7.0450912039794E-01  1.3824000000000E+05
162  7.0223305279081E-01  3.3986557770333E-05  7.0217324211808E-01  7.0229091706532E-01  1.3824000000000E+05
163  7.0003138175263E-01  2.9742520033291E-05  6.9997910134178E-01  7.0008213088810E-01  1.3824000000000E+05
164  6.9783831381810E-01  2.5276145374219E-05  6.9779404331539E-01  6.9788165262512E-01  1.3824000000000E+05
165  6.9565256161250E-01  2.0675055081351E-05  6.9561663688524E-01  6.9568835186887E-01  1.3824000000000E+05
166  6.9347279826841E-01  1.6056839341911E-05  6.9344535850892E-01  6.9350110530114E-01  1.3824000000000E+05
167  6.9129769085081E-01  1.1572004339902E-05  6.9127862395531E-01  6.9131883176575E-01  1.3824000000000E+05
168  6.8912594236772E-01  7.4126769947615E-06  6.8911483030214E-01  6.8914053439071E-01  1.3824000000000E+05
169  6.8695634237686E-01  3.8585424773159E-06  6.8695237584429E-01  6.8696534975317E-01  1.3824000000000E+05
170  6.8478782593272E-01  1.7067452115824E-06  6.8478603995087E-01  6.8479260382603E-01  1.3824000000000E+05
171  6.8261954036197E-01  2.3157191283720E-06  6.8261715280875E-01  6.8262595022789E-01  1.3824000000000E+05
172  6.8045091910616E-01  3.0829302826596E-06  6.8044785954646E-01  6.8045954739280E-01  1.3824000000000E+05
173  6.7828176162282E-01  3.0735276023768E-06  6.7827843659451E-01  6.7828994888249E-01  1.3824000000000E+05
174  6.7611231807768E-01  3.7913627940891E-06  6.7610834102480E-01  6.7612278230982E-01  1.3824000000000E+05
175  6.7394337727798E-01  7.6843502354620E-06  6.7393648192364E-01  6.7396337441850E-01  1.3824000000000E+05
176  6.7177635597521E-01  1.4706019012981E-05  6.7176130140863E-01  6.7181013287680E-01  1.3824000000000E+05
177  6.6961338729617E-01  2.4709151574940E-05  6.6958212069480E-01  6.6966566173230E-01  1.3824000000000E+05
178  6.6745740564173E-01  3.7839396826073E-05  6.6740411712256E-01  6.6753332090323E-01  1.3824000000000E+05
179  6.6531222493410E-01  5.4290683297971E-05  6.6523106794240E-01  6.6541728332703E-01  1.3824000000000E+05
180  6.6318260662131E-01  7.4231512096920E-05  6.6306736005554E-01  6.6332257989272E-01  1.3824000000000E+05
181  6.6107431340391E-01  9.7774051110146E-05  6.6091849120897E-01  6.6125512876801E-01  1.3824000000000E+05
182  6.5899414429157E-01  1.2495318873479E-04  6.5879113536658E-01  6.5922174571467E-01  1.3824000000000E+05
183  6.5694994639463E-01  1.5570882401901E-04  6.5669318548008E-01  6.5723013213092E-01  1.3824000000000E+05
184  6.5495059888389E-01  1.8987053044268E-04  6.5463376711899E-01  6.5528883790017E-01  1.3824000000000E+05
185  6.5300596488202E-01  2.2714505292641E-04  6.5262321627366E-01  6.5340719668535E-01  1.3824000000000E+05
186  6.5112680774077E-01  2.6710781266181E-04  6.5067301501694E-01  6.5159523209819E-01  1.3824000000000E+05
187  6.4932466924518E-01  3.0919968042688E-04  6.4879567970807E-01  6.4986353418809E-01  1.3824000000000E+05
188  6.4761170877006E-01  3.5273013833810E-04  6.4700459810702E-01  6.4822310690956E-01  1.3824000000000E+05
189  6.4600050425549E-01  3.9688775313092E-04  6.4531381413312E-01  6.4668518859289E-01  1.3824000000000E+05
190  6.4450381798467E-01  4.4075845638545E-04  6.4373776195806E-01  6.4526104889173E-01  1.3824000000000E+05
191  6.4313433241235E-01  4.8335151255993E-04  6.4229095450095E-01  6.4396176712865E-01  1.3824000000000E+05
192  6.4190436354430E-01  5.2363252903751E-04  6.4098763494399E-01  6.4279799830734E-01  1.3824000000000E+05
193  6.4082556142469E-01  5.6056213233276E-04  6.3984140330727E-01  6.4177973420455E-01  1.3824000000000E+05
194  6.3990860895839E-01  5.9313840464236E-04  6.3886483307724E-01  6.4091606780004E-01  1.3824000000000E+05
195  6.3916293140308E-01  6.2044063431335E-04  6.3806909505143E-01  6.4021496976187E-01  1.3824000000000E+05
196  6.3859642926946E-01  6.4167169822380E-04  6.3746360666279E-01  6.3968308571547E-01  1.3824000000000E+05
197  6.3821524697541E-01  6.5619622623477E-04  6.3705572488746E-01  6.3932556255628E-01  1.3824000000000E+05
198  6.3802358838651E-01  6.6357194818626E-04  6.3685049933672E-01  6.3914591111756E-01  1.3824000000000E+05
 
 field : PHIHYD   ; Iter =      2160 ; region #   0 ; nb.Lev = 198
 k | --   Average    -- | --   Std.Dev    -- | --     min      -- | --     max      -- | --    Vol
  0  5.5186520758275E+01  3.2237901120516E+01  2.7220775595063E-01  1.1136882510520E+02  2.7371520000000E+07
  1  2.7220804098509E-01  1.8513394251762E-07  2.7220775595063E-01  2.7220839475809E-01  1.3824000000000E+05
  2  8.1671960033109E-01  5.6460761645562E-07  8.1671872977602E-01  8.1672067789644E-01  1.3824000000000E+05
  3  1.3614221667108E+00  9.7151380063797E-07  1.3614206626846E+00  1.3614240180598E+00  1.3824000000000E+05
  4  1.9063158489501E+00  1.4305304604383E-06  1.9063136292352E+00  1.9063185594714E+00  1.3824000000000E+05
  5  2.4514007687271E+00  1.9529734305445E-06  2.4513977159307E+00  2.4514044595725E+00  1.3824000000000E+05
  6  2.9966770663389E+00  2.5746534769224E-06  2.9966730267762E+00  2.9966818948230E+00  1.3824000000000E+05
  7  3.5421449065468E+00  3.2991034311305E-06  3.5421396891202E+00  3.5421510664145E+00  1.3824000000000E+05
  8  4.0878044844805E+00  4.1592492272236E-06  4.0877978597979E+00  4.0878122058431E+00  1.3824000000000E+05
  9  4.6336560315372E+00  5.1749418469288E-06  4.6336477315428E+00  4.6336655802634E+00  1.3824000000000E+05
 10  5.1796998211728E+00  6.3686973102796E-06  5.1796895395752E+00  5.1797114975133E+00  1.3824000000000E+05
 11  5.7259361744328E+00  7.7505577558667E-06  5.7259235682106E+00  5.7259503106740E+00  1.3824000000000E+05
 12  6.2723654650320E+00  9.3483438849909E-06  6.2723501572688E+00  6.2723824219994E+00  1.3824000000000E+05
 13  6.8189881237494E+00  1.1172664891986E-05  6.8189697080025E+00  6.8190082860329E+00  1.3824000000000E+05
 14  7.3658046418766E+00  1.3243769917347E-05  7.3657826882084E+00  7.3658284117137E+00  1.3824000000000E+05
 15  7.9128155734426E+00  1.5557182510887E-05  7.9127896361490E+00  7.9128433632744E+00  1.3824000000000E+05
 16  8.4600215359349E+00  1.8130102945823E-05  8.4599911628923E+00  8.4600537597429E+00  1.3824000000000E+05
 17  9.0074232092587E+00  2.0942303978629E-05  9.0073879526852E+00  9.0074602728855E+00  1.3824000000000E+05
 18  9.5550213327134E+00  2.3990110942347E-05  9.5549807610134E+00  9.5550636234661E+00  1.3824000000000E+05
 19  1.0102816699832E+01  2.7262198705794E-05  1.0102770410072E+01  1.0102864575753E+01  1.3824000000000E+05
 20  1.0650810151010E+01  3.0722075569219E-05  1.0650757781476E+01  1.0650863930265E+01  1.3824000000000E+05
 21  1.1199002563946E+01  3.4352420615864E-05  1.1198943806163E+01  1.1199062514830E+01  1.3824000000000E+05
 22  1.1747394842045E+01  3.8113556072764E-05  1.1747329451612E+01  1.1747461174101E+01  1.3824000000000E+05
 23  1.2295987901020E+01  4.1966854849269E-05  1.2295915706637E+01  1.2296060757760E+01  1.3824000000000E+05
 24  1.2844782654079E+01  4.5867846292540E-05  1.2844703564215E+01  1.2844862107716E+01  1.3824000000000E+05
 25  1.3393779996144E+01  4.9771698071201E-05  1.3393694002908E+01  1.3393866044656E+01  1.3824000000000E+05
 26  1.3942980787646E+01  5.3627155189324E-05  1.3942887967601E+01  1.3943073354370E+01  1.3824000000000E+05
 27  1.4492385838485E+01  5.7397776358685E-05  1.4492286350304E+01  1.4492484774289E+01  1.3824000000000E+05
 28  1.5041995892731E+01  6.1035038418505E-05  1.5041889971826E+01  1.5042100980678E+01  1.3824000000000E+05
 29  1.5591811614655E+01  6.4505229533304E-05  1.5591699565063E+01  1.5591922576905E+01  1.3824000000000E+05
 30  1.6141833576569E+01  6.7773990506649E-05  1.6141715760574E+01  1.6141950083174E+01  1.3824000000000E+05
 31  1.6692062248911E+01  7.0818641799396E-05  1.6691939074985E+01  1.6692183928031E+01  1.3824000000000E+05
 32  1.7242497992848E+01  7.3616608228120E-05  1.7242369902577E+01  1.7242624441888E+01  1.3824000000000E+05
 33  1.7793141055592E+01  7.6164530684370E-05  1.7793008510259E+01  1.7793271852709E+01  1.3824000000000E+05
 34  1.8343991568435E+01  7.8452348667487E-05  1.8343855035916E+01  1.8344126283929E+01  1.3824000000000E+05
 35  1.8895049547458E+01  8.0486298175643E-05  1.8894909489978E+01  1.8895187754568E+01  1.3824000000000E+05
 36  1.9446314896686E+01  8.2261630818956E-05  1.9446171759885E+01  1.9446456181437E+01  1.3824000000000E+05
 37  1.9997787413444E+01  8.3813176085324E-05  1.9997641617049E+01  1.9997931383271E+01  1.3824000000000E+05
 38  2.0549466795572E+01  8.5142073430236E-05  2.0549318725824E+01  2.0549613086565E+01  1.3824000000000E+05
 39  2.1101352650149E+01  8.6283305158622E-05  2.1101202654011E+01  2.1101500932868E+01  1.3824000000000E+05
 40  2.1653444503375E+01  8.7243574455583E-05  2.1653292884398E+01  2.1653594487268E+01  1.3824000000000E+05
 41  2.2205741811263E+01  8.8059996056775E-05  2.2205588826934E+01  2.2205893247811E+01  1.3824000000000E+05
 42  2.2758243970870E+01  8.8753499252227E-05  2.2758089831166E+01  2.2758396655616E+01  1.3824000000000E+05
 43  2.3310950331802E+01  8.9355138529220E-05  2.3310795198698E+01  2.3311104105461E+01  1.3824000000000E+05
 44  2.3863860207823E+01  8.9888726574697E-05  2.3863704195466E+01  2.3864014956651E+01  1.3824000000000E+05
 45  2.4416972888414E+01  9.0397686969725E-05  2.4416816063755E+01  2.4417128544012E+01  1.3824000000000E+05
 46  2.4970287650205E+01  9.0876685148185E-05  2.4970130033907E+01  2.4970444188878E+01  1.3824000000000E+05
 47  2.5523803768198E+01  9.1381532041808E-05  2.5523645335746E+01  2.5523961209948E+01  1.3824000000000E+05
 48  2.6077520526764E+01  9.1904415050230E-05  2.6077361209741E+01  2.6077678933940E+01  1.3824000000000E+05
 49  2.6631437230346E+01  9.2505479816354E-05  2.6631276917951E+01  2.6631596705920E+01  1.3824000000000E+05
 50  2.7185553213838E+01  9.3178599749250E-05  2.7185391754761E+01  2.7185713899229E+01  1.3824000000000E+05
 51  2.7739867852550E+01  9.3976445522769E-05  2.7739705057370E+01  2.7740029924906E+01  1.3824000000000E+05
 52  2.8294380571656E+01  9.4897544414550E-05  2.8294216215945E+01  2.8294544240469E+01  1.3824000000000E+05
 53  2.8849090854986E+01  9.5949103956821E-05  2.8848924683292E+01  2.8849256357940E+01  1.3824000000000E+05
 54  2.9403998252977E+01  9.7155709193065E-05  2.9403829983828E+01  2.9404165850956E+01  1.3824000000000E+05
 55  2.9959102389588E+01  9.8543059521732E-05  2.9958931721587E+01  2.9959272360818E+01  1.3824000000000E+05
 56  3.0514402967949E+01  1.0009744820299E-04  3.0514229586954E+01  3.0514575601315E+01  1.3824000000000E+05
 57  3.1069899774539E+01  1.0182457455272E-04  3.1069723361817E+01  3.1070075362180E+01  1.3824000000000E+05
 58  3.1625592681688E+01  1.0373764366415E-04  3.1625412922834E+01  3.1625771511061E+01  1.3824000000000E+05
 59  3.2181481648237E+01  1.0579663589949E-04  3.2181298242555E+01  3.2181663993906E+01  1.3824000000000E+05
 60  3.2737566718273E+01  1.0803689719834E-04  3.2737379388228E+01  3.2737752833722E+01  1.3824000000000E+05
 61  3.3293848017885E+01  1.1038993428761E-04  3.3293656518193E+01  3.3294038127709E+01  1.3824000000000E+05
 62  3.3850325750019E+01  1.1287732784324E-04  3.3850129875917E+01  3.3850520042842E+01  1.3824000000000E+05
 63  3.4407000187556E+01  1.1542867332413E-04  3.4406799781812E+01  3.4407198810014E+01  1.3824000000000E+05
 64  3.4963871664836E+01  1.1804638511491E-04  3.4963666623126E+01  3.4964074716926E+01  1.3824000000000E+05
 65  3.5520940567943E+01  1.2069098719047E-04  3.5520730842295E+01  3.5521148099947E+01  1.3824000000000E+05
 66  3.6078207324079E+01  1.2333647423770E-04  3.6077992924213E+01  3.6078419335223E+01  1.3824000000000E+05
 67  3.6635672390440E+01  1.2594755797408E-04  3.6635453382957E+01  3.6635888829318E+01  1.3824000000000E+05
 68  3.7193336242985E+01  1.2849392749227E-04  3.7193112748489E+01  3.7193557009694E+01  1.3824000000000E+05
 69  3.7751199365493E+01  1.3095862036288E-04  3.7750971553856E+01  3.7751424315328E+01  1.3824000000000E+05
 70  3.8309262239272E+01  1.3329758966566E-04  3.8309030323354E+01  3.8309491187750E+01  1.3824000000000E+05
 71  3.8867525333812E+01  1.3552469488318E-04  3.8867289562021E+01  3.8867758062724E+01  1.3824000000000E+05
 72  3.9425989098638E+01  1.3756880450771E-04  3.9425749746766E+01  3.9426225362809E+01  1.3824000000000E+05
 73  3.9984653956514E+01  1.3946180616826E-04  3.9984411319286E+01  3.9984893490906E+01  1.3824000000000E+05
 74  4.0543520298087E+01  1.4120298372782E-04  4.0543274680843E+01  4.0543762824916E+01  1.3824000000000E+05
 75  4.1102588477992E+01  1.4274281026438E-04  4.1102340188881E+01  4.1102833713545E+01  1.3824000000000E+05
 76  4.1661858812343E+01  1.4413441597310E-04  4.1661608155329E+01  4.1662106473229E+01  1.3824000000000E+05
 77  4.2221331577525E+01  1.4536424364629E-04  4.2221078846432E+01  4.2221581386140E+01  1.3824000000000E+05
 78  4.2781007010107E+01  1.4643014458946E-04  4.2780752483860E+01  4.2781258699181E+01  1.3824000000000E+05
 79  4.3340885307709E+01  1.4734738238087E-04  4.3340629246823E+01  4.3341138623829E+01  1.3824000000000E+05
 80  4.3900966630616E+01  1.4811133886398E-04  4.3900709274936E+01  4.3901221336711E+01  1.3824000000000E+05
 81  4.4461251103937E+01  1.4877121270405E-04  4.4460992671563E+01  4.4461506980737E+01  1.3824000000000E+05
 82  4.5021738820112E+01  1.4930492161596E-04  4.5021479507392E+01  4.5021995666658E+01  1.3824000000000E+05
 83  4.5582429841588E+01  1.4973489644124E-04  4.5582169824044E+01  4.5582687474879E+01  1.3824000000000E+05
 84  4.6143324203493E+01  1.5007718656082E-04  4.6143063637512E+01  4.6143582457406E+01  1.3824000000000E+05
 85  4.6704421916184E+01  1.5034818790846E-04  4.6704160941313E+01  4.6704680639791E+01  1.3824000000000E+05
 86  4.7265722967546E+01  1.5051118217359E-04  4.7265461709221E+01  4.7265982022980E+01  1.3824000000000E+05
 87  4.7827227324973E+01  1.5062745257183E-04  4.7826965897522E+01  4.7827486584972E+01  1.3824000000000E+05
 88  4.8388934936948E+01  1.5068086032892E-04  4.8388673446738E+01  4.8389194282239E+01  1.3824000000000E+05
 89  4.8950845734226E+01  1.5063153278763E-04  4.8950584282798E+01  4.8951105050844E+01  1.3824000000000E+05
 90  4.9512959630569E+01  1.5056502912645E-04  4.9512698317667E+01  4.9513218807265E+01  1.3824000000000E+05
 91  5.0075276523078E+01  1.5043914602714E-04  5.0075015449441E+01  5.0075535448907E+01  1.3824000000000E+05
 92  5.0637796292129E+01  1.5021223842652E-04  5.0637535561969E+01  5.0638054854321E+01  1.3824000000000E+05
 93  5.1200518800972E+01  1.4996022659741E-04  5.1200258524029E+01  5.1200776883181E+01  1.3824000000000E+05
 94  5.1763443895051E+01  1.4960352056261E-04  5.1763184188162E+01  5.1763701376045E+01  1.3824000000000E+05
 95  5.2326571401120E+01  1.4918224589519E-04  5.2326312389220E+01  5.2326828153984E+01  1.3824000000000E+05
 96  5.2889901126239E+01  1.4866709419796E-04  5.2889642942744E+01  5.2890157018130E+01  1.3824000000000E+05
 97  5.3453432856751E+01  1.4812771442814E-04  5.3453175643279E+01  5.3453687749229E+01  1.3824000000000E+05
 98  5.4017166357332E+01  1.4743443353813E-04  5.4016910262745E+01  5.4017420107276E+01  1.3824000000000E+05
 99  5.4581101370210E+01  1.4672784930201E-04  5.4580846548987E+01  5.4581353831306E+01  1.3824000000000E+05
100  5.5145237614672E+01  1.4589776740358E-04  5.5144984224637E+01  5.5145488639406E+01  1.3824000000000E+05
101  5.5709574786914E+01  1.4497889851783E-04  5.5709322986406E+01  5.5709824229031E+01  1.3824000000000E+05
102  5.6274112560346E+01  1.4397352281855E-04  5.6273862504919E+01  5.6274360277657E+01  1.3824000000000E+05
103  5.6838850586388E+01  1.4289994344786E-04  5.6838602425181E+01  5.6839096443817E+01  1.3824000000000E+05
104  5.7403788495806E+01  1.4174479606300E-04  5.7403542367740E+01  5.7404032368544E+01  1.3824000000000E+05
105  5.7968925900604E+01  1.4048630978369E-04  5.7968681930589E+01  5.7969167677219E+01  1.3824000000000E+05
106  5.8534262396455E+01  1.3919730153107E-04  5.8534020691790E+01  5.8534501981812E+01  1.3824000000000E+05
107  5.9099797565634E+01  1.3787997276567E-04  5.9099558212795E+01  5.9100034883475E+01  1.3824000000000E+05
108  5.9665530980391E+01  1.3652799552899E-04  5.9665294042376E+01  5.9665765975447E+01  1.3824000000000E+05
109  6.0231462206674E+01  1.3510673490637E-04  6.0231227721049E+01  6.0231694846188E+01  1.3824000000000E+05
110  6.0797590808081E+01  1.3368214688776E-04  6.0797358785854E+01  6.0797821082672E+01  1.3824000000000E+05
111  6.1363916349947E+01  1.3234527608676E-04  6.1363686775323E+01  6.1364144273747E+01  1.3824000000000E+05
112  6.1930438403405E+01  1.3098071619849E-04  6.1930211234450E+01  6.1930664013469E+01  1.3824000000000E+05
113  6.2497156549304E+01  1.2969603886117E-04  6.2496931719495E+01  6.2497379904312E+01  1.3824000000000E+05
114  6.3064070381868E+01  1.2837145115495E-04  6.3063847802434E+01  6.3064291560174E+01  1.3824000000000E+05
115  6.3631179511961E+01  1.2715993724270E-04  6.3630959074912E+01  6.3631398609087E+01  1.3824000000000E+05
116  6.4198483569877E+01  1.2598167529733E-04  6.4198265151571E+01  6.4198700695566E+01  1.3824000000000E+05
117  6.4765982207590E+01  1.2492892870414E-04  6.4765765672640E+01  6.4766197482546E+01  1.3824000000000E+05
118  6.5333675100393E+01  1.2386880168065E-04  6.5333460305752E+01  6.5333888652868E+01  1.3824000000000E+05
119  6.5901561947926E+01  1.2297699587254E-04  6.5901348746957E+01  6.5901773910281E+01  1.3824000000000E+05
120  6.6469642474589E+01  1.2212727052397E-04  6.6469430720943E+01  6.6469852979987E+01  1.3824000000000E+05
121  6.7037916429377E+01  1.2137973839983E-04  6.7037705980524E+01  6.7038125608711E+01  1.3824000000000E+05
122  6.7606383585173E+01  1.2071919699685E-04  6.7606174305480E+01  6.7606591564358E+01  1.3824000000000E+05
123  6.8175043737591E+01  1.2007414092406E-04  6.8174835500834E+01  6.8175250635277E+01  1.3824000000000E+05
124  6.8743896703432E+01  1.1954498459815E-04  6.8743689394704E+01  6.8744102629208E+01  1.3824000000000E+05
125  6.9312942318855E+01  1.1897882711459E-04  6.9312735835839E+01  6.9313147371961E+01  1.3824000000000E+05
126  6.9882180437350E+01  1.1856609161078E-04  6.9881974690980E+01  6.9882384705906E+01  1.3824000000000E+05
127  7.0451610927614E+01  1.1819745854078E-04  7.0451405842153E+01  7.0451814488332E+01  1.3824000000000E+05
128  7.1021233671404E+01  1.1781573325218E-04  7.1021029184014E+01  7.1021436589755E+01  1.3824000000000E+05
129  7.1591048561465E+01  1.1758039917960E-04  7.1590844621331E+01  7.1591250892220E+01  1.3824000000000E+05
130  7.2161055499570E+01  1.1719327829936E-04  7.2160852066697E+01  7.2161257287670E+01  1.3824000000000E+05
131  7.2731254394763E+01  1.1688484439782E-04  7.2731051438513E+01  7.2731455676417E+01  1.3824000000000E+05
132  7.3301645161805E+01  1.1666514107984E-04  7.3301442659296E+01  7.3301845965752E+01  1.3824000000000E+05
133  7.3872227719879E+01  1.1642841079099E-04  7.3872025654323E+01  7.3872428068722E+01  1.3824000000000E+05
134  7.4443001991541E+01  1.1618787287701E-04  7.4442800350621E+01  7.4443201903092E+01  1.3824000000000E+05
135  7.5013967901932E+01  1.1589492856557E-04  7.5013766676277E+01  7.5014167390482E+01  1.3824000000000E+05
136  7.5585125378216E+01  1.1572654060741E-04  7.5584924560058E+01  7.5585324455699E+01  1.3824000000000E+05
137  7.6156474349240E+01  1.1540698845701E-04  7.6156273931286E+01  7.6156673026219E+01  1.3824000000000E+05
138  7.6728014745366E+01  1.1520993464372E-04  7.6727814719930E+01  7.6728213031828E+01  1.3824000000000E+05
139  7.7299746498449E+01  1.1499347280626E-04  7.7299546856854E+01  7.7299944404377E+01  1.3824000000000E+05
140  7.7871669541911E+01  1.1476638682062E-04  7.7871470274176E+01  7.7871867077637E+01  1.3824000000000E+05
141  7.8443783810870E+01  1.1450663925156E-04  7.8443584905660E+01  7.8443980987208E+01  1.3824000000000E+05
142  7.9016089242291E+01  1.1436537263808E-04  7.9015890687113E+01  7.9016286070473E+01  1.3824000000000E+05
143  7.9588585775114E+01  1.1420013146642E-04  7.9588387556718E+01  7.9588782266555E+01  1.3824000000000E+05
144  8.0161273350326E+01  1.1395834911235E-04  8.0161075455262E+01  8.0161469516261E+01  1.3824000000000E+05
145  8.0734151910962E+01  1.1381127250926E-04  8.0733954326248E+01  8.0734347761990E+01  1.3824000000000E+05
146  8.1307221402009E+01  1.1354398722371E-04  8.1307024115839E+01  8.1307416947603E+01  1.3824000000000E+05
147  8.1880481770216E+01  1.1338082482878E-04  8.1880284772653E+01  8.1880677018231E+01  1.3824000000000E+05
148  8.2453932963797E+01  1.1323131077754E-04  8.2453736247396E+01  8.2454127920045E+01  1.3824000000000E+05
149  8.3027574932055E+01  1.1313105884166E-04  8.3027378492354E+01  8.3027769599966E+01  1.3824000000000E+05
150  8.3601407624934E+01  1.1295229029861E-04  8.3601211460777E+01  8.3601602005355E+01  1.3824000000000E+05
151  8.4175430992525E+01  1.1273601090102E-04  8.4175235106176E+01  8.4175625083678E+01  1.3824000000000E+05
152  8.4749644984562E+01  1.1265893881459E-04  8.4749449381595E+01  8.4749838782174E+01  1.3824000000000E+05
153  8.5324049549938E+01  1.1250005653052E-04  8.5323854238892E+01  8.5324243047554E+01  1.3824000000000E+05
154  8.5898644636279E+01  1.1227441076184E-04  8.5898449628086E+01  8.5898837825743E+01  1.3824000000000E+05
155  8.6473430189596E+01  1.1203039368521E-04  8.6473235496813E+01  8.6473623061683E+01  1.3824000000000E+05
156  8.7048406154066E+01  1.1194064900224E-04  8.7048211789943E+01  8.7048598699236E+01  1.3824000000000E+05
157  8.7623572471947E+01  1.1173310183211E-04  8.7623378449380E+01  8.7623764681178E+01  1.3824000000000E+05
158  8.8198929083652E+01  1.1155514638034E-04  8.8198735414090E+01  8.8199120949302E+01  1.3824000000000E+05
159  8.8774475927984E+01  1.1134338345502E-04  8.8774282620341E+01  8.8774667444638E+01  1.3824000000000E+05
160  8.9350212942536E+01  1.1105688296626E-04  8.9350020002193E+01  8.9350404107778E+01  1.3824000000000E+05
161  8.9926140064239E+01  1.1092341809132E-04  8.9925947492182E+01  8.9926330879296E+01  1.3824000000000E+05
162  9.0502257230028E+01  1.1065313861168E-04  9.0502065022205E+01  9.0502447700249E+01  1.3824000000000E+05
163  9.1078564377615E+01  1.1049596157711E-04  9.1078372524536E+01  9.1078754512738E+01  1.3824000000000E+05
164  9.1655061446306E+01  1.1036049466442E-04  9.1654869932944E+01  9.1655251260483E+01  1.3824000000000E+05
165  9.2231748377833E+01  1.1010015421079E-04  9.2231557183837E+01  9.2231937889411E+01  1.3824000000000E+05
166  9.2808625117152E+01  1.0985095123438E-04  9.2808434217373E+01  9.2808814348189E+01  1.3824000000000E+05
167  9.3385691613153E+01  1.0989925123049E-04  9.3385500978480E+01  9.3385880588691E+01  1.3824000000000E+05
168  9.3962947819242E+01  1.0968002945949E-04  9.3962757417705E+01  9.3963136566361E+01  1.3824000000000E+05
169  9.4540393693750E+01  1.0945513686460E-04  9.4540203491855E+01  9.4540582240432E+01  1.3824000000000E+05
170  9.5118029200137E+01  1.0948045123516E-04  9.5117839164375E+01  9.5118217573987E+01  1.3824000000000E+05
171  9.5695854306965E+01  1.0942496520789E-04  9.5695664405422E+01  9.5696042533843E+01  1.3824000000000E+05
172  9.6273868987616E+01  1.0931775723717E-04  9.6273679191629E+01  9.6274057090233E+01  1.3824000000000E+05
173  9.6852073219761E+01  1.0907131370144E-04  9.6851883505539E+01  9.6852261216294E+01  1.3824000000000E+05
174  9.7430466984573E+01  1.0917578476516E-04  9.7430277334724E+01  9.7430654887357E+01  1.3824000000000E+05
175  9.8009050265709E+01  1.0919665120610E-04  9.8008860670603E+01  9.8009238080049E+01  1.3824000000000E+05
176  9.8587823048066E+01  1.0913822931725E-04  9.8587633507009E+01  9.8588010771223E+01  1.3824000000000E+05
177  9.9166785316370E+01  1.0910338129751E-04  9.9166595838518E+01  9.9166972936746E+01  1.3824000000000E+05
178  9.9745937053605E+01  1.0892634644775E-04  9.9745747658620E+01  9.9746124550163E+01  1.3824000000000E+05
179  1.0032527823935E+02  1.0887908752558E-04  1.0032508895776E+02  1.0032546558128E+02  1.3824000000000E+05
180  1.0090480884804E+02  1.0893208929287E-04  1.0090461972132E+02  1.0090499599468E+02  1.3824000000000E+05
181  1.0148452884725E+02  1.0859480454800E-04  1.0148433992760E+02  1.0148471574827E+02  1.3824000000000E+05
182  1.0206443819594E+02  1.0860668039678E-04  1.0206424954581E+02  1.0206462479180E+02  1.3824000000000E+05
183  1.0264453684287E+02  1.0821019456183E-04  1.0264434853417E+02  1.0264472306547E+02  1.3824000000000E+05
184  1.0322482472505E+02  1.0807225724797E-04  1.0322463683821E+02  1.0322501049869E+02  1.3824000000000E+05
185  1.0380530176642E+02  1.0770211309949E-04  1.0380511438911E+02  1.0380548700888E+02  1.3824000000000E+05
186  1.0438596787662E+02  1.0745369601689E-04  1.0438578110240E+02  1.0438615250051E+02  1.3824000000000E+05
187  1.0496682295012E+02  1.0704559706308E-04  1.0496663687680E+02  1.0496700686436E+02  1.3824000000000E+05
188  1.0554786686551E+02  1.0654386650582E-04  1.0554768159342E+02  1.0554804997691E+02  1.3824000000000E+05
189  1.0612909948509E+02  1.0610229621313E-04  1.0612891511524E+02  1.0612928170010E+02  1.3824000000000E+05
190  1.0671052065476E+02  1.0549541076418E-04  1.0671033728687E+02  1.0671070188126E+02  1.3824000000000E+05
191  1.0729213020423E+02  1.0488502956665E-04  1.0729194793477E+02  1.0729231035331E+02  1.3824000000000E+05
192  1.0787392794753E+02  1.0434601517563E-04  1.0787374686769E+02  1.0787410693535E+02  1.3824000000000E+05
193  1.0845591368383E+02  1.0344284790737E-04  1.0845573387761E+02  1.0845609143333E+02  1.3824000000000E+05
194  1.0903808719860E+02  1.0257159246049E-04  1.0903790874094E+02  1.0903826364118E+02  1.3824000000000E+05
195  1.0962044826504E+02  1.0194867485424E-04  1.0962027122009E+02  1.0962062334202E+02  1.3824000000000E+05
196  1.1020299664574E+02  1.0095500397659E-04  1.1020282106542E+02  1.1020317030973E+02  1.3824000000000E+05
197  1.1078573209465E+02  1.0013595494056E-04  1.1078555801740E+02  1.1078590431060E+02  1.3824000000000E+05
198  1.1136865435922E+02  9.9330114442711E-05  1.1136848180904E+02  1.1136882510520E+02  1.3824000000000E+05
 
 field : PHI_NH   ; Iter =      2160 ; region #   0 ; nb.Lev = 198
 k | --   Average    -- | --   Std.Dev    -- | --     min      -- | --     max      -- | --    Vol
  0 -8.3078248471801E-13  4.7018266101791E-12 -3.5590578464084E-11  2.2426688689169E-11  2.7371520000000E+07
  1 -5.0641699705856E-14  3.2750470328147E-12 -1.5100191064363E-11  9.9447571767204E-12  1.3824000000000E+05
  2 -6.2126078097395E-14  3.2852505188349E-12 -1.5642998154586E-11  9.9814333436958E-12  1.3824000000000E+05
  3 -7.4223954186891E-14  3.3233373784553E-12 -1.6218334495556E-11  1.0261858679714E-11  1.3824000000000E+05
  4 -8.5214587439853E-14  3.3163906182951E-12 -1.6657139098842E-11  1.0245859805627E-11  1.3824000000000E+05
  5 -9.7426975048572E-14  3.3366067470212E-12 -1.7283573861365E-11  1.0237874078872E-11  1.3824000000000E+05
  6 -1.0855530782666E-13  3.3576144842058E-12 -1.7722711799610E-11  1.0314376861870E-11  1.3824000000000E+05
  7 -1.1978073058669E-13  3.3449833862747E-12 -1.8089961717734E-11  1.0219884820533E-11  1.3824000000000E+05
  8 -1.3215227502613E-13  3.3895018515311E-12 -1.8645397814362E-11  1.0353842219655E-11  1.3824000000000E+05
  9 -1.4368035630867E-13  3.3939120278534E-12 -1.8935148793488E-11  1.0419438846559E-11  1.3824000000000E+05
 10 -1.5464011829820E-13  3.3398914748802E-12 -1.9130998565591E-11  1.0384468713079E-11  1.3824000000000E+05
 11 -1.6594452950360E-13  3.3505829176944E-12 -1.9410160011958E-11  1.0390297747593E-11  1.3824000000000E+05
 12 -1.7811513981352E-13  3.3755372314432E-12 -1.9927986750487E-11  1.0525006001789E-11  1.3824000000000E+05
 13 -1.8838028911691E-13  3.3108389734672E-12 -1.9992752890179E-11  1.0442797857267E-11  1.3824000000000E+05
 14 -1.9752689665405E-13  3.2344794348652E-12 -1.9807766663655E-11  1.0193786790652E-11  1.3824000000000E+05
 15 -2.0909234475655E-13  3.2228826396445E-12 -2.0123497767858E-11  1.0093798300129E-11  1.3824000000000E+05
 16 -2.2008719371608E-13  3.2049512098844E-12 -2.0210330753666E-11  1.0076659799855E-11  1.3824000000000E+05
 17 -2.2809041480762E-13  3.1088150685174E-12 -1.9902687790294E-11  9.8636541266322E-12  1.3824000000000E+05
 18 -2.3593721588461E-13  2.9601616798120E-12 -1.9630190226980E-11  9.4032755866682E-12  1.3824000000000E+05
 19 -2.4453799850664E-13  2.8327916382870E-12 -1.9327083029739E-11  9.0205990020447E-12  1.3824000000000E+05
 20 -2.5318278196653E-13  2.7673904147001E-12 -1.9133081898778E-11  8.8865140945196E-12  1.3824000000000E+05
 21 -2.6212499864280E-13  2.7222516654962E-12 -1.9197573164877E-11  9.1390240513063E-12  1.3824000000000E+05
 22 -2.7009076162865E-13  2.6145282232335E-12 -1.8903747764873E-11  9.3847011922072E-12  1.3824000000000E+05
 23 -2.7527870873823E-13  2.4131584158629E-12 -1.7906381960025E-11  9.2109294661265E-12  1.3824000000000E+05
 24 -2.7826849346597E-13  2.1674858603401E-12 -1.6610509415239E-11  9.1464131309722E-12  1.3824000000000E+05
 25 -2.8050334507215E-13  1.9578502042595E-12 -1.5352110768638E-11  9.2116778196222E-12  1.3824000000000E+05
 26 -2.8257332084077E-13  1.8287560326256E-12 -1.4194752541133E-11  9.3128128570370E-12  1.3824000000000E+05
 27 -2.8555627370064E-13  1.7748157762977E-12 -1.3213119602844E-11  9.4046460335024E-12  1.3824000000000E+05
 28 -2.9113927788553E-13  1.7722267659774E-12 -1.2527605827353E-11  9.3113201213376E-12  1.3824000000000E+05
 29 -2.9962067766264E-13  1.7958502529421E-12 -1.2206304343015E-11  9.0384838362246E-12  1.3824000000000E+05
 30 -3.0970922959536E-13  1.8226582289010E-12 -1.2088070750473E-11  8.7679115918245E-12  1.3824000000000E+05
 31 -3.2016257035101E-13  1.8402760821552E-12 -1.1983334519719E-11  8.5955175761496E-12  1.3824000000000E+05
 32 -3.3068523819389E-13  1.8534544887252E-12 -1.1899868772501E-11  8.5002547505442E-12  1.3824000000000E+05
 33 -3.4199122707566E-13  1.8716922735377E-12 -1.1917062900265E-11  8.3919674415795E-12  1.3824000000000E+05
 34 -3.5470908967216E-13  1.8928103961437E-12 -1.2011537536552E-11  8.3091461419057E-12  1.3824000000000E+05
 35 -3.6761682605944E-13  1.9070490657680E-12 -1.2046806318095E-11  8.2360822192568E-12  1.3824000000000E+05
 36 -3.7899764009848E-13  1.9124340407271E-12 -1.1827793573736E-11  8.1455801495990E-12  1.3824000000000E+05
 37 -3.8943709827768E-13  1.9183694823664E-12 -1.1518402724397E-11  8.0952433694463E-12  1.3824000000000E+05
 38 -4.0032942045447E-13  1.9341036345055E-12 -1.1281147984497E-11  8.3150504932385E-12  1.3824000000000E+05
 39 -4.1148394365077E-13  1.9578243141643E-12 -1.1098234285503E-11  8.7222181233520E-12  1.3824000000000E+05
 40 -4.2239819101898E-13  1.9785367659732E-12 -1.0802169263045E-11  8.9952247795807E-12  1.3824000000000E+05
 41 -4.3297684072307E-13  1.9876999683982E-12 -1.0359833059272E-11  9.0314694950780E-12  1.3824000000000E+05
 42 -4.4265736422131E-13  1.9870136959640E-12 -9.7653848215218E-12  9.0063131340043E-12  1.3824000000000E+05
 43 -4.5123052683446E-13  1.9856108167180E-12 -9.0405383947519E-12  9.0805407845454E-12  1.3824000000000E+05
 44 -4.5923293675624E-13  1.9916888419726E-12 -8.2700762954681E-12  9.2798638552624E-12  1.3824000000000E+05
 45 -4.6705144505628E-13  2.0068356248078E-12 -7.7126724720522E-12  9.6013212139440E-12  1.3824000000000E+05
 46 -4.7530447991176E-13  2.0266593387186E-12 -7.7576116593666E-12  9.8790456658700E-12  1.3824000000000E+05
 47 -4.8458079414759E-13  2.0444022879088E-12 -7.7907364058596E-12  1.0070603529057E-11  1.3824000000000E+05
 48 -4.9395964350903E-13  2.0545868356107E-12 -7.7919058338197E-12  9.9837316777140E-12  1.3824000000000E+05
 49 -5.0207626257263E-13  2.0562906413353E-12 -7.7695389591178E-12  9.6336905550247E-12  1.3824000000000E+05
 50 -5.0902319458211E-13  2.0542287559369E-12 -7.7146610659775E-12  9.1160072419630E-12  1.3824000000000E+05
 51 -5.1544489452272E-13  2.0555822088952E-12 -7.6416213312316E-12  8.5003330908853E-12  1.3824000000000E+05
 52 -5.2151042621505E-13  2.0653526934071E-12 -7.5621640857978E-12  8.2551816715128E-12  1.3824000000000E+05
 53 -5.2743907278831E-13  2.0845634433975E-12 -7.4854825034903E-12  8.1564549169950E-12  1.3824000000000E+05
 54 -5.3348342830436E-13  2.1113864695165E-12 -7.6243630577666E-12  7.9908856237883E-12  1.3824000000000E+05
 55 -5.3991464436955E-13  2.1435455584602E-12 -8.2864366352888E-12  7.8147341205021E-12  1.3824000000000E+05
 56 -5.4748576660534E-13  2.1796370316871E-12 -8.9067849409516E-12  7.6937014886286E-12  1.3824000000000E+05
 57 -5.5665229337150E-13  2.2183848202202E-12 -9.4556884083281E-12  7.6136500126143E-12  1.3824000000000E+05
 58 -5.6680030431225E-13  2.2578044110437E-12 -9.9722295904056E-12  7.5468961360521E-12  1.3824000000000E+05
 59 -5.7722728437035E-13  2.2959379615013E-12 -1.0433818364118E-11  7.4761860838966E-12  1.3824000000000E+05
 60 -5.8778368992649E-13  2.3321086376347E-12 -1.0864631682777E-11  7.3696456798073E-12  1.3824000000000E+05
 61 -5.9836992046199E-13  2.3672114281254E-12 -1.1263016602606E-11  7.2921489106991E-12  1.3824000000000E+05
 62 -6.0899988523383E-13  2.4029422391579E-12 -1.1652757453694E-11  7.2459808097079E-12  1.3824000000000E+05
 63 -6.1994597748212E-13  2.4405711296197E-12 -1.2021152808174E-11  7.3064304444384E-12  1.3824000000000E+05
 64 -6.3121560892625E-13  2.4799402875729E-12 -1.2373591475196E-11  7.3962336771927E-12  1.3824000000000E+05
 65 -6.4242819231010E-13  2.5196733268360E-12 -1.2705941038236E-11  7.4229958778029E-12  1.3824000000000E+05
 66 -6.5307829274111E-13  2.5582369238608E-12 -1.3014429227443E-11  7.4384084429407E-12  1.3824000000000E+05
 67 -6.6259913846343E-13  2.5948475373049E-12 -1.3299902301723E-11  7.5003431893545E-12  1.3824000000000E+05
 68 -6.7082578055240E-13  2.6298209009125E-12 -1.3563936956361E-11  7.5730463830264E-12  1.3824000000000E+05
 69 -6.7840139022430E-13  2.6644475349340E-12 -1.3783632515583E-11  7.6560849175248E-12  1.3824000000000E+05
 70 -6.8610800138237E-13  2.7000850345958E-12 -1.4003411965717E-11  7.6728951156671E-12  1.3824000000000E+05
 71 -6.9409871357532E-13  2.7372115096883E-12 -1.4188150793110E-11  7.6876675992486E-12  1.3824000000000E+05
 72 -7.0213661477472E-13  2.7753728615077E-12 -1.4348882299698E-11  7.6992291662730E-12  1.3824000000000E+05
 73 -7.1000007303353E-13  2.8135190522644E-12 -1.4491795980459E-11  7.7493629251873E-12  1.3824000000000E+05
 74 -7.1750160106756E-13  2.8503438770627E-12 -1.4595304192646E-11  7.7684030013610E-12  1.3824000000000E+05
 75 -7.2456329751058E-13  2.8850856644222E-12 -1.4650130674082E-11  7.7326340032484E-12  1.3824000000000E+05
 76 -7.3108197503554E-13  2.9178728825301E-12 -1.4682084672629E-11  7.6446899702537E-12  1.3824000000000E+05
 77 -7.3679250462446E-13  2.9492323159501E-12 -1.4702679210331E-11  7.5497849013051E-12  1.3824000000000E+05
 78 -7.4162355964166E-13  2.9799763989500E-12 -1.4637870199554E-11  7.4346533611756E-12  1.3824000000000E+05
 79 -7.4593608085866E-13  3.0112118823559E-12 -1.4578143777792E-11  7.2851771135619E-12  1.3824000000000E+05
 80 -7.5023263071704E-13  3.0438321276678E-12 -1.4478308321263E-11  7.1912902670020E-12  1.3824000000000E+05
 81 -7.5494525685716E-13  3.0783219224715E-12 -1.4379424780038E-11  7.0646495244107E-12  1.3824000000000E+05
 82 -7.6051887252132E-13  3.1148093193869E-12 -1.4266821313171E-11  7.0118020963041E-12  1.3824000000000E+05
 83 -7.6720150372987E-13  3.1530060870611E-12 -1.4180770437184E-11  6.9733895569429E-12  1.3824000000000E+05
 84 -7.7482448766332E-13  3.1923149469039E-12 -1.4064867037494E-11  6.9300531563557E-12  1.3824000000000E+05
 85 -7.8307643067951E-13  3.2321844871883E-12 -1.3939687617140E-11  6.9971103680348E-12  1.3824000000000E+05
 86 -7.9178416828660E-13  3.2722308145554E-12 -1.3860896795385E-11  7.2457238335352E-12  1.3824000000000E+05
 87 -8.0098182083154E-13  3.3122538990042E-12 -1.3767403010883E-11  7.4707525266210E-12  1.3824000000000E+05
 88 -8.1089326627728E-13  3.3523254503467E-12 -1.3696556842277E-11  7.6955927219536E-12  1.3824000000000E+05
 89 -8.2161743049534E-13  3.3925693579651E-12 -1.3592017919871E-11  7.8831931409493E-12  1.3824000000000E+05
 90 -8.3282375517680E-13  3.4329614257340E-12 -1.3484551598105E-11  8.0488452962074E-12  1.3824000000000E+05
 91 -8.4403204082690E-13  3.4733325755383E-12 -1.3441225240308E-11  8.2493372600521E-12  1.3824000000000E+05
 92 -8.5494835248640E-13  3.5134947965528E-12 -1.3373492059794E-11  8.4415427514507E-12  1.3824000000000E+05
 93 -8.6537648470901E-13  3.5533501880795E-12 -1.3332135837413E-11  8.5934226729125E-12  1.3824000000000E+05
 94 -8.7518398084551E-13  3.5928400936040E-12 -1.3318456106794E-11  8.7419374373097E-12  1.3824000000000E+05
 95 -8.8438412500841E-13  3.6320074734513E-12 -1.3333776151771E-11  8.8727202546022E-12  1.3824000000000E+05
 96 -8.9304772504357E-13  3.6709121140942E-12 -1.3373701032703E-11  9.0070464420037E-12  1.3824000000000E+05
 97 -9.0126371420016E-13  3.7095962894499E-12 -1.3478431498286E-11  9.1315585690185E-12  1.3824000000000E+05
 98 -9.0921066652217E-13  3.7482513916289E-12 -1.3607891475433E-11  9.2590347453527E-12  1.3824000000000E+05
 99 -9.1704228074700E-13  3.7871337853312E-12 -1.3679616557717E-11  9.4046572611139E-12  1.3824000000000E+05
100 -9.2473567761814E-13  3.8263430599943E-12 -1.3792117019381E-11  9.5291170327688E-12  1.3824000000000E+05
101 -9.3214237078911E-13  3.8658062670533E-12 -1.3879325540479E-11  9.6474772464423E-12  1.3824000000000E+05
102 -9.3903485841293E-13  3.9053460974636E-12 -1.3939097247625E-11  9.7377295062753E-12  1.3824000000000E+05
103 -9.4511540757042E-13  3.9447364653013E-12 -1.3987511890577E-11  9.8229745635162E-12  1.3824000000000E+05
104 -9.5022961355827E-13  3.9838566125532E-12 -1.4154590319496E-11  9.9167283213316E-12  1.3824000000000E+05
105 -9.5455670837957E-13  4.0227962205394E-12 -1.4348105241052E-11  1.0085723816741E-11  1.3824000000000E+05
106 -9.5848726625449E-13  4.0618412091203E-12 -1.4570082751521E-11  1.0275932008489E-11  1.3824000000000E+05
107 -9.6243392366357E-13  4.1013439800975E-12 -1.4805654727812E-11  1.0442068936603E-11  1.3824000000000E+05
108 -9.6666546272456E-13  4.1415586568042E-12 -1.5029629629222E-11  1.0659770082547E-11  1.3824000000000E+05
109 -9.7119079907212E-13  4.1825395344795E-12 -1.5292788386543E-11  1.0860248650710E-11  1.3824000000000E+05
110 -9.7596214747188E-13  4.2241528297060E-12 -1.5539255430227E-11  1.1055162369440E-11  1.3824000000000E+05
111 -9.8107723103019E-13  4.2661907362481E-12 -1.5770589882911E-11  1.1264545312327E-11  1.3824000000000E+05
112 -9.8669047075382E-13  4.3085304736684E-12 -1.6026737991742E-11  1.1477786132353E-11  1.3824000000000E+05
113 -9.9291866134354E-13  4.3511423202362E-12 -1.6256269248919E-11  1.1633665926641E-11  1.3824000000000E+05
114 -9.9980178675426E-13  4.3940459215329E-12 -1.6529595792048E-11  1.1820713315771E-11  1.3824000000000E+05
115 -1.0072779658158E-12  4.4372608143036E-12 -1.6760332516718E-11  1.2035191856464E-11  1.3824000000000E+05
116 -1.0151779818975E-12  4.4808769532722E-12 -1.7013633037565E-11  1.2234666846609E-11  1.3824000000000E+05
117 -1.0232592336156E-12  4.5250259929096E-12 -1.7260182622371E-11  1.2410898238473E-11  1.3824000000000E+05
118 -1.0312502642407E-12  4.5696741433742E-12 -1.7487032944212E-11  1.2608715776910E-11  1.3824000000000E+05
119 -1.0388875288336E-12  4.6146526416790E-12 -1.7729459797866E-11  1.2791264590220E-11  1.3824000000000E+05
120 -1.0459788946548E-12  4.6597978985635E-12 -1.7951472048693E-11  1.2992806831519E-11  1.3824000000000E+05
121 -1.0524152751289E-12  4.7049987096902E-12 -1.8199383482889E-11  1.3158110329472E-11  1.3824000000000E+05
122 -1.0581455222951E-12  4.7502058470419E-12 -1.8413506059493E-11  1.3377335270915E-11  1.3824000000000E+05
123 -1.0632498955465E-12  4.7955269214395E-12 -1.8611541105161E-11  1.3579884261276E-11  1.3824000000000E+05
124 -1.0679983869187E-12  4.8412484521367E-12 -1.8838269820993E-11  1.3680381473002E-11  1.3824000000000E+05
125 -1.0726626878016E-12  4.8876221438035E-12 -1.9052402937607E-11  1.3814984486955E-11  1.3824000000000E+05
126 -1.0773165065500E-12  4.9347596712404E-12 -1.9266078912627E-11  1.3957671357391E-11  1.3824000000000E+05
127 -1.0818455143843E-12  4.9825480051471E-12 -1.9484549842783E-11  1.4092915431297E-11  1.3824000000000E+05
128 -1.0860024968639E-12  5.0307387058324E-12 -1.9653776433044E-11  1.4261303384828E-11  1.3824000000000E+05
129 -1.0895950214907E-12  5.0790763227599E-12 -1.9864620325211E-11  1.4414064089871E-11  1.3824000000000E+05
130 -1.0926037562836E-12  5.1274247032117E-12 -2.0056022546004E-11  1.4636136883753E-11  1.3824000000000E+05
131 -1.0950712463114E-12  5.1757881200505E-12 -2.0251079621407E-11  1.4911467287658E-11  1.3824000000000E+05
132 -1.0970981340921E-12  5.2242398298387E-12 -2.0442219267099E-11  1.5199075617571E-11  1.3824000000000E+05
133 -1.0989004226701E-12  5.2729232094300E-12 -2.0731606918592E-11  1.5454550233053E-11  1.3824000000000E+05
134 -1.1007022936989E-12  5.3219513231518E-12 -2.0946325665655E-11  1.5720262593902E-11  1.3824000000000E+05
135 -1.1026827329175E-12  5.3712922543862E-12 -2.1117533082657E-11  1.5966067248311E-11  1.3824000000000E+05
136 -1.1050266956956E-12  5.4208396167239E-12 -2.1345099420272E-11  1.6216891076069E-11  1.3824000000000E+05
137 -1.1079164390683E-12  5.4704103871609E-12 -2.1618798118007E-11  1.6438150537908E-11  1.3824000000000E+05
138 -1.1115241556466E-12  5.5197812364409E-12 -2.1925082085589E-11  1.6671884458226E-11  1.3824000000000E+05
139 -1.1159412163836E-12  5.5688229113293E-12 -2.2219649258840E-11  1.6872120571281E-11  1.3824000000000E+05
140 -1.1211762919429E-12  5.6175276515353E-12 -2.2482893823671E-11  1.7065457865524E-11  1.3824000000000E+05
141 -1.1272488796768E-12  5.6659620342188E-12 -2.2752494887328E-11  1.7225212202098E-11  1.3824000000000E+05
142 -1.1341833170659E-12  5.7141289021462E-12 -2.3054833702739E-11  1.7398343905321E-11  1.3824000000000E+05
143 -1.1419373140838E-12  5.7619615269605E-12 -2.3364391573039E-11  1.7539768308159E-11  1.3824000000000E+05
144 -1.1503769631830E-12  5.8094160379340E-12 -2.3696026687342E-11  1.7665535132371E-11  1.3824000000000E+05
145 -1.1592448318647E-12  5.8565296688294E-12 -2.4004757053671E-11  1.7783322583836E-11  1.3824000000000E+05
146 -1.1681284564428E-12  5.9032929014902E-12 -2.4312092290234E-11  1.7891250541777E-11  1.3824000000000E+05
147 -1.1767265896409E-12  5.9495944128834E-12 -2.4612507094057E-11  1.7981825833727E-11  1.3824000000000E+05
148 -1.1850050425326E-12  5.9954946759847E-12 -2.4908527198413E-11  1.8063481314751E-11  1.3824000000000E+05
149 -1.1929637156717E-12  6.0411553774699E-12 -2.5181895886847E-11  1.8124961686580E-11  1.3824000000000E+05
150 -1.2006463185746E-12  6.0867367449192E-12 -2.5450953499043E-11  1.8158034443300E-11  1.3824000000000E+05
151 -1.2082094067283E-12  6.1324529783178E-12 -2.5735605825688E-11  1.8192304232377E-11  1.3824000000000E+05
152 -1.2157200768500E-12  6.1785254614600E-12 -2.5957290204587E-11  1.8300709180689E-11  1.3824000000000E+05
153 -1.2231142644110E-12  6.2250555435120E-12 -2.6163828082176E-11  1.8477606151910E-11  1.3824000000000E+05
154 -1.2302608993734E-12  6.2719586468667E-12 -2.6397353715353E-11  1.8636709309621E-11  1.3824000000000E+05
155 -1.2369278479783E-12  6.3190110364576E-12 -2.6613084550314E-11  1.8820059844478E-11  1.3824000000000E+05
156 -1.2429435252788E-12  6.3659431516808E-12 -2.6797381253670E-11  1.9021080762552E-11  1.3824000000000E+05
157 -1.2482703337824E-12  6.4125500569572E-12 -2.6928547207748E-11  1.9180913121622E-11  1.3824000000000E+05
158 -1.2528683166475E-12  6.4587728532687E-12 -2.7024802195344E-11  1.9350946540703E-11  1.3824000000000E+05
159 -1.2567353707444E-12  6.5045919002216E-12 -2.7109618199212E-11  1.9552243558572E-11  1.3824000000000E+05
160 -1.2600044124183E-12  6.5500058074925E-12 -2.7151211677869E-11  1.9751923659245E-11  1.3824000000000E+05
161 -1.2628655942886E-12  6.5950677511001E-12 -2.7174129368961E-11  1.9904674529938E-11  1.3824000000000E+05
162 -1.2653935352712E-12  6.6397611523547E-12 -2.7461888021995E-11  2.0050681524006E-11  1.3824000000000E+05
163 -1.2676089400695E-12  6.6839759632053E-12 -2.8117336319178E-11  2.0203062602454E-11  1.3824000000000E+05
164 -1.2695548885180E-12  6.7275300529406E-12 -2.8799572778858E-11  2.0397616494530E-11  1.3824000000000E+05
165 -1.2713178437657E-12  6.7702105062041E-12 -2.9376087437907E-11  2.0516853933729E-11  1.3824000000000E+05
166 -1.2730910905228E-12  6.8117654292293E-12 -2.9975317981105E-11  2.0663672171642E-11  1.3824000000000E+05
167 -1.2750237240852E-12  6.8519637381040E-12 -3.0610338818408E-11  2.0788627214443E-11  1.3824000000000E+05
168 -1.2771423052204E-12  6.8906246941198E-12 -3.1241529666188E-11  2.0892876226901E-11  1.3824000000000E+05
169 -1.2795232618373E-12  6.9276809451135E-12 -3.1890216376029E-11  2.0962842102384E-11  1.3824000000000E+05
170 -1.2821730720628E-12  6.9629912438436E-12 -3.2473103180698E-11  2.1063745060021E-11  1.3824000000000E+05
171 -1.2848599722890E-12  6.9962413212526E-12 -3.2988128885417E-11  2.1124395571978E-11  1.3824000000000E+05
172 -1.2873627241068E-12  7.0273286077993E-12 -3.3503734624820E-11  2.1190558051636E-11  1.3824000000000E+05
173 -1.2895824551153E-12  7.0562853124646E-12 -3.3973701883063E-11  2.1295129085501E-11  1.3824000000000E+05
174 -1.2914501758163E-12  7.0831026201945E-12 -3.4397533633310E-11  2.1373966996977E-11  1.3824000000000E+05
175 -1.2929630184320E-12  7.1078541138519E-12 -3.4715687140527E-11  2.1385033216652E-11  1.3824000000000E+05
176 -1.2942445509341E-12  7.1308734224783E-12 -3.4979984891916E-11  2.1336652037410E-11  1.3824000000000E+05
177 -1.2953971212994E-12  7.1525447815952E-12 -3.5251250835399E-11  2.1315532593656E-11  1.3824000000000E+05
178 -1.2964136268853E-12  7.1730108120153E-12 -3.5450758117376E-11  2.1307507117039E-11  1.3824000000000E+05
179 -1.2972583131922E-12  7.1922712520019E-12 -3.5556999453655E-11  2.1308747457322E-11  1.3824000000000E+05
180 -1.2978482280295E-12  7.2103755886637E-12 -3.5590578464084E-11  2.1301165418854E-11  1.3824000000000E+05
181 -1.2980231533288E-12  7.2275168280417E-12 -3.5524954013818E-11  2.1268132513722E-11  1.3824000000000E+05
182 -1.2975995180176E-12  7.2437795074073E-12 -3.5390132789567E-11  2.1151103183342E-11  1.3824000000000E+05
183 -1.2964991758885E-12  7.2592775491133E-12 -3.5162727617845E-11  2.1006657144956E-11  1.3824000000000E+05
184 -1.2947975505740E-12  7.2743336950147E-12 -3.4912613674926E-11  2.0971345355147E-11  1.3824000000000E+05
185 -1.2926025454138E-12  7.2891520595851E-12 -3.4679574791585E-11  2.0972706779689E-11  1.3824000000000E+05
186 -1.2899237834226E-12  7.3037415124634E-12 -3.4460156590333E-11  2.1130170162871E-11  1.3824000000000E+05
187 -1.2867531156099E-12  7.3180159109277E-12 -3.4233262084718E-11  2.1319253907553E-11  1.3824000000000E+05
188 -1.2832184434030E-12  7.3319513137903E-12 -3.4033132525008E-11  2.1495490756644E-11  1.3824000000000E+05
189 -1.2794425765659E-12  7.3454513841135E-12 -3.3817443035194E-11  2.1655212020931E-11  1.3824000000000E+05
190 -1.2754787527326E-12  7.3582631181770E-12 -3.3629740682975E-11  2.1794503050585E-11  1.3824000000000E+05
191 -1.2715170645826E-12  7.3702373964316E-12 -3.3472381738312E-11  2.1924878934574E-11  1.3824000000000E+05
192 -1.2677850146946E-12  7.3813096036214E-12 -3.3347902098760E-11  2.2043392240852E-11  1.3824000000000E+05
193 -1.2644269832217E-12  7.3913176094680E-12 -3.3228428021126E-11  2.2152378611324E-11  1.3824000000000E+05
194 -1.2615650886746E-12  7.4000817580959E-12 -3.3122870556381E-11  2.2250120685189E-11  1.3824000000000E+05
195 -1.2592646979531E-12  7.4074452028218E-12 -3.2990953762749E-11  2.2322567246969E-11  1.3824000000000E+05
196 -1.2575253302626E-12  7.4132218326883E-12 -3.2929263718719E-11  2.2371582125370E-11  1.3824000000000E+05
197 -1.2563744534392E-12  7.4172169323690E-12 -3.2894630139735E-11  2.2408425541944E-11  1.3824000000000E+05
198 -1.2558513415829E-12  7.4192561229592E-12 -3.2895875577549E-11  2.2426688689169E-11  1.3824000000000E+05
 
 field : ETAN     ; Iter =      2640 ; region #   0 ; nb.Lev =   1
 k | --   Average    -- | --   Std.Dev    -- | --     min      -- | --     max      -- | --    Vol
  0  3.1802409040307E-12  2.3143258947731E-12 -1.3033801894992E-12  8.1568065916100E-12  6.9120000000000E+04
 
 field : UVEL     ; Iter =      2640 ; region #   0 ; nb.Lev = 198
 k | --   Average    -- | --   Std.Dev    -- | --     min      -- | --     max      -- | --    Vol
  0  1.0896726081743E-24  1.1276973667256E-12 -4.3885844435207E-12  3.9764258305410E-12  2.7371520000000E+07
  1  1.8448362173776E-21  1.3684221470101E-12 -2.9942769981289E-12  3.4600966727109E-12  1.3824000000000E+05
  2 -1.3329568936265E-21  1.2821228384887E-12 -2.7667466535740E-12  2.6714064496688E-12  1.3824000000000E+05
  3 -5.5542088081443E-21  1.1818008525360E-12 -2.4958397995777E-12  2.3586131366243E-12  1.3824000000000E+05
  4 -2.0938829427296E-21  1.2358101408900E-12 -2.8694213983600E-12  2.5034938016072E-12  1.3824000000000E+05
  5  3.6402573052966E-21  8.2907348781768E-13 -1.6943227119236E-12  1.3311649729835E-12  1.3824000000000E+05
  6  4.6788918604462E-21  1.2745418313282E-12 -2.4345897684974E-12  2.9393815910585E-12  1.3824000000000E+05
  7  1.2102579358528E-22  1.0691589507842E-12 -2.1966951618726E-12  2.0841569898629E-12  1.3824000000000E+05
  8 -1.3370106259290E-21  1.2627420936126E-12 -2.5218477721226E-12  2.7936581343275E-12  1.3824000000000E+05
  9  1.7677462345413E-21  1.0957166390991E-12 -2.2543408828449E-12  2.9176235587237E-12  1.3824000000000E+05
 10  3.3802959564892E-21  1.1505761117683E-12 -2.7689633107829E-12  1.7496199009365E-12  1.3824000000000E+05
 11  1.3952699275805E-21  1.0850308246963E-12 -1.8919491722188E-12  2.3891663812019E-12  1.3824000000000E+05
 12 -1.2901336359196E-21  8.3557759726720E-13 -1.6008341074424E-12  2.0754858395236E-12  1.3824000000000E+05
 13 -2.4128208366088E-21  1.2803596948156E-12 -2.9855105931407E-12  2.3840183100844E-12  1.3824000000000E+05
 14 -1.4019206766603E-21  7.6130225896682E-13 -1.4992594459254E-12  1.7638597492859E-12  1.3824000000000E+05
 15  3.6931729119015E-22  1.1453230128071E-12 -2.3121708670393E-12  2.6206719352064E-12  1.3824000000000E+05
 16  5.0872968403112E-22  9.5330064080580E-13 -2.7445665465664E-12  2.1539885978077E-12  1.3824000000000E+05
 17 -9.2057661520037E-22  8.9697516047584E-13 -1.4537015621284E-12  1.8413312542775E-12  1.3824000000000E+05
 18 -1.7472031737362E-21  1.0917540406332E-12 -2.6411689124165E-12  2.3580811923995E-12  1.3824000000000E+05
 19  3.2076767122562E-22  8.4846982410528E-13 -1.9070107380941E-12  1.8709975603749E-12  1.3824000000000E+05
 20  2.6872790565108E-21  1.0827085555228E-12 -2.1000298444385E-12  2.3212579242076E-12  1.3824000000000E+05
 21  2.9521210615815E-21  7.6157946260929E-13 -1.9449836346181E-12  1.4071708018244E-12  1.3824000000000E+05
 22  8.2879085139423E-22  9.6698546228323E-13 -1.8004921728144E-12  2.4340259743786E-12  1.3824000000000E+05
 23 -7.0893426077114E-22  9.2849219740131E-13 -1.8034309640600E-12  2.2312064977162E-12  1.3824000000000E+05
 24 -5.6658034444918E-22  7.6092369221003E-13 -1.9877776266582E-12  1.7241588835358E-12  1.3824000000000E+05
 25  1.2721759148222E-21  9.4740551865702E-13 -1.9666817562414E-12  1.8171087034094E-12  1.3824000000000E+05
 26  9.9400182143381E-22  6.4869947583209E-13 -1.1524444059329E-12  1.8803018102913E-12  1.3824000000000E+05
 27 -1.7964353263104E-21  9.4878879478606E-13 -2.0692492734198E-12  1.5680024424189E-12  1.3824000000000E+05
 28 -3.9008109122347E-21  6.5600350809307E-13 -1.6096461108025E-12  1.5315387044289E-12  1.3824000000000E+05
 29 -1.1461450784891E-21  9.1760506934740E-13 -1.5152185765651E-12  2.2933520935034E-12  1.3824000000000E+05
 30  2.1715450418586E-21  8.2793675375957E-13 -1.6568573113923E-12  1.3358672946756E-12  1.3824000000000E+05
 31  2.3307610408443E-21  8.1903740325273E-13 -1.7568794902187E-12  1.5783931943213E-12  1.3824000000000E+05
 32 -1.1010700491462E-21  8.0973717131954E-13 -1.4844219916690E-12  1.5110529057937E-12  1.3824000000000E+05
 33 -2.4842226366223E-21  6.6200983961606E-13 -1.3547674080829E-12  1.2814674504746E-12  1.3824000000000E+05
 34 -3.5119996879427E-23  9.2772106049628E-13 -1.6206329374355E-12  1.9931474703650E-12  1.3824000000000E+05
 35  3.3862629101815E-21  6.4270744013081E-13 -1.9320364484672E-12  1.1906584758612E-12  1.3824000000000E+05
 36  2.4134751456285E-21  9.4887791659898E-13 -2.2805848108631E-12  2.4252547456937E-12  1.3824000000000E+05
 37 -1.1173831218895E-21  7.9140434813617E-13 -1.4364120923219E-12  2.0985869190184E-12  1.3824000000000E+05
 38 -2.4174359341138E-21  8.7160449027296E-13 -1.9696680391005E-12  2.0139139707191E-12  1.3824000000000E+05
 39  6.8085341066093E-22  8.5410406816180E-13 -1.8807777298258E-12  1.6790481528770E-12  1.3824000000000E+05
 40  3.3940003582914E-21  7.6725509725588E-13 -1.5531743893979E-12  2.1465784100902E-12  1.3824000000000E+05
 41  5.6481097496707E-22  1.0305766603554E-12 -2.1699637678025E-12  1.8047097045276E-12  1.3824000000000E+05
 42 -3.2810295742604E-21  6.8074966507575E-13 -1.6368826706838E-12  1.2390764001835E-12  1.3824000000000E+05
 43 -2.0781811378835E-21  1.0345675204157E-12 -1.8096655598464E-12  2.4446154539058E-12  1.3824000000000E+05
 44  2.9312463381232E-21  6.7513059373520E-13 -1.3927315971491E-12  1.1983105595392E-12  1.3824000000000E+05
 45  3.0967869621147E-21  9.7463922114717E-13 -1.8135453961625E-12  1.7385191281967E-12  1.3824000000000E+05
 46 -1.4948031925596E-21  8.7808571952170E-13 -1.8143917105205E-12  1.6290575431854E-12  1.3824000000000E+05
 47 -3.0938155695249E-21  8.6333540621897E-13 -1.7827580862836E-12  1.8477965788156E-12  1.3824000000000E+05
 48  9.3670077880988E-22  1.0817253156383E-12 -2.1403538045963E-12  2.3781375179552E-12  1.3824000000000E+05
 49  3.6392012357224E-21  6.1551676258950E-13 -1.1261133960513E-12  1.3625251162173E-12  1.3824000000000E+05
 50  2.2178000238579E-21  1.1908250382861E-12 -2.9098271992259E-12  2.8463079519035E-12  1.3824000000000E+05
 51 -1.2881559375525E-21  6.5538563022488E-13 -1.3467149711240E-12  1.5824298545329E-12  1.3824000000000E+05
 52 -1.9494625385729E-21  1.2128494325347E-12 -3.1557446863778E-12  2.7226133042654E-12  1.3824000000000E+05
 53 -1.9763152315518E-23  8.4962847336425E-13 -1.6446158563621E-12  1.8345904584831E-12  1.3824000000000E+05
 54  2.8069673129028E-21  8.8063938530624E-13 -1.5944118564614E-12  2.3907602030464E-12  1.3824000000000E+05
 55  1.4552479349625E-21  1.1777548088903E-12 -2.2552547324966E-12  1.9745170152594E-12  1.3824000000000E+05
 56 -1.4666375547443E-21  7.0117176681606E-13 -1.5694856211354E-12  1.4301676012056E-12  1.3824000000000E+05
 57 -1.7750184226971E-21  1.3220271894787E-12 -2.0600070107626E-12  2.4054510098087E-12  1.3824000000000E+05
 58  1.1940777272147E-21  6.6003243362156E-13 -1.7130267895494E-12  1.0702744132281E-12  1.3824000000000E+05
 59  8.8939626634586E-22  1.2195099609882E-12 -2.4031500769135E-12  2.2662020903655E-12  1.3824000000000E+05
 60 -3.5924593146044E-22  9.2885437880490E-13 -1.9665844282713E-12  1.6791694780386E-12  1.3824000000000E+05
 61 -5.3226117152004E-22  1.1594464236965E-12 -2.8993483927939E-12  2.5259109389996E-12  1.3824000000000E+05
 62  7.8942551895654E-22  1.2320885253858E-12 -2.3260409877391E-12  2.3914597119262E-12  1.3824000000000E+05
 63 -5.8620524004502E-22  7.9367231852498E-13 -1.7829877627175E-12  1.9465498170839E-12  1.3824000000000E+05
 64 -1.0092460026615E-21  1.4380723587877E-12 -2.4446894975441E-12  3.1761958583289E-12  1.3824000000000E+05
 65 -4.3778884601933E-22  5.8327805294698E-13 -1.6833604716216E-12  1.0847438506844E-12  1.3824000000000E+05
 66  1.8247007083274E-24  1.4598084805609E-12 -3.6421540234898E-12  2.3993449566648E-12  1.3824000000000E+05
 67  3.1497052661272E-22  8.5868123003210E-13 -1.7562303209591E-12  1.9901736747422E-12  1.3824000000000E+05
 68  5.2632729370779E-22  1.2624019303057E-12 -2.0201660233495E-12  3.2928112365657E-12  1.3824000000000E+05
 69 -3.5007384832378E-22  1.1490755773886E-12 -2.3575792309048E-12  2.5456440058907E-12  1.3824000000000E+05
 70 -1.3060017692558E-21  8.6530508589258E-13 -2.2830255333992E-12  1.8456561819480E-12  1.3824000000000E+05
 71 -6.8138780392762E-22  1.4790094657319E-12 -3.4333071836517E-12  2.5892737926863E-12  1.3824000000000E+05
 72  5.1950701008366E-22  5.7832290657805E-13 -1.4821627537887E-12  9.8741143409881E-13  1.3824000000000E+05
 73 -5.9279560486985E-22  1.5521739733862E-12 -2.8753319424161E-12  3.1895573806801E-12  1.3824000000000E+05
 74 -1.3042220117179E-21  7.5470498149486E-13 -2.0316358560079E-12  1.4827326074841E-12  1.3824000000000E+05
 75  8.0703569436734E-22  1.4009712168650E-12 -3.0874924221996E-12  3.0926206500291E-12  1.3824000000000E+05
 76  1.8213371369484E-21  1.1360828793376E-12 -2.0813990285971E-12  2.2561245289598E-12  1.3824000000000E+05
 77 -7.3105827851042E-22  9.8154304520838E-13 -2.4003928778463E-12  2.1720675754362E-12  1.3824000000000E+05
 78 -1.5491047537703E-21  1.4577954209977E-12 -2.5719397322842E-12  2.9546732875910E-12  1.3824000000000E+05
 79  6.2767985267924E-22  6.7535722496839E-13 -1.2786621637129E-12  1.7085817418200E-12  1.3824000000000E+05
 80  1.1266533542315E-21  1.5401016813279E-12 -3.3048921429932E-12  2.6636683706485E-12  1.3824000000000E+05
 81 -3.0958993917982E-22  7.1517619631221E-13 -1.5412038837135E-12  1.5881244225153E-12  1.3824000000000E+05
 82 -2.3526405418813E-22  1.4807580130312E-12 -2.4538076935576E-12  2.9828287543382E-12  1.3824000000000E+05
 83 -1.0066206475541E-21  1.1308571647209E-12 -1.9480769003235E-12  2.9308675145445E-12  1.3824000000000E+05
 84 -1.4201044079160E-21  1.1305043329200E-12 -2.6994634136268E-12  2.5838432134559E-12  1.3824000000000E+05
 85  6.2953684928290E-22  1.4260699111925E-12 -3.4921356727853E-12  2.3293593096567E-12  1.3824000000000E+05
 86  2.0870470799650E-21  8.0101026372337E-13 -1.7748174416032E-12  1.3804761200845E-12  1.3824000000000E+05
 87 -3.9839124431784E-22  1.5750488181354E-12 -3.1053331632529E-12  3.4625421738376E-12  1.3824000000000E+05
 88 -2.4409099298649E-21  7.7943114621637E-13 -2.1170873897294E-12  1.3554779675239E-12  1.3824000000000E+05
 89 -5.4577715333409E-22  1.4673848069776E-12 -3.0846806978625E-12  3.3352059155786E-12  1.3824000000000E+05
 90  9.8483017799581E-22  1.0177153658522E-12 -2.1763020860704E-12  2.1261132440609E-12  1.3824000000000E+05
 91 -1.2607529852712E-23  1.2396664710480E-12 -3.1744618369555E-12  1.9089693134257E-12  1.3824000000000E+05
 92 -9.9254504545460E-22  1.3939562019547E-12 -2.4442263291659E-12  3.1058654006639E-12  1.3824000000000E+05
 93 -5.4794516825277E-22  9.3535195334353E-13 -1.5567844310106E-12  2.2086429789835E-12  1.3824000000000E+05
 94 -5.1114762552050E-23  1.5163317778433E-12 -3.4744972092922E-12  2.9199287891531E-12  1.3824000000000E+05
 95  4.6598413428130E-22  7.8411340110529E-13 -1.4786563167379E-12  1.6596078482602E-12  1.3824000000000E+05
 96  1.8029248281322E-21  1.5337768610056E-12 -3.1400088889731E-12  3.0816403383921E-12  1.3824000000000E+05
 97  6.2193773928065E-22  9.9040869137914E-13 -2.0742075558186E-12  2.7171464986836E-12  1.3824000000000E+05
 98 -1.6863416389696E-21  1.4518932537595E-12 -2.4640550291536E-12  3.3578311395026E-12  1.3824000000000E+05
 99 -1.6630784100612E-22  1.2369584588722E-12 -2.9862381760518E-12  2.2233245083786E-12  1.3824000000000E+05
100  2.4835864648291E-21  1.1369814212723E-12 -2.5402705010225E-12  1.5320301663753E-12  1.3824000000000E+05
101  8.4305301061738E-22  1.5618672082665E-12 -3.6772940310431E-12  3.5000849259175E-12  1.3824000000000E+05
102 -2.1037785314332E-21  7.3262367917566E-13 -1.3542998287017E-12  1.6019421444656E-12  1.3824000000000E+05
103  1.0738086840094E-22  1.6776468845139E-12 -3.3126709256717E-12  3.9764258305410E-12  1.3824000000000E+05
104  3.5823454059795E-21  8.0325414530191E-13 -1.4466414862892E-12  1.8730584000740E-12  1.3824000000000E+05
105  2.0776551178189E-21  1.5644211229675E-12 -3.7722736925697E-12  2.9908050836699E-12  1.3824000000000E+05
106 -1.0478485713692E-21  1.1388652280516E-12 -1.9282919651011E-12  2.2465195788848E-12  1.3824000000000E+05
107 -7.1864329833565E-22  1.3294846250721E-12 -2.5815537404372E-12  3.1734071883505E-12  1.3824000000000E+05
108  9.4083671444091E-22  1.6147595585177E-12 -3.4591398147697E-12  3.1201369322743E-12  1.3824000000000E+05
109  1.4671441095326E-21  9.3905216752920E-13 -1.9203275103026E-12  1.5404058254337E-12  1.3824000000000E+05
110  2.3048205370072E-21  1.8884139660698E-12 -3.9820429362618E-12  3.4575015733044E-12  1.3824000000000E+05
111  3.1793264216616E-22  7.5827930795644E-13 -1.4382980906246E-12  1.9305251907953E-12  1.3824000000000E+05
112 -2.4357675504179E-21  1.7305724007179E-12 -2.9047870373810E-12  3.9675535411957E-12  1.3824000000000E+05
113 -2.1790426649511E-21  1.1837651326532E-12 -2.3008985833230E-12  1.6186582000793E-12  1.3824000000000E+05
114  2.7662409523440E-21  1.4647559098826E-12 -3.2206995295115E-12  2.4300031858417E-12  1.3824000000000E+05
115  2.4654091295085E-21  1.5285301846747E-12 -3.0563364799823E-12  2.6088376942817E-12  1.3824000000000E+05
116 -2.6962497062760E-21  9.4742069135908E-13 -1.7465240033199E-12  2.0484202470758E-12  1.3824000000000E+05
117 -4.2027093016682E-21  1.8250252626022E-12 -3.2297818037394E-12  3.8189113544403E-12  1.3824000000000E+05
118  5.2204666565490E-22  8.3499998005061E-13 -1.7205775406302E-12  1.8182941345093E-12  1.3824000000000E+05
119  2.8054258344360E-21  1.6720171704543E-12 -4.3885844435207E-12  3.2812651576275E-12  1.3824000000000E+05
120  1.0225445291587E-21  1.1544921386057E-12 -1.8454916222772E-12  2.5836616255918E-12  1.3824000000000E+05
121 -4.3974078408836E-22  1.2840766252442E-12 -2.5919154350964E-12  3.5278535731550E-12  1.3824000000000E+05
122 -3.7868746078496E-23  1.4076666893541E-12 -2.7445568279618E-12  3.0352191172232E-12  1.3824000000000E+05
123  6.2640691055184E-22  7.7882565998174E-13 -2.0949460500588E-12  1.4647656909862E-12  1.3824000000000E+05
124  2.0094559973129E-21  1.6724714760568E-12 -3.4765652805089E-12  3.5612252080515E-12  1.3824000000000E+05
125  1.5315525753607E-21  7.0372714009818E-13 -1.4191869008641E-12  1.4385098245990E-12  1.3824000000000E+05
126 -6.8991092585118E-22  1.6351310908742E-12 -3.0417531051519E-12  3.8134597005699E-12  1.3824000000000E+05
127 -1.4797933775688E-21  1.1259509552380E-12 -2.4566115203506E-12  2.3855959946137E-12  1.3824000000000E+05
128 -4.9859516864206E-22  1.3445649208380E-12 -2.7235831609883E-12  2.2332993822311E-12  1.3824000000000E+05
129  1.3177574691054E-22  1.5665152363485E-12 -2.8883258694577E-12  2.8479299495869E-12  1.3824000000000E+05
130 -1.0039599243822E-21  9.4324795386806E-13 -2.8254727118117E-12  1.8984192690295E-12  1.3824000000000E+05
131 -1.5821572386613E-21  1.6735077093819E-12 -3.7035973758584E-12  2.9868028412170E-12  1.3824000000000E+05
132 -8.7132705309277E-22  9.7616938235413E-13 -1.9432449691168E-12  2.3762544103790E-12  1.3824000000000E+05
133  9.8127241879009E-23  1.5892249070111E-12 -2.8546872151099E-12  3.0433405712392E-12  1.3824000000000E+05
134  1.6635946537269E-22  9.9764510571448E-13 -1.7480037347967E-12  1.8425200700449E-12  1.3824000000000E+05
135  1.8488480009311E-22  1.2848546084454E-12 -2.2976715418049E-12  2.5337240731232E-12  1.3824000000000E+05
136 -2.3813759311130E-22  1.3758170159616E-12 -3.0493840298262E-12  2.3661221808564E-12  1.3824000000000E+05
137 -8.0721610608906E-22  1.0162987872540E-12 -2.2604912270231E-12  2.4707226279302E-12  1.3824000000000E+05
138 -1.3813065461965E-21  1.5857855023893E-12 -3.1396840123391E-12  3.6931888058519E-12  1.3824000000000E+05
139  3.2425405507380E-22  9.5505720342747E-13 -1.8692094293058E-12  1.8042239278939E-12  1.3824000000000E+05
140  1.0853719963737E-21  1.3788101353671E-12 -2.8574968020578E-12  3.4754273582069E-12  1.3824000000000E+05
141 -1.6185344286283E-21  1.2577721590947E-12 -2.4684505154997E-12  2.5009888834435E-12  1.3824000000000E+05
142 -4.0656586998770E-21  1.3418565198393E-12 -2.6224254315733E-12  2.7843737278049E-12  1.3824000000000E+05
143 -1.3918427328367E-21  1.4615776907431E-12 -2.9071534289425E-12  3.0763971771146E-12  1.3824000000000E+05
144  2.4524221875809E-21  1.0940641922247E-12 -2.9620338691545E-12  2.1078491759621E-12  1.3824000000000E+05
145  1.7333009433742E-21  1.5287672709778E-12 -3.9335257368216E-12  2.8538664891417E-12  1.3824000000000E+05
146 -9.3017820171356E-22  1.0267626165069E-12 -1.5689684292062E-12  2.8799017766807E-12  1.3824000000000E+05
147 -2.5110147566403E-21  1.4893071793627E-12 -2.4268125813189E-12  3.9722465040027E-12  1.3824000000000E+05
148 -1.3906269391240E-24  1.2492713620020E-12 -2.7038035271813E-12  2.7099699925177E-12  1.3824000000000E+05
149  3.6007073808126E-21  1.3518287391924E-12 -3.6058344635831E-12  2.2661293953651E-12  1.3824000000000E+05
150  3.1924773686973E-21  1.2587252480911E-12 -3.2668964929877E-12  2.0365007692904E-12  1.3824000000000E+05
151 -1.0997228294714E-21  1.0387996428439E-12 -1.7816869232025E-12  2.1110259818162E-12  1.3824000000000E+05
152 -4.2378162197289E-21  1.4820186850057E-12 -2.4694771595872E-12  3.7627087527674E-12  1.3824000000000E+05
153 -5.3406836980068E-22  1.0682438933773E-12 -2.1977454744841E-12  2.1384805643362E-12  1.3824000000000E+05
154  3.2668086257180E-21  1.4214652512851E-12 -3.2882531187067E-12  2.3070708545937E-12  1.3824000000000E+05
155  5.5562732017728E-23  1.0568815282400E-12 -3.0200854976527E-12  1.7325778225375E-12  1.3824000000000E+05
156 -6.1621023240504E-21  1.2980962949000E-12 -2.2639819983055E-12  2.8940115738111E-12  1.3824000000000E+05
157 -5.3901530194514E-21  1.1875764032428E-12 -1.7887266193207E-12  3.1053656460605E-12  1.3824000000000E+05
158 -1.7761529466124E-22  1.0795882319627E-12 -1.9877071161466E-12  2.1435207232446E-12  1.3824000000000E+05
159  1.8175432165439E-21  1.2794430152437E-12 -3.1637958924108E-12  2.3289532890042E-12  1.3824000000000E+05
160 -3.4774682021292E-22  9.8184502786045E-13 -2.7476700834544E-12  1.5929168463171E-12  1.3824000000000E+05
161 -1.6020884030408E-21  1.2718323223085E-12 -1.9385296652443E-12  3.2555278405931E-12  1.3824000000000E+05
162  1.1575887588649E-21  1.0959926409930E-12 -1.6927997275502E-12  2.9396092182974E-12  1.3824000000000E+05
163  5.1583242394153E-21  1.2568258203677E-12 -3.3080984787053E-12  2.5320776198433E-12  1.3824000000000E+05
164  5.9631181581299E-21  1.1401428920945E-12 -2.5447286586698E-12  2.3172503416099E-12  1.3824000000000E+05
165  4.9628591712895E-22  1.1846442836696E-12 -2.8768746040914E-12  2.6697381099895E-12  1.3824000000000E+05
166 -2.6576931813342E-21  1.1423527217057E-12 -2.4129081970611E-12  2.1101010207124E-12  1.3824000000000E+05
167  1.2114981740919E-21  1.1061564240862E-12 -2.8266690708218E-12  2.6908302261346E-12  1.3824000000000E+05
168  4.3854034624390E-21  1.0020989854314E-12 -2.1828311660198E-12  2.0093370738887E-12  1.3824000000000E+05
169 -1.6932205707848E-21  1.0318016268936E-12 -2.0739161253681E-12  2.3092787670212E-12  1.3824000000000E+05
170 -8.3887294268471E-21  1.2238703799447E-12 -2.1771928582045E-12  2.8964578215013E-12  1.3824000000000E+05
171 -5.5495985875616E-21  9.6420938050884E-13 -1.7443417589455E-12  2.1794372391706E-12  1.3824000000000E+05
172  4.0683636268931E-21  1.1604921426767E-12 -2.3295005360968E-12  2.4915408464070E-12  1.3824000000000E+05
173  6.0858284075631E-21  8.1087223429008E-13 -2.2971787145096E-12  1.3578291688509E-12  1.3824000000000E+05
174 -5.1546643034333E-22  1.1576736855156E-12 -2.7210890134157E-12  2.1220591546635E-12  1.3824000000000E+05
175 -4.5587529743813E-21  9.5540287232206E-13 -1.3607330066534E-12  2.3085615021501E-12  1.3824000000000E+05
176  9.5362453459686E-22  1.0105033069613E-12 -1.6739129825574E-12  2.9206497856805E-12  1.3824000000000E+05
177  8.8320645045653E-21  8.9620556373144E-13 -1.9072021944503E-12  1.3872675110447E-12  1.3824000000000E+05
178  6.6307363379368E-21  7.7043030896835E-13 -2.0119727067897E-12  1.8039191072321E-12  1.3824000000000E+05
179 -2.4858642871888E-21  1.1085957200491E-12 -2.6164279772523E-12  2.5193015879910E-12  1.3824000000000E+05
180 -6.8371203604079E-21  6.0865056743881E-13 -1.0200223800605E-12  1.3173933577594E-12  1.3824000000000E+05
181 -1.9229442231568E-21  1.1809611653716E-12 -2.5887761444726E-12  3.2035885904995E-12  1.3824000000000E+05
182  3.6925247025437E-21  7.0825200723545E-13 -1.8593292626276E-12  1.2585792502686E-12  1.3824000000000E+05
183  1.4619819211952E-21  9.9146224082302E-13 -2.5143233790042E-12  2.1236002971176E-12  1.3824000000000E+05
184 -5.6377774143893E-21  1.1054298806636E-12 -2.3323509074796E-12  2.3534096916730E-12  1.3824000000000E+05
185 -5.6708982309553E-21  6.1572525870882E-13 -1.4065400323907E-12  1.3553032851056E-12  1.3824000000000E+05
186  2.1959012511827E-21  1.1946553172102E-12 -2.2926365168549E-12  2.7228344469590E-12  1.3824000000000E+05
187  5.4592708375273E-21  4.9312210626870E-13 -1.2646978379812E-12  1.1851669914249E-12  1.3824000000000E+05
188  5.8589324538170E-22  9.8316681424344E-13 -2.5870410137220E-12  1.4803113860739E-12  1.3824000000000E+05
189 -4.9082787519758E-21  6.0188534318292E-13 -1.3822662575951E-12  1.5747184713618E-12  1.3824000000000E+05
190 -3.0458740870836E-21  8.8029383803270E-13 -2.0248812073424E-12  2.1583179743444E-12  1.3824000000000E+05
191  2.4032515601241E-21  9.1302650865001E-13 -1.7811994471636E-12  2.2177632925684E-12  1.3824000000000E+05
192  3.3560565943398E-21  8.0547495226816E-13 -1.7315822337450E-12  1.8630235511560E-12  1.3824000000000E+05
193 -7.9894426383844E-22  9.0946225031638E-13 -1.7371484423043E-12  2.0299798351125E-12  1.3824000000000E+05
194 -3.9052245909154E-21  3.3263561145051E-13 -6.9653196924320E-13  7.8499732300661E-13  1.3824000000000E+05
195 -8.4739882708941E-22  1.0478819737333E-12 -2.1439698884274E-12  2.0406890831070E-12  1.3824000000000E+05
196  2.8737709431858E-21  3.9692291441603E-13 -8.1646989952456E-13  9.7105543593925E-13  1.3824000000000E+05
197  6.0465981385062E-22  9.9611253890827E-13 -2.0686840288270E-12  2.3713334332518E-12  1.3824000000000E+05
198 -4.3690854497165E-21  5.5699940114394E-13 -1.7340075260404E-12  1.2719680445977E-12  1.3824000000000E+05
 
 field : VVEL     ; Iter =      2640 ; region #   0 ; nb.Lev = 198
 k | --   Average    -- | --   Std.Dev    -- | --     min      -- | --     max      -- | --    Vol
  0  4.6945024627241E-25  9.6064223903017E-13 -3.7100592192596E-12  3.8159938423879E-12  2.7371520000000E+07
  1  2.9577209325128E-22  1.2299315925898E-12 -3.2493776651228E-12  3.2653730256434E-12  1.3824000000000E+05
  2 -2.7448475792201E-22  1.1182007122508E-12 -2.3069475234223E-12  2.5821305613193E-12  1.3824000000000E+05
  3 -1.0931356151044E-21  8.1812826137135E-13 -1.7516337285649E-12  2.0511430790916E-12  1.3824000000000E+05
  4 -3.6162033732065E-22  1.0978800487815E-12 -2.8917235967871E-12  1.9977037107384E-12  1.3824000000000E+05
  5  7.7688885094188E-22  4.4635070650049E-13 -1.3555145020458E-12  9.6690583271181E-13  1.3824000000000E+05
  6  8.6225044270689E-22  1.0517482859131E-12 -2.0663362038125E-12  2.7007428382565E-12  1.3824000000000E+05
  7  1.8998259351278E-22  8.4993839027222E-13 -2.3130211792174E-12  2.4054961715211E-12  1.3824000000000E+05
  8 -2.6150279519389E-22  9.0823780848956E-13 -1.8725560174631E-12  1.9437206891773E-12  1.3824000000000E+05
  9  2.5998865961605E-22  9.5831727879244E-13 -2.1418343605754E-12  3.0497545092952E-12  1.3824000000000E+05
 10  1.0633990156818E-21  6.5092141716921E-13 -1.8405419653283E-12  1.5443236173992E-12  1.3824000000000E+05
 11  3.7770491248031E-22  9.4667187806746E-13 -2.5961821760419E-12  1.9937098560690E-12  1.3824000000000E+05
 12 -5.9450399140091E-22  5.2502408945362E-13 -1.1716382708536E-12  1.3233773733624E-12  1.3824000000000E+05
 13 -5.2228565777602E-22  9.8990148383981E-13 -1.6890273209850E-12  2.4461251788904E-12  1.3824000000000E+05
 14 -1.3107533421487E-22  5.9164037655561E-13 -1.1582033822964E-12  1.2828291045750E-12  1.3824000000000E+05
 15 -1.2723434032409E-22  8.0215471503277E-13 -1.5083708115479E-12  1.5853681792107E-12  1.3824000000000E+05
 16 -1.0195316863167E-22  8.5058612617147E-13 -1.9021172163997E-12  2.0094701867175E-12  1.3824000000000E+05
 17  1.2222932336247E-22  4.9945753225341E-13 -1.0494501104000E-12  1.1807657025178E-12  1.3824000000000E+05
 18 -1.5437518143578E-22  9.6020358392283E-13 -2.5097207360892E-12  1.9100622226065E-12  1.3824000000000E+05
 19 -2.3221643599670E-22  5.9035179807342E-13 -1.1235641431696E-12  1.5810748518058E-12  1.3824000000000E+05
 20  5.2384936501670E-22  8.4434644242265E-13 -1.8837918644208E-12  1.4965462442244E-12  1.3824000000000E+05
 21  9.6718865047409E-22  6.9028658173160E-13 -1.7438534701768E-12  1.5469168338766E-12  1.3824000000000E+05
 22  8.5015468027760E-23  7.5820053974603E-13 -1.4169604110927E-12  1.8243471203037E-12  1.3824000000000E+05
 23 -4.3063431063664E-22  8.2087895091504E-13 -1.6685497738878E-12  2.1123505127830E-12  1.3824000000000E+05
 24  1.3377399689311E-22  5.6204131944702E-13 -1.1180322562582E-12  1.4738145049166E-12  1.3824000000000E+05
 25  3.0706678143798E-22  8.2671219450348E-13 -1.8946210816537E-12  1.3144700907919E-12  1.3824000000000E+05
 26 -2.4806442837248E-22  5.4405020248571E-13 -9.6195477080089E-13  1.4745857467012E-12  1.3824000000000E+05
 27 -4.0522156011382E-22  7.2342268200862E-13 -1.3000932387289E-12  1.4801565368227E-12  1.3824000000000E+05
 28 -2.7709588922888E-22  6.4728698991512E-13 -1.6823835292074E-12  1.2246719644969E-12  1.3824000000000E+05
 29 -3.5173077333515E-22  6.8834051253073E-13 -1.4944309867122E-12  1.2187210925276E-12  1.3824000000000E+05
 30  5.6617313473039E-23  7.5542635558240E-13 -2.0228724834662E-12  1.5071978990203E-12  1.3824000000000E+05
 31  7.6229683432580E-22  6.9428326186673E-13 -1.3268598446220E-12  1.6021183124885E-12  1.3824000000000E+05
 32  2.6223143189526E-22  6.5437281153954E-13 -1.3466024609458E-12  1.5934704390019E-12  1.3824000000000E+05
 33 -6.6354265073518E-22  6.2142607829532E-13 -1.5438850281183E-12  1.1726219033573E-12  1.3824000000000E+05
 34 -1.0102540152248E-22  6.9344679488408E-13 -1.2424853940294E-12  1.8408788189305E-12  1.3824000000000E+05
 35  1.0758729684011E-21  6.3560178504606E-13 -1.5323441714374E-12  1.3166013599390E-12  1.3824000000000E+05
 36  3.9896588386192E-22  7.4511762414437E-13 -1.9681039233212E-12  1.4735208214519E-12  1.3824000000000E+05
 37 -6.8871340726713E-22  6.9603494986063E-13 -1.1690038665634E-12  1.5978382905656E-12  1.3824000000000E+05
 38 -1.6599835542594E-22  7.0416466324127E-13 -1.6833596491683E-12  1.4821600157785E-12  1.3824000000000E+05
 39  4.1499185189681E-22  6.7634439273650E-13 -1.5339338876173E-12  1.1653171238863E-12  1.3824000000000E+05
 40 -5.7245876869390E-23  6.9175149707815E-13 -1.2930666204217E-12  1.6213254073311E-12  1.3824000000000E+05
 41 -1.8421779580136E-22  7.5351639194785E-13 -1.3471376131563E-12  1.5952167848168E-12  1.3824000000000E+05
 42  2.3534565928059E-22  6.8019311311554E-13 -1.7442987436620E-12  1.6768267669397E-12  1.3824000000000E+05
 43 -2.0613245998454E-22  7.6027528426762E-13 -1.7825293931068E-12  1.6310838821560E-12  1.3824000000000E+05
 44 -6.9885208645890E-23  6.2121635451240E-13 -1.2980728719059E-12  1.0849999654710E-12  1.3824000000000E+05
 45  1.0579539113591E-21  7.6792994796631E-13 -1.3124712481711E-12  1.5928939329839E-12  1.3824000000000E+05
 46  6.3696399607492E-22  6.9935281110130E-13 -1.4082543724784E-12  1.4701985779464E-12  1.3824000000000E+05
 47 -1.0199378633815E-21  7.4884562008421E-13 -1.6992289824330E-12  1.2895066181693E-12  1.3824000000000E+05
 48 -3.6205024128214E-22  8.1217423958024E-13 -1.4197214290023E-12  1.5692803925733E-12  1.3824000000000E+05
 49  1.3706504542765E-21  6.4003266505180E-13 -1.4094950948443E-12  1.6150674506038E-12  1.3824000000000E+05
 50  5.4055746538106E-22  8.9116707217043E-13 -1.6227759108777E-12  2.1261202829844E-12  1.3824000000000E+05
 51 -1.0967653134144E-21  6.1516695066577E-13 -1.2307997992650E-12  1.2217569041057E-12  1.3824000000000E+05
 52 -2.9028846834805E-22  9.4418731483886E-13 -2.4533787166387E-12  1.8858748687534E-12  1.3824000000000E+05
 53  6.6631747654380E-22  6.9173526663429E-13 -1.6375211152473E-12  1.2660777243122E-12  1.3824000000000E+05
 54  3.3884004621276E-23  7.6666933086869E-13 -1.2781068743641E-12  2.0030824933821E-12  1.3824000000000E+05
 55 -2.0939896830812E-22  8.6624868064088E-13 -1.7161740931349E-12  1.5630394236247E-12  1.3824000000000E+05
 56  6.6834682360808E-22  7.1645950394908E-13 -1.7095235547248E-12  1.5558669300372E-12  1.3824000000000E+05
 57  6.0651033495328E-23  9.9617976135936E-13 -1.7404555130876E-12  1.9206549923062E-12  1.3824000000000E+05
 58 -5.5166636858828E-22  6.4673471528610E-13 -1.6842473205120E-12  1.2367948117406E-12  1.3824000000000E+05
 59  7.3206724141053E-22  9.7985091424802E-13 -2.2040799381897E-12  2.0245822765378E-12  1.3824000000000E+05
 60  1.0323428858747E-21  7.1278346693755E-13 -1.7521412620592E-12  1.5824223868204E-12  1.3824000000000E+05
 61 -1.0808534553881E-21  1.0592762084134E-12 -2.5531247357530E-12  1.9692031629020E-12  1.3824000000000E+05
 62 -7.5800909354819E-22  9.1083309331538E-13 -1.6026109736447E-12  2.0161216530336E-12  1.3824000000000E+05
 63  1.1745947699995E-21  7.9694451032072E-13 -1.3154818228176E-12  1.7081254158681E-12  1.3824000000000E+05
 64  7.8863940383071E-23  1.0892203441891E-12 -2.4134363717800E-12  2.1882633726027E-12  1.3824000000000E+05
 65 -1.6046672668002E-21  5.3441005846703E-13 -1.3388708095755E-12  1.0350361469780E-12  1.3824000000000E+05
 66  3.8910457975192E-23  1.2063142918427E-12 -2.5518328038091E-12  2.4774358267548E-12  1.3824000000000E+05
 67  1.2803055273745E-21  7.0027266018708E-13 -1.7727923849888E-12  1.3821505704035E-12  1.3824000000000E+05
 68 -1.7281028551252E-22  1.0750153742161E-12 -2.1982469954898E-12  2.5728821517951E-12  1.3824000000000E+05
 69 -6.1979345398168E-22  8.6574074475836E-13 -1.7988711861897E-12  1.9855933323619E-12  1.3824000000000E+05
 70  7.0519268821523E-22  8.5950739090918E-13 -1.9126588320743E-12  1.6025325571766E-12  1.3824000000000E+05
 71  2.3349351327453E-22  1.1259237447918E-12 -2.0657730145547E-12  2.6208652098779E-12  1.3824000000000E+05
 72 -8.0167960938713E-22  6.2072880843230E-13 -1.4779378774376E-12  1.3364735672862E-12  1.3824000000000E+05
 73  3.7860168093833E-22  1.2788128050362E-12 -2.8166783654723E-12  2.4750775890441E-12  1.3824000000000E+05
 74  9.2363087018861E-22  6.2445852613086E-13 -1.1935218875527E-12  1.8726655605105E-12  1.3824000000000E+05
 75 -8.9038265287954E-22  1.2265554705770E-12 -2.3520347859779E-12  2.5325269399804E-12  1.3824000000000E+05
 76 -6.3146457834042E-22  8.3341791895108E-13 -1.6596877333674E-12  1.7360886032399E-12  1.3824000000000E+05
 77  1.4714544668794E-21  1.0411292581423E-12 -1.6646931006652E-12  2.4525197317671E-12  1.3824000000000E+05
 78  3.8132296903188E-22  1.1946452586914E-12 -2.2213395678994E-12  2.6495351472438E-12  1.3824000000000E+05
 79 -1.6543265037556E-21  7.6607911546193E-13 -1.8054447528732E-12  1.6324791081266E-12  1.3824000000000E+05
 80  1.0538163595712E-23  1.3638675917055E-12 -3.1483915721397E-12  2.3888748852563E-12  1.3824000000000E+05
 81  1.5907931045380E-21  5.5400788720408E-13 -1.2502919640285E-12  1.5297843022017E-12  1.3824000000000E+05
 82 -2.3150210959151E-22  1.4043255153297E-12 -2.3059196146446E-12  2.8338308496956E-12  1.3824000000000E+05
 83 -1.1748117395066E-21  9.1523698876230E-13 -2.5041282267675E-12  1.4949751867793E-12  1.3824000000000E+05
 84  7.3346331263229E-22  1.1010551635973E-12 -2.7806502314024E-12  2.3596214141250E-12  1.3824000000000E+05
 85  5.1214519913026E-22  1.1795732689700E-12 -1.8986818117580E-12  2.2697003633046E-12  1.3824000000000E+05
 86 -1.1079535743662E-21  7.1834945711968E-13 -1.5456430491072E-12  1.4772034738346E-12  1.3824000000000E+05
 87  1.8180937162430E-22  1.3795091817344E-12 -2.7782322175153E-12  2.5874020888502E-12  1.3824000000000E+05
 88  1.1683419543676E-21  5.6080189657370E-13 -1.2451249833444E-12  1.1875560727389E-12  1.3824000000000E+05
 89 -8.8524865173723E-22  1.3142113776810E-12 -2.7167689981156E-12  2.6854392385608E-12  1.3824000000000E+05
 90 -1.1335417867997E-21  8.0579441146528E-13 -1.6254052103840E-12  1.4706592236132E-12  1.3824000000000E+05
 91  1.1786602633348E-21  1.1435331423972E-12 -2.0582966031047E-12  2.7766768297321E-12  1.3824000000000E+05
 92  7.2556841633529E-22  1.1965028220339E-12 -1.9982518786342E-12  2.7695536851407E-12  1.3824000000000E+05
 93 -1.3776495109028E-21  8.6729641933034E-13 -1.7759166990967E-12  2.1418497768658E-12  1.3824000000000E+05
 94 -2.6471396619883E-22  1.3423279711188E-12 -3.7100592192596E-12  2.2682083645986E-12  1.3824000000000E+05
 95  1.2744286159684E-21  4.5430493866958E-13 -1.0455001602939E-12  1.1198292596775E-12  1.3824000000000E+05
 96 -1.1854971921985E-22  1.4151338096464E-12 -2.5664378217445E-12  3.7368034512907E-12  1.3824000000000E+05
 97 -9.4826724763896E-22  6.8270422436120E-13 -1.4972338468203E-12  1.6129256103044E-12  1.3824000000000E+05
 98  8.1653314403968E-22  1.3219384192087E-12 -3.3152132517688E-12  2.3698939956900E-12  1.3824000000000E+05
 99  7.9590714105277E-22  1.0570247546900E-12 -1.9109649009797E-12  2.0459345263578E-12  1.3824000000000E+05
100 -9.7673814430678E-22  8.7944282723671E-13 -1.4084266618072E-12  2.0425711614117E-12  1.3824000000000E+05
101  4.3965257763108E-23  1.4031306703814E-12 -2.5017199749020E-12  2.5378357865631E-12  1.3824000000000E+05
102  1.2209749447456E-21  4.7151901382020E-13 -1.1585078080762E-12  1.0658744758837E-12  1.3824000000000E+05
103 -3.7967337968190E-22  1.5318864205626E-12 -3.4434736877812E-12  3.0225338917608E-12  1.3824000000000E+05
104 -6.3210058077576E-22  4.8737274515119E-13 -9.4866092173665E-13  1.2121309890425E-12  1.3824000000000E+05
105  1.2381179500960E-21  1.3936585705629E-12 -2.5389016675999E-12  3.3194624905045E-12  1.3824000000000E+05
106  5.2215573076339E-22  9.2190222117881E-13 -1.9516798366170E-12  2.4021942719227E-12  1.3824000000000E+05
107 -1.6846566472572E-21  1.0282720098005E-12 -2.8703776486916E-12  2.1850701483356E-12  1.3824000000000E+05
108 -4.4425029029241E-22  1.4100981441003E-12 -3.0912725862624E-12  2.4577947767350E-12  1.3824000000000E+05
109  1.8058902955761E-21  5.2987465112431E-13 -1.3379126016360E-12  1.2480738284949E-12  1.3824000000000E+05
110  3.3334618683851E-22  1.6081917094436E-12 -2.4516587479780E-12  3.5912018135938E-12  1.3824000000000E+05
111 -1.4789893517657E-21  5.2847059300909E-13 -1.1936322683862E-12  1.2201382241156E-12  1.3824000000000E+05
112  2.0917408706664E-22  1.3715794709664E-12 -3.3721908802439E-12  2.4180179782198E-12  1.3824000000000E+05
113  7.7653639868830E-22  1.0274798730658E-12 -2.1335698877349E-12  1.6646561328393E-12  1.3824000000000E+05
114 -4.9912328145627E-22  1.1047173716694E-12 -2.0566745092382E-12  2.8433988964633E-12  1.3824000000000E+05
115  1.2243675204688E-25  1.3195968645542E-12 -2.2184507549330E-12  3.5346479726584E-12  1.3824000000000E+05
116  6.3174830169460E-22  7.1278296403544E-13 -1.5214414272681E-12  1.7309612672440E-12  1.3824000000000E+05
117 -9.3892477224940E-22  1.5255735069468E-12 -3.2896257338253E-12  2.3767883028062E-12  1.3824000000000E+05
118 -1.1330956882945E-21  6.3985955299966E-13 -1.3550223683352E-12  1.5028058165499E-12  1.3824000000000E+05
119  9.7295165051072E-22  1.4630774969189E-12 -2.6418143653063E-12  3.2658499041535E-12  1.3824000000000E+05
120  8.1366844410318E-22  1.0042956681573E-12 -2.4236839324323E-12  1.8094417011159E-12  1.3824000000000E+05
121 -1.2798858558038E-21  1.2085615700336E-12 -2.4826000424958E-12  2.4398551916193E-12  1.3824000000000E+05
122 -3.8813394866378E-22  1.2895039510437E-12 -2.8614572425160E-12  2.4373009548999E-12  1.3824000000000E+05
123  1.3458078838071E-21  7.6701016675443E-13 -1.9834603155902E-12  1.6581942125678E-12  1.3824000000000E+05
124  5.2662246663689E-23  1.5216034509828E-12 -2.8838794989464E-12  3.1431640442036E-12  1.3824000000000E+05
125 -1.1715090167409E-21  6.6191089361938E-13 -1.7597136507195E-12  1.4994961856658E-12  1.3824000000000E+05
126  4.0346229996960E-22  1.5243604045971E-12 -3.0855758070388E-12  3.3722047670318E-12  1.3824000000000E+05
127  8.9024226124425E-22  9.1889823167175E-13 -2.1741490419901E-12  1.7565787271079E-12  1.3824000000000E+05
128 -8.7447748575524E-22  1.3267881939465E-12 -3.2508694621612E-12  2.7833526633899E-12  1.3824000000000E+05
129 -5.5645439899755E-22  1.1800517990610E-12 -1.8316173143145E-12  2.8421135146063E-12  1.3824000000000E+05
130  7.9961682633161E-22  8.7146453120026E-13 -1.7323821522797E-12  2.2256397958705E-12  1.3824000000000E+05
131 -3.3086936316624E-22  1.4994709412315E-12 -3.2925886019025E-12  3.1190043237459E-12  1.3824000000000E+05
132 -1.3546445702192E-21  7.5560955749185E-13 -1.4314119479227E-12  1.8755493030109E-12  1.3824000000000E+05
133  3.1542334686371E-22  1.5103263568546E-12 -2.9758452915879E-12  2.8818987588826E-12  1.3824000000000E+05
134  7.1872736974440E-22  6.6638865855079E-13 -1.8058923321441E-12  1.4062554127675E-12  1.3824000000000E+05
135 -1.0200177173226E-21  1.1722066072469E-12 -2.4396510350943E-12  2.7050224009856E-12  1.3824000000000E+05
136 -5.5230092839978E-22  1.2158294032349E-12 -2.5051650694414E-12  2.3524713629379E-12  1.3824000000000E+05
137  1.0368870292811E-21  9.8539887535809E-13 -2.6474283847271E-12  1.8792629460515E-12  1.3824000000000E+05
138  1.0379729238980E-24  1.4037833031288E-12 -3.3711772573237E-12  2.6026811783552E-12  1.3824000000000E+05
139 -9.1127488630139E-22  7.0466488468353E-13 -1.6298262570304E-12  1.7510299884010E-12  1.3824000000000E+05
140  4.4102037117537E-22  1.3502155511937E-12 -2.4221042524521E-12  3.4891399002624E-12  1.3824000000000E+05
141  5.9703131221855E-22  8.4883613946950E-13 -2.4448311730821E-12  1.7858091177472E-12  1.3824000000000E+05
142 -1.3979817828347E-21  1.3273955328289E-12 -2.7945291609120E-12  2.3248150705918E-12  1.3824000000000E+05
143 -1.0696981747152E-21  1.1351410931909E-12 -2.5887584775457E-12  2.6597118362982E-12  1.3824000000000E+05
144  1.1672534776278E-21  9.7861928757354E-13 -1.9431352620862E-12  2.9387804270051E-12  1.3824000000000E+05
145  5.6547039195873E-22  1.3268548004608E-12 -2.7734613360888E-12  3.0483719035176E-12  1.3824000000000E+05
146 -1.1686016398078E-21  6.2395916482280E-13 -1.1484413115669E-12  1.7764472809622E-12  1.3824000000000E+05
147 -4.5770139470431E-22  1.4364114263814E-12 -2.8742065140648E-12  2.8098541916465E-12  1.3824000000000E+05
148  6.2175230472488E-22  8.2944684352120E-13 -1.5595699605900E-12  1.8041675384007E-12  1.3824000000000E+05
149  3.9078452249268E-22  1.2657881920586E-12 -2.3756923896352E-12  2.4086900527775E-12  1.3824000000000E+05
150  3.9013561963443E-22  8.9205414392447E-13 -2.1562699702979E-12  1.8581627382017E-12  1.3824000000000E+05
151  1.6466244835818E-22  9.3345020408339E-13 -1.8803200039739E-12  2.0306200738798E-12  1.3824000000000E+05
152 -7.9051770622928E-22  1.2446074044421E-12 -3.1254555837312E-12  3.0075022748474E-12  1.3824000000000E+05
153 -4.8861126521020E-22  8.5069647878253E-13 -1.8892183293593E-12  2.0243203424345E-12  1.3824000000000E+05
154  5.9881984333298E-22  1.2988742184373E-12 -2.5161935293020E-12  3.8159938423879E-12  1.3824000000000E+05
155  3.3378541128508E-22  7.1848057851870E-13 -1.5997060477332E-12  1.5699814139699E-12  1.3824000000000E+05
156 -1.3784764058483E-21  1.1632606523310E-12 -2.8862016587744E-12  2.5799792139831E-12  1.3824000000000E+05
157 -1.5666063760976E-21  9.6631843419166E-13 -1.9429573933777E-12  2.4001341315920E-12  1.3824000000000E+05
158  5.6334919218979E-23  1.0029307525664E-12 -2.1367924374347E-12  2.5293056940223E-12  1.3824000000000E+05
159  6.2588710119402E-22  1.0384223137579E-12 -2.2701303237062E-12  2.3421404455644E-12  1.3824000000000E+05
160 -2.8774748298038E-22  8.1315488578501E-13 -1.3061827386041E-12  1.9629896141249E-12  1.3824000000000E+05
161 -6.5920356972117E-22  1.1633229731736E-12 -2.4596486744572E-12  1.9045697463879E-12  1.3824000000000E+05
162  2.1707740192173E-22  9.3658113476740E-13 -3.0150005833404E-12  1.9583584986598E-12  1.3824000000000E+05
163  1.0963236964374E-21  1.0847107890959E-12 -2.5508217627879E-12  2.3614129172546E-12  1.3824000000000E+05
164  1.0786911431201E-21  9.2512236950191E-13 -2.3113949614702E-12  2.0110631360125E-12  1.3824000000000E+05
165  5.0956220310509E-23  9.9805698762541E-13 -2.1329590437109E-12  2.1691720193135E-12  1.3824000000000E+05
166 -3.2041945113458E-22  9.4639012132882E-13 -1.5337647465123E-12  2.4651256291306E-12  1.3824000000000E+05
167  3.7590136231030E-22  9.8215626600525E-13 -1.8174445376236E-12  1.8102112742034E-12  1.3824000000000E+05
168  7.4415335783858E-22  8.7441886027962E-13 -2.2870211056162E-12  1.9231023552639E-12  1.3824000000000E+05
169 -2.5732785390590E-22  8.5251659269953E-13 -2.0485588259319E-12  1.6693212883728E-12  1.3824000000000E+05
170 -1.5417156145713E-21  1.0873314498628E-12 -2.3234764357703E-12  2.0507080541284E-12  1.3824000000000E+05
171 -1.1947671640345E-21  8.5675044794875E-13 -1.1728734992475E-12  2.1581638669871E-12  1.3824000000000E+05
172  6.9248346535970E-22  9.3919773642223E-13 -2.4579185513621E-12  1.6607201124174E-12  1.3824000000000E+05
173  1.1846712490107E-21  8.2795291494301E-13 -1.8631329391780E-12  2.0257085695159E-12  1.3824000000000E+05
174 -8.3510105433039E-23  9.4815592177449E-13 -1.9501000892355E-12  2.6144039839840E-12  1.3824000000000E+05
175 -9.9445936360312E-22  8.9357319107102E-13 -2.1072444502992E-12  1.5267979451194E-12  1.3824000000000E+05
176  7.8005403446499E-23  9.3369859887744E-13 -2.1837139835715E-12  1.6987009313430E-12  1.3824000000000E+05
177  1.7849499791930E-21  8.3732633483627E-13 -1.3791550350019E-12  2.5419324678537E-12  1.3824000000000E+05
178  1.5017380282555E-21  8.1765464265898E-13 -1.9756220501052E-12  1.8576228833842E-12  1.3824000000000E+05
179 -4.0041138677921E-22  9.7570124490269E-13 -2.1974390914917E-12  1.8238796373759E-12  1.3824000000000E+05
180 -1.4042167949687E-21  7.3892682734146E-13 -1.5687014356789E-12  1.8864733046704E-12  1.3824000000000E+05
181 -4.2042075804408E-22  9.9050560674206E-13 -1.9980019199929E-12  1.8658468196618E-12  1.3824000000000E+05
182  8.4803380002445E-22  7.6546408202047E-13 -1.9221226805106E-12  1.9181359434015E-12  1.3824000000000E+05
183  3.6432840430995E-22  8.4210155988857E-13 -2.0486660687892E-12  1.5424618110236E-12  1.3824000000000E+05
184 -1.2954404606331E-21  9.6863287846335E-13 -2.0510569312886E-12  2.1985344838877E-12  1.3824000000000E+05
185 -1.3636232016578E-21  7.0423412656793E-13 -1.3621211101216E-12  1.3904056164752E-12  1.3824000000000E+05
186  3.7866790817644E-22  9.9460067512343E-13 -1.9816580230656E-12  1.8648898302599E-12  1.3824000000000E+05
187  1.1644151245009E-21  6.9098178386174E-13 -1.6910850443433E-12  1.2335483373896E-12  1.3824000000000E+05
188  7.4804781242240E-23  8.0201422093225E-13 -1.4030972251853E-12  1.6912165592598E-12  1.3824000000000E+05
189 -1.1372465568357E-21  6.8743783794752E-13 -1.6869304410671E-12  1.4090368108657E-12  1.3824000000000E+05
190 -4.0757058795715E-22  8.4677272582544E-13 -1.6248545964727E-12  1.7805257061578E-12  1.3824000000000E+05
191  8.8244756285579E-22  7.5933544260425E-13 -1.6402016034232E-12  1.3030895726466E-12  1.3824000000000E+05
192  7.3583982758006E-22  7.5832788409280E-13 -1.7934052724004E-12  1.5149463709038E-12  1.3824000000000E+05
193 -3.9840830139849E-22  7.8593409795396E-13 -2.1973847149966E-12  1.5749494051379E-12  1.3824000000000E+05
194 -1.0196554058793E-21  3.7373351664893E-13 -8.0230275260963E-13  1.1285222750418E-12  1.3824000000000E+05
195 -1.1278700593999E-22  9.3934485104968E-13 -1.9007463160915E-12  1.9971040591990E-12  1.3824000000000E+05
196  9.0642253423934E-22  3.8718233220636E-13 -7.6019958261403E-13  1.1863095532192E-12  1.3824000000000E+05
197  2.2249968107899E-22  8.8308421229593E-13 -1.6320442944559E-12  1.7516996557909E-12  1.3824000000000E+05
198 -1.0861691066487E-21  5.5109497558840E-13 -1.2209574740176E-12  1.3537996726589E-12  1.3824000000000E+05
 
 field : WVEL     ; Iter =      2640 ; region #   0 ; nb.Lev = 198
 k | --   Average    -- | --   Std.Dev    -- | --     min      -- | --     max      -- | --    Vol
  0 -7.0022114299649E-15  5.7336064249225E-12 -2.3514719299655E-11  2.2483226894222E-11  2.7302400000000E+07
  1 -9.3293059106026E-15  3.2002122997121E-13 -1.8576672826010E-12  1.5572735548430E-12  6.9120000000000E+04
  2 -9.3301459667196E-15  3.9738197727749E-12 -1.1071183903934E-11  1.1239890435045E-11  1.3824000000000E+05
  3 -9.3294713518740E-15  2.9858251250903E-12 -9.7407639056163E-12  8.3441520972095E-12  1.3824000000000E+05
  4 -9.3259762049379E-15  2.6564986306615E-12 -6.8056195028899E-12  8.6195029426901E-12  1.3824000000000E+05
  5 -9.3196926509333E-15  2.6624331540479E-12 -8.2156416817505E-12  9.1042039135980E-12  1.3824000000000E+05
  6 -9.3111218320547E-15  1.8856323847496E-12 -4.9683152104366E-12  6.5515057481544E-12  1.3824000000000E+05
  7 -9.3043885353150E-15  2.8101079274006E-12 -8.7446770618206E-12  7.9806628400079E-12  1.3824000000000E+05
  8 -9.3003279976634E-15  2.8341973257696E-12 -7.5071937536127E-12  8.3403311775595E-12  1.3824000000000E+05
  9 -9.2955478706363E-15  3.3890206703347E-12 -8.2834674752700E-12  9.1281967608554E-12  1.3824000000000E+05
 10 -9.2894827632252E-15  2.2735310957644E-12 -5.9512918202585E-12  7.4927910777573E-12  1.3824000000000E+05
 11 -9.2812845887288E-15  2.4927940514071E-12 -6.4813570799242E-12  7.9470842707382E-12  1.3824000000000E+05
 12 -9.2672269039399E-15  2.3194757671631E-12 -7.7647752707151E-12  6.1449557431048E-12  1.3824000000000E+05
 13 -9.2485689892254E-15  2.1518142517171E-12 -7.4115555134523E-12  6.0688312166161E-12  1.3824000000000E+05
 14 -9.2305792640389E-15  3.2372572241502E-12 -9.2272359534261E-12  9.9803967952995E-12  1.3824000000000E+05
 15 -9.2147483058275E-15  2.8773735655205E-12 -8.1704791948562E-12  8.9213571456863E-12  1.3824000000000E+05
 16 -9.1991229446812E-15  2.6920580273528E-12 -9.3800161369212E-12  6.5352594089889E-12  1.3824000000000E+05
 17 -9.1856563507105E-15  2.5908398568626E-12 -8.5384282680796E-12  7.5295898867560E-12  1.3824000000000E+05
 18 -9.1743485236953E-15  2.6288167874363E-12 -5.8699121420904E-12  7.9197838179858E-12  1.3824000000000E+05
 19 -9.1608819294996E-15  2.3777473273330E-12 -6.4233158135439E-12  6.5717506953244E-12  1.3824000000000E+05
 20 -9.1458219596799E-15  3.4287201334243E-12 -9.5829240461524E-12  8.6621587381238E-12  1.3824000000000E+05
 21 -9.1314301798440E-15  4.2651083846456E-12 -1.3536957455656E-11  9.4897737883512E-12  1.3824000000000E+05
 22 -9.1195569615844E-15  3.0300551948266E-12 -8.7463282198434E-12  8.2576834823418E-12  1.3824000000000E+05
 23 -9.1082491344943E-15  2.7119935681344E-12 -7.0104917711201E-12  7.8821652751432E-12  1.3824000000000E+05
 24 -9.0961189197737E-15  3.3985489994094E-12 -1.0266157604108E-11  8.0517743054544E-12  1.3824000000000E+05
 25 -9.0864558673634E-15  4.2613150280220E-12 -1.0377136164049E-11  9.5164838657033E-12  1.3824000000000E+05
 26 -9.0795683727598E-15  4.3378801747317E-12 -1.0388187617452E-11  1.0228093019966E-11  1.3824000000000E+05
 27 -9.0712417002274E-15  4.1525301503327E-12 -1.1085997226105E-11  9.2975488282785E-12  1.3824000000000E+05
 28 -9.0597282761917E-15  4.1447258442954E-12 -1.0965883995343E-11  9.5978289531466E-12  1.3824000000000E+05
 29 -9.0483176504450E-15  3.6605736808529E-12 -8.8726812592288E-12  8.8923273709951E-12  1.3824000000000E+05
 30 -9.0355706453164E-15  3.2004585293212E-12 -7.9571957988504E-12  8.5523177088336E-12  1.3824000000000E+05
 31 -9.0214872609359E-15  3.3287415281894E-12 -8.9027121754731E-12  9.4156111837287E-12  1.3824000000000E+05
 32 -9.0064786906660E-15  3.7998489482363E-12 -8.8368506361232E-12  1.1996721044146E-11  1.3824000000000E+05
 33 -8.9880777719988E-15  3.1226910713853E-12 -8.2658076833245E-12  8.2003896260687E-12  1.3824000000000E+05
 34 -8.9688544657772E-15  3.0185785915941E-12 -8.3289319837706E-12  6.4110395025993E-12  1.3824000000000E+05
 35 -8.9492199660365E-15  3.6838609932313E-12 -1.0446156651863E-11  9.4474715507579E-12  1.3824000000000E+05
 36 -8.9309218460389E-15  3.7310823400339E-12 -1.0440104196895E-11  1.0465290483124E-11  1.3824000000000E+05
 37 -8.9163244693154E-15  3.7186620163428E-12 -9.4252244270825E-12  9.6766933188713E-12  1.3824000000000E+05
 38 -8.9005963096294E-15  4.4060983034925E-12 -1.2064143135672E-11  1.1771498169744E-11  1.3824000000000E+05
 39 -8.8788030426344E-15  5.0222267484541E-12 -1.4696158707876E-11  1.3605050226070E-11  1.3824000000000E+05
 40 -8.8559817916034E-15  4.4563085594138E-12 -1.3274543264494E-11  1.1392656843749E-11  1.3824000000000E+05
 41 -8.8355249045435E-15  4.3944494961933E-12 -1.1077605361875E-11  1.1227212010692E-11  1.3824000000000E+05
 42 -8.8163015985507E-15  5.0374289995476E-12 -1.2675523505939E-11  1.4493636305393E-11  1.3824000000000E+05
 43 -8.7980034782993E-15  5.1887502465755E-12 -1.4684351986289E-11  1.3515788173791E-11  1.3824000000000E+05
 44 -8.7778549863575E-15  5.1834480530907E-12 -1.3605324175017E-11  1.1199073632993E-11  1.3824000000000E+05
 45 -8.7550337354830E-15  5.7842922643617E-12 -1.4473949947233E-11  1.5194910265951E-11  1.3824000000000E+05
 46 -8.7334460658791E-15  6.3628755784631E-12 -1.4986028612343E-11  1.7621907134338E-11  1.3824000000000E+05
 47 -8.7165871237873E-15  5.5469946456520E-12 -1.4193590336317E-11  1.2117765158054E-11  1.3824000000000E+05
 48 -8.7056904902321E-15  5.2601084889602E-12 -1.4472276739639E-11  1.1933272533456E-11  1.3824000000000E+05
 49 -8.6976722126974E-15  6.1440413927438E-12 -1.6725744620400E-11  1.5574492626199E-11  1.3824000000000E+05
 50 -8.6889343464235E-15  6.5019933283384E-12 -1.8060262396494E-11  1.6872205141816E-11  1.3824000000000E+05
 51 -8.6815328597678E-15  6.0244386504308E-12 -1.5077433745296E-11  1.3797425951837E-11  1.3824000000000E+05
 52 -8.6753649539771E-15  6.0476589280808E-12 -1.5887149392863E-11  1.4214338239688E-11  1.3824000000000E+05
 53 -8.6697110401865E-15  6.3563161105223E-12 -1.8084918484966E-11  1.6985508857434E-11  1.3824000000000E+05
 54 -8.6651879093220E-15  5.5200864022619E-12 -1.5602368324053E-11  1.4576947441048E-11  1.3824000000000E+05
 55 -8.6605619802286E-15  5.4948430058187E-12 -1.4986762699434E-11  1.3749328630004E-11  1.3824000000000E+05
 56 -8.6561416478455E-15  6.6250682564540E-12 -1.8266086748309E-11  1.7460939662662E-11  1.3824000000000E+05
 57 -8.6569640351377E-15  7.0097528143220E-12 -1.9913515674263E-11  1.6249438531285E-11  1.3824000000000E+05
 58 -8.6602535848887E-15  6.1371835079328E-12 -1.6323372823274E-11  1.2748756109912E-11  1.3824000000000E+05
 59 -8.6642627240595E-15  6.3134606270369E-12 -1.6502822393654E-11  1.5825008851029E-11  1.3824000000000E+05
 60 -8.6675522741895E-15  6.9741958886353E-12 -1.8328134476061E-11  1.9063607592411E-11  1.3824000000000E+05
 61 -8.6687858552171E-15  6.2452666898621E-12 -1.7774464066137E-11  1.4427267710637E-11  1.3824000000000E+05
 62 -8.6737201793694E-15  6.2651465044740E-12 -1.6378635515073E-11  1.2821069312339E-11  1.3824000000000E+05
 63 -8.6914015090296E-15  7.3489281972958E-12 -1.9355675277998E-11  1.8583163947685E-11  1.3824000000000E+05
 64 -8.7136059698815E-15  7.8461059070203E-12 -1.9599667997004E-11  2.0276502701812E-11  1.3824000000000E+05
 65 -8.7255305876749E-15  7.0665931507077E-12 -1.7151538048496E-11  1.5628383010557E-11  1.3824000000000E+05
 66 -8.7312872993465E-15  7.1023446937759E-12 -1.7106762134660E-11  1.5837438844808E-11  1.3824000000000E+05
 67 -8.7310817022047E-15  7.8403352696971E-12 -2.0375272125508E-11  1.8554664869085E-11  1.3824000000000E+05
 68 -8.7267641684867E-15  7.5736252519467E-12 -1.9689318378806E-11  1.6902818526841E-11  1.3824000000000E+05
 69 -8.7335488653210E-15  7.4679408001705E-12 -2.0035219364618E-11  1.6585591676395E-11  1.3824000000000E+05
 70 -8.7586316820296E-15  8.1013662980701E-12 -1.9439107342114E-11  1.9753245766942E-11  1.3824000000000E+05
 71 -8.7968726970960E-15  8.2954172928065E-12 -2.0838154037263E-11  1.9115729234485E-11  1.3824000000000E+05
 72 -8.8305905814109E-15  7.3649296610347E-12 -1.8519498696932E-11  1.4995509994303E-11  1.3824000000000E+05
 73 -8.8554678014294E-15  7.8622633088921E-12 -1.9058538659514E-11  1.7448599642706E-11  1.3824000000000E+05
 74 -8.8659532416010E-15  9.3813177372393E-12 -2.2209719522199E-11  2.2483226894222E-11  1.3824000000000E+05
 75 -8.8558789956052E-15  9.4375882505322E-12 -2.0839986752351E-11  1.9346690563090E-11  1.3824000000000E+05
 76 -8.8357305033246E-15  8.9063148365701E-12 -1.9545433966361E-11  1.7050399945807E-11  1.3824000000000E+05
 77 -8.8124980585483E-15  8.9731567536031E-12 -2.1087590682089E-11  1.9357122911886E-11  1.3824000000000E+05
 78 -8.7847424834786E-15  9.1690663647132E-12 -2.3514719299655E-11  1.9558832304617E-11  1.3824000000000E+05
 79 -8.7555477301459E-15  8.1864993675107E-12 -2.1556834763196E-11  1.7970157773079E-11  1.3824000000000E+05
 80 -8.7321096880331E-15  8.3585414691526E-12 -2.0540304626725E-11  1.7898787529035E-11  1.3824000000000E+05
 81 -8.7022981432947E-15  9.1381713845068E-12 -2.2838013549833E-11  2.1255875126971E-11  1.3824000000000E+05
 82 -8.6628235470389E-15  8.5754358319860E-12 -2.1679496513193E-11  1.8040846349688E-11  1.3824000000000E+05
 83 -8.6186202236592E-15  7.5802393195195E-12 -1.9833737106157E-11  1.7216221241652E-11  1.3824000000000E+05
 84 -8.5680433973789E-15  7.4168556121330E-12 -1.8951029128823E-11  1.5831540318856E-11  1.3824000000000E+05
 85 -8.5166441829749E-15  7.4761090999604E-12 -1.9368011869164E-11  1.6650977187586E-11  1.3824000000000E+05
 86 -8.4633945967262E-15  6.5230363451647E-12 -1.7670383608129E-11  1.3593826534580E-11  1.3824000000000E+05
 87 -8.4002763619961E-15  7.1616936654587E-12 -1.8909458289799E-11  1.5527152916525E-11  1.3824000000000E+05
 88 -8.3328405936519E-15  7.9144511021871E-12 -2.1722705859603E-11  1.8747650192837E-11  1.3824000000000E+05
 89 -8.2736286990658E-15  7.2793018562614E-12 -2.0250959070344E-11  1.6421099167673E-11  1.3824000000000E+05
 90 -8.2271638089919E-15  6.4093003983077E-12 -1.6598379236115E-11  1.5592936528462E-11  1.3824000000000E+05
 91 -8.1876892121475E-15  6.9449243503778E-12 -1.9229124164035E-11  1.8034436938633E-11  1.3824000000000E+05
 92 -8.1494481971252E-15  7.9519341374611E-12 -2.1681335156250E-11  1.9614723869150E-11  1.3824000000000E+05
 93 -8.1073008421679E-15  7.1836726994012E-12 -1.8888722678592E-11  1.6172674205579E-11  1.3824000000000E+05
 94 -8.0678262458539E-15  6.8972435970932E-12 -1.7224579223005E-11  1.6382650493311E-11  1.3824000000000E+05
 95 -8.0441826070394E-15  7.0510716006490E-12 -1.7483867652840E-11  1.7177169515192E-11  1.3824000000000E+05
 96 -8.0316411987357E-15  6.9130430929927E-12 -1.7815261559208E-11  1.6548264688614E-11  1.3824000000000E+05
 97 -8.0176606130036E-15  6.6947009784024E-12 -1.7569896945067E-11  1.5387759121451E-11  1.3824000000000E+05
 98 -7.9938113781125E-15  7.0307210843979E-12 -1.7489764100305E-11  1.8058914644292E-11  1.3824000000000E+05
 99 -7.9672893835904E-15  7.5421596066182E-12 -1.8130308318227E-11  1.8193225531001E-11  1.3824000000000E+05
100 -7.9510472317035E-15  6.5405083218415E-12 -1.5914597425310E-11  1.4593167086238E-11  1.3824000000000E+05
101 -7.9417953731582E-15  6.8179995397625E-12 -1.6555705141697E-11  1.4332406579896E-11  1.3824000000000E+05
102 -7.9321323210833E-15  7.7814408353063E-12 -1.9431291479241E-11  1.7514499783150E-11  1.3824000000000E+05
103 -7.9191797190785E-15  7.5840589609941E-12 -1.8775950515922E-11  1.8747431237219E-11  1.3824000000000E+05
104 -7.9123950225155E-15  6.6387553877595E-12 -1.5751842990260E-11  1.7449957488435E-11  1.3824000000000E+05
105 -7.9128062160705E-15  7.0795990067343E-12 -1.7052986166559E-11  1.8282910853870E-11  1.3824000000000E+05
106 -7.9004704048644E-15  8.3185732113034E-12 -2.1155847635122E-11  1.9698834181013E-11  1.3824000000000E+05
107 -7.8731260230912E-15  7.7898825407217E-12 -2.0198956916652E-11  1.9846454257629E-11  1.3824000000000E+05
108 -7.8389969447249E-15  7.3529566056858E-12 -1.7290663067108E-11  2.0918296979456E-11  1.3824000000000E+05
109 -7.8069238349128E-15  7.6474706672738E-12 -1.7959790697955E-11  2.1740643475660E-11  1.3824000000000E+05
110 -7.7760843065173E-15  8.0273568437114E-12 -1.9638467315620E-11  2.0544789208814E-11  1.3824000000000E+05
111 -7.7366097104638E-15  8.1598356631244E-12 -1.9215391392424E-11  1.8744589852781E-11  1.3824000000000E+05
112 -7.6868552715322E-15  8.3037506379878E-12 -1.9530216999872E-11  1.9578942345331E-11  1.3824000000000E+05
113 -7.6315497171528E-15  7.8721376234220E-12 -1.8382159490147E-11  2.0262022460112E-11  1.3824000000000E+05
114 -7.5838512462843E-15  6.6224388860310E-12 -1.5890906759934E-11  1.8709059494165E-11  1.3824000000000E+05
115 -7.5445822466697E-15  6.8949890287292E-12 -1.5243274572549E-11  1.6547672285004E-11  1.3824000000000E+05
116 -7.5067524250949E-15  7.4539162596100E-12 -1.7627033233176E-11  1.7452007817134E-11  1.3824000000000E+05
117 -7.4623435040192E-15  7.3287226454985E-12 -1.6948194518127E-11  1.9731113777812E-11  1.3824000000000E+05
118 -7.4171121953183E-15  6.1336945801274E-12 -1.5348251084725E-11  1.7832840575352E-11  1.3824000000000E+05
119 -7.3875062478435E-15  5.6457501786526E-12 -1.3410948353734E-11  1.3195718687842E-11  1.3824000000000E+05
120 -7.3866838603124E-15  6.5780702816792E-12 -1.5337308241372E-11  1.4836265026994E-11  1.3824000000000E+05
121 -7.3920293785042E-15  6.7695003996443E-12 -1.3479775657489E-11  1.8310092045326E-11  1.3824000000000E+05
122 -7.3887398287285E-15  6.7155364486052E-12 -1.4073340410223E-11  1.9344448789397E-11  1.3824000000000E+05
123 -7.3722920801408E-15  5.9566688312304E-12 -1.5034432039149E-11  1.5570339472133E-11  1.3824000000000E+05
124 -7.3430973263169E-15  6.1408907387465E-12 -1.4722359453893E-11  1.4269383519889E-11  1.3824000000000E+05
125 -7.3167809285321E-15  6.5167896649087E-12 -1.7486359575629E-11  1.6093350089220E-11  1.3824000000000E+05
126 -7.2995107925011E-15  6.6902467849311E-12 -1.4265447545339E-11  1.6568765521494E-11  1.3824000000000E+05
127 -7.2797734942352E-15  6.3902655225694E-12 -1.6380863288327E-11  1.5304170245082E-11  1.3824000000000E+05
128 -7.2497563531235E-15  5.6732253623720E-12 -1.6328151058115E-11  1.4132551852211E-11  1.3824000000000E+05
129 -7.2045250447331E-15  6.2180751444555E-12 -1.5663865344419E-11  1.3342508380521E-11  1.3824000000000E+05
130 -7.1428459879970E-15  6.6602405421420E-12 -1.4541974599324E-11  1.6167249236210E-11  1.3824000000000E+05
131 -7.0589624707398E-15  6.8831895255207E-12 -1.6578976913403E-11  1.7224656104916E-11  1.3824000000000E+05
132 -6.9668550790392E-15  5.8846947481988E-12 -1.4182099196228E-11  1.6470809944659E-11  1.3824000000000E+05
133 -6.8833827550555E-15  5.5487870844018E-12 -1.3848760152646E-11  1.5449998303646E-11  1.3824000000000E+05
134 -6.8196477291563E-15  6.3053952166240E-12 -1.4985998741944E-11  1.6048021374598E-11  1.3824000000000E+05
135 -6.7764723890509E-15  6.7390964791201E-12 -1.4175314127966E-11  2.0135662856569E-11  1.3824000000000E+05
136 -6.7369977926656E-15  6.8302426031988E-12 -1.4721199461958E-11  2.0815364461973E-11  1.3824000000000E+05
137 -6.7069806516206E-15  6.3254619402628E-12 -1.5800393856987E-11  1.7571132760926E-11  1.3824000000000E+05
138 -6.6851873845623E-15  6.6558580888508E-12 -1.7198979471062E-11  1.7266516124758E-11  1.3824000000000E+05
139 -6.6584597929966E-15  6.6640042353278E-12 -1.4990491498908E-11  1.8798884234002E-11  1.3824000000000E+05
140 -6.6251531023451E-15  6.9136047078427E-12 -1.7460724813681E-11  1.8145344731446E-11  1.3824000000000E+05
141 -6.5930799928882E-15  6.3699358981739E-12 -1.4734878490228E-11  1.6340295064325E-11  1.3824000000000E+05
142 -6.5605956895918E-15  5.4972312508210E-12 -1.4571087946558E-11  1.6171237447173E-11  1.3824000000000E+05
143 -6.5256442239330E-15  5.3072690867157E-12 -1.3222086570585E-11  1.4837792064216E-11  1.3824000000000E+05
144 -6.4890479835000E-15  5.1460128502617E-12 -1.3287046981674E-11  1.3192469468178E-11  1.3824000000000E+05
145 -6.4471062248669E-15  5.7959294934891E-12 -1.6791600958956E-11  1.4259392098546E-11  1.3824000000000E+05
146 -6.4175002776503E-15  5.2738960050987E-12 -1.3130215878216E-11  1.4302838758723E-11  1.3824000000000E+05
147 -6.3989965605005E-15  5.1605161695777E-12 -1.1351500106255E-11  1.5454779154913E-11  1.3824000000000E+05
148 -6.3619891262205E-15  5.0761136421633E-12 -1.2854989762805E-11  1.2631042315748E-11  1.3824000000000E+05
149 -6.2994876817268E-15  5.1051128405057E-12 -1.0851032419715E-11  1.2167918940280E-11  1.3824000000000E+05
150 -6.2180713264699E-15  5.2552519579550E-12 -1.2383931391916E-11  1.3295692527972E-11  1.3824000000000E+05
151 -6.1382997460277E-15  5.0183556845418E-12 -1.1170275030254E-11  1.5676290611915E-11  1.3824000000000E+05
152 -6.0626401026269E-15  5.1605861033002E-12 -1.2714193991490E-11  1.4574504689398E-11  1.3824000000000E+05
153 -5.9717662918926E-15  4.7666092315478E-12 -1.2784988266049E-11  1.1975604935578E-11  1.3824000000000E+05
154 -5.8553984711360E-15  5.0923849447021E-12 -1.2113235071698E-11  1.3352578147148E-11  1.3824000000000E+05
155 -5.7225829020339E-15  5.3794333104620E-12 -1.2970785081783E-11  1.1552427882292E-11  1.3824000000000E+05
156 -5.5778427152227E-15  5.4405863056477E-12 -1.3991035446164E-11  1.1888143969334E-11  1.3824000000000E+05
157 -5.4100756803526E-15  4.8871330302046E-12 -1.2632474934777E-11  1.0868104840450E-11  1.3824000000000E+05
158 -5.2320288026833E-15  4.7922503104999E-12 -1.1569087513150E-11  1.2632313905029E-11  1.3824000000000E+05
159 -5.0733080296215E-15  5.7618254819669E-12 -1.5851273160478E-11  1.3133557225663E-11  1.3824000000000E+05
160 -4.9310350049314E-15  6.3882181736078E-12 -1.5107363436755E-11  1.3355530723966E-11  1.3824000000000E+05
161 -4.8002754039817E-15  6.6661312525729E-12 -1.4086010063710E-11  1.4303266859172E-11  1.3824000000000E+05
162 -4.6884307137843E-15  6.4086086504551E-12 -1.5681667122631E-11  1.3504248591552E-11  1.3824000000000E+05
163 -4.5704181179385E-15  6.0455852468132E-12 -1.3995478352954E-11  1.4513132138532E-11  1.3824000000000E+05
164 -4.4396585170837E-15  5.1917415951844E-12 -1.2735369663994E-11  1.3680693496172E-11  1.3824000000000E+05
165 -4.3105436911069E-15  4.4025591216057E-12 -1.0590245777788E-11  1.3986752468989E-11  1.3824000000000E+05
166 -4.1752609594528E-15  4.1302950973889E-12 -1.0028035042168E-11  1.0436849078287E-11  1.3824000000000E+05
167 -4.0370998720472E-15  4.0394764358496E-12 -1.2061408287319E-11  9.1542845363982E-12  1.3824000000000E+05
168 -3.8989387849548E-15  4.1104051371472E-12 -1.0711151622608E-11  1.0223422676444E-11  1.3824000000000E+05
169 -3.7583105356547E-15  3.9808483406918E-12 -9.4874608985308E-12  9.8268604595648E-12  1.3824000000000E+05
170 -3.6238501917800E-15  3.8047453943006E-12 -1.1784645206091E-11  8.9983000341385E-12  1.3824000000000E+05
171 -3.4815771670229E-15  3.6292477424139E-12 -9.5372472533540E-12  9.3693927431744E-12  1.3824000000000E+05
172 -3.3368369799595E-15  4.0845707656935E-12 -1.1804451088742E-11  1.0632385442739E-11  1.3824000000000E+05
173 -3.1986758925889E-15  4.4731766829692E-12 -8.7225177063606E-12  9.0644106232526E-12  1.3824000000000E+05
174 -3.0498237686303E-15  4.5842810978866E-12 -1.2272632316519E-11  9.4347441706682E-12  1.3824000000000E+05
175 -2.9096067122393E-15  3.9805886979638E-12 -1.0178216598212E-11  1.1898291310477E-11  1.3824000000000E+05
176 -2.7915941160871E-15  3.0845679914443E-12 -7.7877202737345E-12  1.1141822964931E-11  1.3824000000000E+05
177 -2.6735815201641E-15  3.3564183403349E-12 -7.0791434617815E-12  8.8180703887249E-12  1.3824000000000E+05
178 -2.5440555007361E-15  3.4873047375810E-12 -9.3261579875760E-12  9.2157077006975E-12  1.3824000000000E+05
179 -2.4137070939821E-15  3.0967415553888E-12 -6.8027334190095E-12  9.9695788229648E-12  1.3824000000000E+05
180 -2.2780131686006E-15  2.5400522695414E-12 -6.7313645542442E-12  6.2562588581823E-12  1.3824000000000E+05
181 -2.1419080494612E-15  2.3586809668262E-12 -5.9475407752412E-12  7.1578907434321E-12  1.3824000000000E+05
182 -2.0206059044748E-15  2.6924752839402E-12 -5.9934575675616E-12  7.8473325206941E-12  1.3824000000000E+05
183 -1.8931358540783E-15  2.9254325095408E-12 -5.4235553341517E-12  9.7985477572150E-12  1.3824000000000E+05
184 -1.7664881907773E-15  2.4320050423120E-12 -6.9618712183169E-12  6.0545337578664E-12  1.3824000000000E+05
185 -1.6488867886483E-15  2.9790276721694E-12 -7.2636181136700E-12  6.7694166306844E-12  1.3824000000000E+05
186 -1.5333413549702E-15  4.0214506690801E-12 -7.1138493785692E-12  8.6670291725434E-12  1.3824000000000E+05
187 -1.4214966650479E-15  3.9716426542949E-12 -8.8551670489032E-12  6.7494258553814E-12  1.3824000000000E+05
188 -1.3174646559216E-15  3.9312210315738E-12 -1.2064366010868E-11  6.7270967012298E-12  1.3824000000000E+05
189 -1.2270020390355E-15  3.4489682413585E-12 -8.9612488565062E-12  9.0874801133509E-12  1.3824000000000E+05
190 -1.1451744897683E-15  2.9992734447323E-12 -6.4765689054043E-12  5.9659395772305E-12  1.3824000000000E+05
191 -1.0436096425330E-15  3.0223281383224E-12 -6.1509623272872E-12  6.1614450197168E-12  1.3824000000000E+05
192 -9.2765301583072E-16  1.9070331490975E-12 -4.1027597467775E-12  5.0365252925611E-12  1.3824000000000E+05
193 -8.1046280799025E-16  1.8369167708410E-12 -5.5592158436732E-12  3.6614606058556E-12  1.3824000000000E+05
194 -6.9121663116098E-16  1.3524966452563E-12 -3.1639334815961E-12  3.5098255925539E-12  1.3824000000000E+05
195 -5.7526000389517E-16  1.4662796509091E-12 -3.4466318107984E-12  3.4771729556013E-12  1.3824000000000E+05
196 -4.3627652904872E-16  1.7419793058596E-12 -5.2446471448014E-12  3.5790054216993E-12  1.3824000000000E+05
197 -2.8413485569221E-16  1.2255574116591E-12 -3.4575043567500E-12  2.9922872196828E-12  1.3824000000000E+05
198 -1.4268421863764E-16  1.3921599345410E-12 -3.1186641662535E-12  3.3577794063420E-12  1.3824000000000E+05
 
 field : THETA    ; Iter =      2640 ; region #   0 ; nb.Lev = 198
 k | --   Average    -- | --   Std.Dev    -- | --     min      -- | --     max      -- | --    Vol
  0  6.8171144830018E-02  9.1777051347356E-01 -1.8288779933975E+00  7.8884790448461E-01  2.7371520000000E+07
  1 -1.8263410330915E+00  1.5262230657430E-03 -1.8288779933975E+00 -1.8236039565606E+00  1.3824000000000E+05
  2 -1.8259005075385E+00  1.5552782542650E-03 -1.8284874290300E+00 -1.8231131646135E+00  1.3824000000000E+05
  3 -1.8250110867399E+00  1.6134324296638E-03 -1.8276981199807E+00 -1.8221232314027E+00  1.3824000000000E+05
  4 -1.8236560172931E+00  1.7007428671777E-03 -1.8264936314820E+00 -1.8206174901749E+00  1.3824000000000E+05
  5 -1.8218101428981E+00  1.8172217529498E-03 -1.8248491387790E+00 -1.8185710261011E+00  1.3824000000000E+05
  6 -1.8194398970963E+00  1.9627533078295E-03 -1.8227312549346E+00 -1.8159507938893E+00  1.3824000000000E+05
  7 -1.8165033321180E+00  2.1369923728989E-03 -1.8200978571963E+00 -1.8127157987377E+00  1.3824000000000E+05
  8 -1.8129502134248E+00  2.3392517080027E-03 -1.8168979554687E+00 -1.8088173588228E+00  1.3824000000000E+05
  9 -1.8087222128242E+00  2.5683863678696E-03 -1.8130716519685E+00 -1.8041994691247E+00  1.3824000000000E+05
 10 -1.8037532338758E+00  2.8226842571116E-03 -1.8085502434073E+00 -1.7987992862758E+00  1.3824000000000E+05
 11 -1.7979699015181E+00  3.0997721064564E-03 -1.8032565157042E+00 -1.7925477522055E+00  1.3824000000000E+05
 12 -1.7912922433533E+00  3.3965457441155E-03 -1.7971052761108E+00 -1.7853703706262E+00  1.3824000000000E+05
 13 -1.7836345829730E+00  3.7091325412669E-03 -1.7900041588026E+00 -1.7771881450160E+00  1.3824000000000E+05
 14 -1.7749066563617E+00  4.0328923506174E-03 -1.7818547277304E+00 -1.7679186799383E+00  1.3824000000000E+05
 15 -1.7650149512360E+00  4.3624611483642E-03 -1.7725538853820E+00 -1.7574774396556E+00  1.3824000000000E+05
 16 -1.7538642567793E+00  4.6918390733857E-03 -1.7619955788529E+00 -1.7457791494861E+00  1.3824000000000E+05
 17 -1.7413593983284E+00  5.0145217670012E-03 -1.7500727762503E+00 -1.7327393167318E+00  1.3824000000000E+05
 18 -1.7274071189923E+00  5.3236709514917E-03 -1.7366796681180E+00 -1.7182758398124E+00  1.3824000000000E+05
 19 -1.7119180587644E+00  5.6123174270625E-03 -1.7217140315050E+00 -1.7023106670374E+00  1.3824000000000E+05
 20 -1.6948087722612E+00  5.8735870529749E-03 -1.7050796797643E+00 -1.6847714607314E+00  1.3824000000000E+05
 21 -1.6760037195141E+00  6.1009383288567E-03 -1.6866889103114E+00 -1.6655932186566E+00  1.3824000000000E+05
 22 -1.6554371608514E+00  6.2883987931110E-03 -1.6664648563678E+00 -1.6447198031739E+00  1.3824000000000E+05
 23 -1.6330548872181E+00  6.4307869727092E-03 -1.6443436478331E+00 -1.6221053295688E+00  1.3824000000000E+05
 24 -1.6088157214641E+00  6.5239069508783E-03 -1.6202762912093E+00 -1.5977153684859E+00  1.3824000000000E+05
 25 -1.5826927340581E+00  6.5647039374861E-03 -1.5942301888772E+00 -1.5715279233543E+00  1.3824000000000E+05
 26 -1.5546741280121E+00  6.5513712992978E-03 -1.5661902334718E+00 -1.5435341517878E+00  1.3824000000000E+05
 27 -1.5247637618874E+00  6.4834023640103E-03 -1.5361594327866E+00 -1.5137388097846E+00  1.3824000000000E+05
 28 -1.4929812958062E+00  6.3615836212020E-03 -1.5041590433078E+00 -1.4821604086057E+00  1.3824000000000E+05
 29 -1.4593619624135E+00  6.1879295616879E-03 -1.4702282146957E+00 -1.4488310858446E+00  1.3824000000000E+05
 30 -1.4239559817014E+00  5.9655630081465E-03 -1.4344231716916E+00 -1.4137962037667E+00  1.3824000000000E+05
 31 -1.3868276544482E+00  5.6985481492899E-03 -1.3968159824648E+00 -1.3771136988057E+00  1.3824000000000E+05
 32 -1.3480541827689E+00  5.3916863453137E-03 -1.3574929818285E+00 -1.3388532155459E+00  1.3824000000000E+05
 33 -1.3077242770951E+00  5.0502869685124E-03 -1.3165529328285E+00 -1.2990950660488E+00  1.3824000000000E+05
 34 -1.2659366161566E+00  4.6799268155525E-03 -1.2741050200266E+00 -1.2579290606031E+00  1.3824000000000E+05
 35 -1.2227982298570E+00  4.2862120989282E-03 -1.2302667718392E+00 -1.2154532585837E+00  1.3824000000000E+05
 36 -1.1784228741854E+00  3.8745564762085E-03 -1.1851620074540E+00 -1.1717726880278E+00  1.3824000000000E+05
 37 -1.1329294626503E+00  3.4499872307062E-03 -1.1389188963944E+00 -1.1269980798318E+00  1.3824000000000E+05
 38 -1.0864406105389E+00  3.0169896428339E-03 -1.0916682064296E+00 -1.0812446573636E+00  1.3824000000000E+05
 39 -1.0390813372147E+00  2.5793969080815E-03 -1.0435417991634E+00 -1.0346310151307E+00  1.3824000000000E+05
 40 -9.9097795842685E-01  2.1403299754480E-03 -9.9467141345468E-01 -9.8727811144867E-01  1.3824000000000E+05
 41 -9.4225718610279E-01  1.7021885414164E-03 -9.4518775609078E-01 -9.3930839039005E-01  1.3824000000000E+05
 42 -8.9304543823941E-01  1.2666914066225E-03 -8.9521989820599E-01 -8.9084503824770E-01  1.3824000000000E+05
 43 -8.4346834722144E-01  8.3496236896349E-04 -8.4489495604700E-01 -8.4201136996754E-01  1.3824000000000E+05
 44 -7.9365044201070E-01  4.0766363060653E-04 -7.9433801696064E-01 -7.9293033208558E-01  1.3824000000000E+05
 45 -7.4371496890874E-01  1.6813436903617E-05 -7.4373009661048E-01 -7.4367225690887E-01  1.3824000000000E+05
 46 -6.9378380757901E-01  4.3282162570925E-04 -6.9451375092700E-01 -6.9301918517347E-01  1.3824000000000E+05
 47 -6.4397743413884E-01  8.4548908003106E-04 -6.4541895781817E-01 -6.4249894548568E-01  1.3824000000000E+05
 48 -5.9441488161854E-01  1.2528072984659E-03 -5.9655771319785E-01 -5.9223060137418E-01  1.3824000000000E+05
 49 -5.4521364996424E-01  1.6541085594731E-03 -5.4804601158902E-01 -5.4233233632300E-01  1.3824000000000E+05
 50 -4.9648952286814E-01  2.0482998587670E-03 -4.9999748758287E-01 -4.9292150684548E-01  1.3824000000000E+05
 51 -4.4835625669892E-01  2.4337687751093E-03 -4.5252297928880E-01 -4.4411449790501E-01  1.3824000000000E+05
 52 -4.0092511716973E-01  2.8083396787543E-03 -4.0573000313368E-01 -3.9602634474197E-01  1.3824000000000E+05
 53 -3.5430425147662E-01  3.1692759890349E-03 -3.5972213292455E-01 -3.4877010219715E-01  1.3824000000000E+05
 54 -3.0859789672301E-01  3.5133282611565E-03 -3.1459828487728E-01 -3.0245596107994E-01  1.3824000000000E+05
 55 -2.6390543870687E-01  3.8368257428817E-03 -2.7045191919165E-01 -2.5719012991367E-01  1.3824000000000E+05
 56 -2.2032034776266E-01  4.1358064310101E-03 -2.2737017718869E-01 -2.1307351833811E-01  1.3824000000000E+05
 57 -1.7792902952473E-01  4.4061782191345E-03 -1.8543298047517E-01 -1.7020027445295E-01  1.3824000000000E+05
 58 -1.3680963749805E-01  4.6439017000371E-03 -1.4471212456505E-01 -1.2865624142285E-01  1.3824000000000E+05
 59 -9.7030900596932E-02  4.8451837298852E-03 -1.0527040349517E-01 -8.8517407827341E-02  1.3824000000000E+05
 60 -5.8651021920825E-02  5.0066700889300E-03 -6.7160803973452E-02 -4.9848430905087E-02  1.3824000000000E+05
 61 -2.1716704755891E-02  5.1256255559052E-03 -3.0425807336975E-02 -1.2701311628331E-02  1.3824000000000E+05
 62  1.3737641883007E-02  5.2000904605106E-03  4.9031649302574E-03  2.2885704575799E-02  1.3824000000000E+05
 63  4.7690472705620E-02  5.2290042508673E-03  3.8806130992583E-02  5.6888937391042E-02  1.3824000000000E+05
 64  8.0133414728900E-02  5.2122887098517E-03  7.1274729084492E-02  8.9299741166404E-02  1.3824000000000E+05
 65  1.1107129085952E-01  5.1508860285571E-03  1.0231218176353E-01  1.2012460101251E-01  1.3824000000000E+05
 66  1.4052184747313E-01  5.0467498096745E-03  1.3193303605384E-01  1.4938484082905E-01  1.3824000000000E+05
 67  1.6851518866936E-01  4.9027900182267E-03  1.6016268081468E-01  1.7711594821182E-01  1.3824000000000E+05
 68  1.9509293326264E-01  4.7227757064264E-03  1.8703665183927E-01  2.0336654015752E-01  1.3824000000000E+05
 69  2.2030712283160E-01  4.5112018110380E-03  2.1259974373853E-01  2.2819701063916E-01  1.3824000000000E+05
 70  2.4421891957474E-01  4.2731282841799E-03  2.3690495510378E-01  2.5167791539559E-01  1.3824000000000E+05
 71  2.6689714073754E-01  4.0140011453041E-03  2.6001229938922E-01  2.7388815985707E-01  1.3824000000000E+05
 72  2.8841668160021E-01  3.7394656637915E-03  2.8198751815451E-01  2.9491306245485E-01  1.3824000000000E+05
 73  3.0885688126872E-01  3.4551817830328E-03  3.0290073559434E-01  3.1484236747661E-01  1.3824000000000E+05
 74  3.2829988482355E-01  3.1666511306074E-03  3.2282509361303E-01  3.3376827925656E-01  1.3824000000000E+05
 75  3.4682905197830E-01  2.8790636136425E-03  3.4183540518740E-01  3.5178358327005E-01  1.3824000000000E+05
 76  3.6452745667610E-01  2.5971698214429E-03  3.6000686060894E-01  3.6897991030112E-01  1.3824000000000E+05
 77  3.8147651452615E-01  2.3251833975808E-03  3.7741381668144E-01  3.8544618815622E-01  1.3824000000000E+05
 78  3.9775476625496E-01  2.0667153837541E-03  3.9412869342573E-01  4.0126731233843E-01  1.3824000000000E+05
 79  4.1343683604659E-01  1.8247404301178E-03  4.1022099671366E-01  4.1652305363660E-01  1.3824000000000E+05
 80  4.2859257438423E-01  1.6015928681846E-03  4.2575647890612E-01  4.3128720762049E-01  1.3824000000000E+05
 81  4.4328638633395E-01  1.3989890524169E-03  4.4079644336622E-01  4.4562697934720E-01  1.3824000000000E+05
 82  4.5757673858796E-01  1.2180711986504E-03  4.5539719300868E-01  4.5960258676878E-01  1.3824000000000E+05
 83  4.7151583235267E-01  1.0594672011873E-03  4.6960961808813E-01  4.7326705878613E-01  1.3824000000000E+05
 84  4.8514942454118E-01  9.2336063376247E-04  4.8347891442944E-01  4.8666619883675E-01  1.3824000000000E+05
 85  4.9851677679926E-01  8.0956530943599E-04  4.9704442035191E-01  4.9983868234652E-01  1.3824000000000E+05
 86  5.1165071062554E-01  7.1759932614618E-04  5.1033955870726E-01  5.1281625615705E-01  1.3824000000000E+05
 87  5.2457774710747E-01  6.4675434660994E-04  5.2339186967732E-01  5.2562400987728E-01  1.3824000000000E+05
 88  5.3731831136358E-01  5.9615672711308E-04  5.3622312016540E-01  5.3828069263245E-01  1.3824000000000E+05
 89  5.4988698438504E-01  5.6481774384969E-04  5.4884947660509E-01  5.5079905343513E-01  1.3824000000000E+05
 90  5.6229278828870E-01  5.5167066296936E-04  5.6128172962540E-01  5.6318618892668E-01  1.3824000000000E+05
 91  5.7453949470570E-01  5.5559329171285E-04  5.7352556102217E-01  5.7544388807255E-01  1.3824000000000E+05
 92  5.8662594981299E-01  5.7541655591364E-04  5.8558184568191E-01  5.8756896911548E-01  1.3824000000000E+05
 93  5.9854641307793E-01  6.0992174055186E-04  5.9744698327560E-01  5.9955360931099E-01  1.3824000000000E+05
 94  6.1029090987266E-01  6.5783020012028E-04  6.0911325650496E-01  6.1138567236789E-01  1.3824000000000E+05
 95  6.2184560052175E-01  7.1778896927791E-04  6.2056921427365E-01  6.2304904185705E-01  1.3824000000000E+05
 96  6.3319316992911E-01  7.8835505261059E-04  6.3180007926312E-01  6.3452397094962E-01  1.3824000000000E+05
 97  6.4431324260378E-01  8.6798091325365E-04  6.4278817994933E-01  6.4578745961091E-01  1.3824000000000E+05
 98  6.5518282765356E-01  9.5500369520977E-04  6.5351340707436E-01  6.5681366980093E-01  1.3824000000000E+05
 99  6.6577679718421E-01  1.0476406963950E-03  6.6395369400311E-01  6.6757438738498E-01  1.3824000000000E+05
100  6.7606839963819E-01  1.1439932259964E-03  6.7408551932745E-01  6.7803953648222E-01  1.3824000000000E+05
101  6.8602980708770E-01  1.2420603526928E-03  6.8388442862314E-01  6.8817774809912E-01  1.3824000000000E+05
102  6.9563269256568E-01  1.3397632196332E-03  6.9332557055329E-01  6.9795698038807E-01  1.3824000000000E+05
103  7.0484883040803E-01  1.4349797599290E-03  7.0238424069561E-01  7.0734518307692E-01  1.3824000000000E+05
104  7.1365070953933E-01  1.5255887196051E-03  7.1103642471761E-01  7.1631099387597E-01  1.3824000000000E+05
105  7.2201214691224E-01  1.6095211407523E-03  7.1925933098678E-01  7.2482445036806E-01  1.3824000000000E+05
106  7.2990888613740E-01  1.6848167316446E-03  7.2703190152478E-01  7.3285769736389E-01  1.3824000000000E+05
107  7.3731916491250E-01  1.7496820728442E-03  7.3433528952589E-01  7.4038566726106E-01  1.3824000000000E+05
108  7.4422423432231E-01  1.8025473073140E-03  7.4115329154101E-01  7.4738670981328E-01  1.3824000000000E+05
109  7.5060881352075E-01  1.8421179042339E-03  7.4747272293033E-01  7.5384314803946E-01  1.3824000000000E+05
110  7.5646146473519E-01  1.8674183036336E-03  7.5328372631489E-01  7.5974173881350E-01  1.3824000000000E+05
111  7.6177487589729E-01  1.8778246451370E-03  7.5858000447444E-01  7.6507401989640E-01  1.3824000000000E+05
112  7.6654604137584E-01  1.8730844664092E-03  7.6335897136473E-01  7.6983652961769E-01  1.3824000000000E+05
113  7.7077633508191E-01  1.8533219957429E-03  7.6762181754512E-01  7.7403089080285E-01  1.3824000000000E+05
114  7.7447147440293E-01  1.8190286096496E-03  7.7137348917675E-01  7.7766375651588E-01  1.3824000000000E+05
115  7.7764137774138E-01  1.7710388849659E-03  7.7462258271538E-01  7.8074662134663E-01  1.3824000000000E+05
116  7.8029992261906E-01  1.7104935935407E-03  7.7738116030970E-01  7.8329550790362E-01  1.3824000000000E+05
117  7.8246461510494E-01  1.6387917171444E-03  7.7966449357456E-01  7.8533054348878E-01  1.3824000000000E+05
118  7.8415618451228E-01  1.5575341633651E-03  7.8149074569293E-01  7.8687544629214E-01  1.3824000000000E+05
119  7.8539811971509E-01  1.4684622740306E-03  7.8288060359876E-01  7.8795694360220E-01  1.3824000000000E+05
120  7.8621616494204E-01  1.3733943473022E-03  7.8385687322055E-01  7.8860414632364E-01  1.3824000000000E+05
121  7.8663779346988E-01  1.2741633673650E-03  7.8444405138396E-01  7.8884790448461E-01  1.3824000000000E+05
122  7.8669167727772E-01  1.1725588339039E-03  7.8466788797482E-01  7.8872016745751E-01  1.3824000000000E+05
123  7.8640716951788E-01  1.0702751641025E-03  7.8455495138535E-01  7.8825337046782E-01  1.3824000000000E+05
124  7.8581381473946E-01  9.6886854460100E-04  7.8413220917351E-01  7.8747986585368E-01  1.3824000000000E+05
125  7.8494089933644E-01  8.6972346138137E-04  7.8342663434959E-01  7.8643141374510E-01  1.3824000000000E+05
126  7.8381705187204E-01  7.7402948843808E-04  7.8246484587878E-01  7.8513874266325E-01  1.3824000000000E+05
127  7.8246989995180E-01  6.8276824213996E-04  7.8127278996909E-01  7.8363118629655E-01  1.3824000000000E+05
128  7.8092578736381E-01  5.9670987636260E-04  7.7987546662420E-01  7.8193639866575E-01  1.3824000000000E+05
129  7.7920955244032E-01  5.1641803334170E-04  7.7829670389024E-01  7.8008014627104E-01  1.3824000000000E+05
130  7.7734436615004E-01  4.4226183421520E-04  7.7655898031281E-01  7.7808617278826E-01  1.3824000000000E+05
131  7.7535162639869E-01  3.7443331897742E-04  7.7468329442334E-01  7.7597612954836E-01  1.3824000000000E+05
132  7.7325090344969E-01  3.1296870261726E-04  7.7268907864829E-01  7.7376956343178E-01  1.3824000000000E+05
133  7.7105993029178E-01  2.5777182422029E-04  7.7059415391368E-01  7.7148395291392E-01  1.3824000000000E+05
134  7.6879463115729E-01  2.0863844184937E-04  7.6841472041130E-01  7.6913478274256E-01  1.3824000000000E+05
135  7.6646918118812E-01  1.6528013632032E-04  7.6616537949303E-01  7.6673564800541E-01  1.3824000000000E+05
136  7.6409609039059E-01  1.2734702971294E-04  7.6385918144010E-01  7.6429837903608E-01  1.3824000000000E+05
137  7.6168630544030E-01  9.4449001959940E-05  7.6150769387913E-01  7.6183317957774E-01  1.3824000000000E+05
138  7.5924932351417E-01  6.6176074943755E-05  7.5912108584078E-01  7.5934877175493E-01  1.3824000000000E+05
139  7.5679331306404E-01  4.2123249156542E-05  7.5670822283204E-01  7.5685254258439E-01  1.3824000000000E+05
140  7.5432523723656E-01  2.1956510484135E-05  7.5427676877368E-01  7.5435068789855E-01  1.3824000000000E+05
141  7.5185097643305E-01  6.2749019200349E-06  7.5183329119595E-01  7.5185695895637E-01  1.3824000000000E+05
142  7.4937544724802E-01  1.0578619934999E-05  7.4934975106797E-01  7.4938531529182E-01  1.3824000000000E+05
143  7.4690271569855E-01  2.1580709008878E-05  7.4685830827708E-01  7.4693168385797E-01  1.3824000000000E+05
144  7.4443610324238E-01  3.0709411252671E-05  7.4437675078700E-01  7.4448214262952E-01  1.3824000000000E+05
145  7.4197828457662E-01  3.7979551289566E-05  7.4190721719114E-01  7.4203794710804E-01  1.3824000000000E+05
146  7.3953137661366E-01  4.3620510469626E-05  7.3945134594049E-01  7.3960169227573E-01  1.3824000000000E+05
147  7.3709701835702E-01  4.7863149907831E-05  7.3701035468060E-01  7.3717544307616E-01  1.3824000000000E+05
148  7.3467644165816E-01  5.0915902645152E-05  7.3458510939546E-01  7.3476080580560E-01  1.3824000000000E+05
149  7.3227053304171E-01  5.2960455371056E-05  7.3217618376455E-01  7.3235899170275E-01  1.3824000000000E+05
150  7.2987988695195E-01  5.4151727410104E-05  7.2978390922724E-01  7.2997087288965E-01  1.3824000000000E+05
151  7.2750485091095E-01  5.4619363309521E-05  7.2740841632896E-01  7.2759703100351E-01  1.3824000000000E+05
152  7.2514556319676E-01  5.4469912685720E-05  7.2504966800552E-01  7.2523779901348E-01  1.3824000000000E+05
153  7.2280198375366E-01  5.3789479259001E-05  7.2270748555006E-01  7.2289329684331E-01  1.3824000000000E+05
154  7.2047391914092E-01  5.2646688544079E-05  7.2038156810162E-01  7.2056346152575E-01  1.3824000000000E+05
155  7.1816104241035E-01  5.1096137567440E-05  7.1807150659228E-01  7.1824807269843E-01  1.3824000000000E+05
156  7.1586290887703E-01  4.9181771741212E-05  7.1577679318607E-01  7.1594677431658E-01  1.3824000000000E+05
157  7.1357896880783E-01  4.6940612934541E-05  7.1349682733028E-01  7.1365909350535E-01  1.3824000000000E+05
158  7.1130857809656E-01  4.4406578788781E-05  7.1123091961091E-01  7.1138445750252E-01  1.3824000000000E+05
159  7.0905100801820E-01  4.1614141320426E-05  7.0897829465241E-01  7.0912220965112E-01  1.3824000000000E+05
160  7.0680545515553E-01  3.8602204758178E-05  7.0673809432138E-01  7.0687162538924E-01  1.3824000000000E+05
161  7.0457105256519E-01  3.5417463350675E-05  7.0450938248103E-01  7.0463192914819E-01  1.3824000000000E+05
162  7.0234688319731E-01  3.2117731194863E-05  7.0229115249391E-01  7.0240231301267E-01  1.3824000000000E+05
163  7.0013199649980E-01  2.8774883605551E-05  7.0008233858569E-01  7.0018195791417E-01  1.3824000000000E+05
164  6.9792542902798E-01  2.5477292490845E-05  6.9788183206254E-01  6.9797005802181E-01  1.3824000000000E+05
165  6.9572622974178E-01  2.2331856101942E-05  6.9568850322333E-01  6.9576584886511E-01  1.3824000000000E+05
166  6.9353349050874E-01  1.9465303862882E-05  6.9350122962672E-01  6.9356863956931E-01  1.3824000000000E+05
167  6.9134638214409E-01  1.7024924858548E-05  6.9131893116954E-01  6.9137784941013E-01  1.3824000000000E+05
168  6.8916419611082E-01  1.5177279986271E-05  6.8914061220893E-01  6.8919304869991E-01  1.3824000000000E+05
169  6.8698639177640E-01  1.4105460916416E-05  6.8696541072071E-01  6.8701400380569E-01  1.3824000000000E+05
170  6.8481264888020E-01  1.4003579387795E-05  6.8479265423284E-01  6.8484072587354E-01  1.3824000000000E+05
171  6.8264292460958E-01  1.5073079928262E-05  6.8262192200702E-01  6.8267352259763E-01  1.3824000000000E+05
172  6.8047751441484E-01  1.7524066346247E-05  6.8045311266218E-01  6.8051305212841E-01  1.3824000000000E+05
173  6.7831711541791E-01  2.1576632828008E-05  6.7828651614075E-01  6.7836037797191E-01  1.3824000000000E+05
174  6.7616289098956E-01  2.7455230723887E-05  6.7612288861097E-01  6.7621702349361E-01  1.3824000000000E+05
175  6.7401653479183E-01  3.5377431841364E-05  6.7396352857706E-01  6.7408502441859E-01  1.3824000000000E+05
176  6.7188033231457E-01  4.5543565907292E-05  6.7181035213658E-01  6.7196697752075E-01  1.3824000000000E+05
177  6.6975721768788E-01  5.8127744358490E-05  6.6966596499002E-01  6.6986608353154E-01  1.3824000000000E+05
178  6.6765082334097E-01  7.3269042304786E-05  6.6753372848438E-01  6.6778618218422E-01  1.3824000000000E+05
179  6.6556551991990E-01  9.1062759159844E-05  6.6541781668042E-01  6.6573177725839E-01  1.3824000000000E+05
180  6.6350644379111E-01  1.1155148079461E-04  6.6332326120032E-01  6.6370804951109E-01  1.3824000000000E+05
181  6.6147950946680E-01  1.3471653392875E-04  6.6125598046966E-01  6.6172085549155E-01  1.3824000000000E+05
182  6.5949140441300E-01  1.6047016842081E-04  6.5922278995127E-01  6.5977671044506E-01  1.3824000000000E+05
183  6.5754956395954E-01  1.8864920683121E-04  6.5723139011460E-01  6.5788275382258E-01  1.3824000000000E+05
184  6.5566212443827E-01  2.1901055747843E-04  6.5529032922544E-01  6.5604669633181E-01  1.3824000000000E+05
185  6.5383785323657E-01  2.5122923778171E-04  6.5340893860093E-01  6.5427674798593E-01  1.3824000000000E+05
186  6.5208605516606E-01  2.8489929687560E-04  6.5159723876501E-01  6.5258152721812E-01  1.3824000000000E+05
187  6.5041645539449E-01  3.1953805024969E-04  6.4986581595375E-01  6.5096995181649E-01  1.3824000000000E+05
188  6.4883906014637E-01  3.5459386069808E-04  6.4822566963349E-01  6.4945111316662E-01  1.3824000000000E+05
189  6.4736399740417E-01  3.8945751837434E-04  6.4668803305819E-01  6.4803413604125E-01  1.3824000000000E+05
190  6.4600134088553E-01  4.2347703406919E-04  6.4526417034011E-01  6.4672802690473E-01  1.3824000000000E+05
191  6.4476092157353E-01  4.5597554878371E-04  6.4396515495214E-01  6.4554151437117E-01  1.3824000000000E+05
192  6.4365213197182E-01  4.8627168137165E-04  6.4280163592527E-01  6.4448288602271E-01  1.3824000000000E+05
193  6.4268372897938E-01  5.1370157076134E-04  6.4178359914698E-01  6.4355982622319E-01  1.3824000000000E+05
194  6.4186364177119E-01  5.3764163226459E-04  6.4092013200918E-01  6.4277925981665E-01  1.3824000000000E+05
195  6.4119879128288E-01  5.5753093411523E-04  6.4021920011165E-01  6.4214720665613E-01  1.3824000000000E+05
196  6.4069492779463E-01  5.7289209487735E-04  6.3968744473763E-01  6.4166865174757E-01  1.3824000000000E+05
197  6.4035649267925E-01  5.8334957519007E-04  6.3933000934928E-01  6.4134743541598E-01  1.3824000000000E+05
198  6.4018650962823E-01  5.8864438806371E-04  6.3915040240353E-01  6.4118616731316E-01  1.3824000000000E+05
 
 field : PHIHYD   ; Iter =      2640 ; region #   0 ; nb.Lev = 198
 k | --   Average    -- | --   Std.Dev    -- | --     min      -- | --     max      -- | --    Vol
  0  5.5186873829709E+01  3.2237971945956E+01  2.7220839652779E-01  1.1136915890400E+02  2.7371520000000E+07
  1  2.7220889417416E-01  3.0899433739248E-07  2.7220839652779E-01  2.7220946362048E-01  1.3824000000000E+05
  2  8.1672219268474E-01  9.3705071731658E-07  8.1672068328469E-01  8.1672391718459E-01  1.3824000000000E+05
  3  1.3614265991812E+00  1.5947007908230E-06  1.3614240272799E+00  1.3614295285970E+00  1.3824000000000E+05
  4  1.9063222937119E+00  2.2998135832054E-06  1.9063185728870E+00  1.9063265129784E+00  1.3824000000000E+05
  5  2.4514094691126E+00  3.0779332020816E-06  2.4514044776969E+00  2.4514150975449E+00  1.3824000000000E+05
  6  2.9966883366012E+00  3.9436379132178E-06  2.9966819183183E+00  2.9966955269216E+00  1.3824000000000E+05
  7  3.5421591311820E+00  4.9165124524338E-06  3.5421510960898E+00  3.5421680681918E+00  1.3824000000000E+05
  8  4.0878221167948E+00  6.0179144890901E-06  4.0878122426508E+00  4.0878330156061E+00  1.3824000000000E+05
  9  4.6336775911216E+00  7.2600326509507E-06  4.6336656252935E+00  4.6336906948639E+00  1.3824000000000E+05
 10  5.1797258899483E+00  8.6619135487463E-06  5.1797115519845E+00  5.1797414668706E+00  1.3824000000000E+05
 11  5.7259673909599E+00  1.0239979920133E-05  5.7259503759209E+00  5.7259857308630E+00  1.3824000000000E+05
 12  6.2724025168318E+00  1.1993722357750E-05  6.2723824994564E+00  6.2724239267925E+00  1.3824000000000E+05
 13  6.8190317374721E+00  1.3944317334165E-05  6.8190083772130E+00  6.8190565368507E+00  1.3824000000000E+05
 14  7.3658555712652E+00  1.6085915446287E-05  7.3658285181830E+00  7.3658840860276E+00  1.3824000000000E+05
 15  7.9128745851714E+00  1.8425818653679E-05  7.9128434866229E+00  7.9129071415998E+00  1.3824000000000E+05
 16  8.4600893935535E+00  2.0955654809187E-05  8.4600539015510E+00  8.4601263114658E+00  1.3824000000000E+05
 17  9.0075006556244E+00  2.3675958988811E-05  9.0074604346875E+00  9.0075422412654E+00  1.3824000000000E+05
 18  9.5551090714451E+00  2.6565999924583E-05  9.5550638067125E+00  9.5551556102540E+00  1.3824000000000E+05
 19  1.0102915376447E+01  2.9614667725855E-05  1.0102864781772E+01  1.0102967125937E+01  1.3824000000000E+05
 20  1.0650920334505E+01  3.2805619051798E-05  1.0650864160224E+01  1.0650977517508E+01  1.3824000000000E+05
 21  1.1199124729644E+01  3.6096689383759E-05  1.1199062769704E+01  1.1199187528196E+01  1.3824000000000E+05
 22  1.1747529356525E+01  3.9478785758393E-05  1.1747461454638E+01  1.1747597906631E+01  1.3824000000000E+05
 23  1.2296135009908E+01  4.2914666650262E-05  1.2296061064460E+01  1.2296209397441E+01  1.3824000000000E+05
 24  1.2844942473365E+01  4.6373669048477E-05  1.2844862440811E+01  1.2845022731274E+01  1.3824000000000E+05
 25  1.3393952507518E+01  4.9821131316446E-05  1.3393866404103E+01  1.3394038614502E+01  1.3824000000000E+05
 26  1.3943165838169E+01  5.3222536384635E-05  1.3943073739850E+01  1.3943257718889E+01  1.3824000000000E+05
 27  1.4492583144655E+01  5.6548197929623E-05  1.4492485185215E+01  1.4492680671492E+01  1.3824000000000E+05
 28  1.5042205048782E+01  5.9768433049542E-05  1.5042101416212E+01  1.5042308045089E+01  1.3824000000000E+05
 29  1.5592032104694E+01  6.2857570918928E-05  1.5591923035983E+01  1.5592140349401E+01  1.3824000000000E+05
 30  1.6142064789960E+01  6.5789710539246E-05  1.6141950564536E+01  1.6142178023360E+01  1.3824000000000E+05
 31  1.6692303498159E+01  6.8549338480538E-05  1.6692184430259E+01  1.6692421428625E+01  1.3824000000000E+05
 32  1.7242748533140E+01  7.1125224113686E-05  1.7242624963445E+01  1.7242870844521E+01  1.3824000000000E+05
 33  1.7793400105121E+01  7.3490210105403E-05  1.7793272391981E+01  1.7793526464521E+01  1.3824000000000E+05
 34  1.8344258328662E+01  7.5653846679940E-05  1.8344126839266E+01  1.8344388394340E+01  1.3824000000000E+05
 35  1.8895323222534E+01  7.7611128104872E-05  1.8895188324323E+01  1.8895456651652E+01  1.3824000000000E+05
 36  1.9446594711420E+01  7.9372022911334E-05  1.9446456764004E+01  1.9446731167408E+01  1.3824000000000E+05
 37  1.9998072629309E+01  8.0932137921399E-05  1.9997931977117E+01  1.9998211788675E+01  1.3824000000000E+05
 38  2.0549756724466E+01  8.2319805457729E-05  2.0549613690262E+01  2.0549898282884E+01  1.3824000000000E+05
 39  2.1101646665750E+01  8.3535100406925E-05  2.1101501545113E+01  2.1101790343355E+01  1.3824000000000E+05
 40  2.1653742050108E+01  8.4610862854534E-05  2.1653595106903E+01  2.1653887595932E+01  1.3824000000000E+05
 41  2.2206042411013E+01  8.5544851639323E-05  2.2205893873839E+01  2.2206189606562E+01  1.3824000000000E+05
 42  2.2758547227653E+01  8.6381048177723E-05  2.2758397287211E+01  2.2758695889647E+01  1.3824000000000E+05
 43  2.3311255934667E+01  8.7112811818667E-05  2.3311104741972E+01  2.3311405916984E+01  1.3824000000000E+05
 44  2.3864167932258E+01  8.7802369373822E-05  2.3864015597609E+01  2.3864319127135E+01  1.3824000000000E+05
 45  2.4417282596507E+01  8.8439417832335E-05  2.4417129189128E+01  2.4417434935061E+01  1.3824000000000E+05
 46  2.4970599289752E+01  8.9073619347747E-05  2.4970444838041E+01  2.4970752741870E+01  1.3824000000000E+05
 47  2.5524117370898E+01  8.9698724444890E-05  2.5523961863224E+01  2.5524271944536E+01  1.3824000000000E+05
 48  2.6077836205535E+01  9.0358657534050E-05  2.6077679591563E+01  2.6077991945454E+01  1.3824000000000E+05
 49  2.6631755175750E+01  9.1058463503673E-05  2.6631597368286E+01  2.6631912161706E+01  1.3824000000000E+05
 50  2.7185873689521E+01  9.1844610697676E-05  2.7185714566887E+01  2.7186032033902E+01  1.3824000000000E+05
 51  2.7740191189572E+01  9.2691670746590E-05  2.7740030598545E+01  2.7740351034494E+01  1.3824000000000E+05
 52  2.8294707161569E+01  9.3648683020248E-05  2.8294544920902E+01  2.8294868675417E+01  1.3824000000000E+05
 53  2.8849421141543E+01  9.4735473829636E-05  2.8849257046087E+01  2.8849584514972E+01  1.3824000000000E+05
 54  2.9404332722400E+01  9.5934729272160E-05  2.9404166547827E+01  2.9404498163808E+01  1.3824000000000E+05
 55  2.9959441559392E+01  9.7266045610441E-05  2.9959273067484E+01  2.9959609289928E+01  1.3824000000000E+05
 56  3.0514747374439E+01  9.8731429849596E-05  3.0514576318884E+01  3.0514917622604E+01  1.3824000000000E+05
 57  3.1070249959195E+01  1.0033879820925E-04  3.1070076091773E+01  3.1070422955140E+01  1.3824000000000E+05
 58  3.1625949176758E+01  1.0208132108437E-04  3.1625772253777E+01  3.1626125146418E+01  1.3824000000000E+05
 59  3.2181844961989E+01  1.0397194618322E-04  3.2181664750795E+01  3.2182024121203E+01  1.3824000000000E+05
 60  3.2737937320413E+01  1.0595256956582E-04  3.2737753605752E+01  3.2738119869199E+01  1.3824000000000E+05
 61  3.3294226325711E+01  1.0804356142268E-04  3.3294038915743E+01  3.3294412442900E+01  1.3824000000000E+05
 62  3.3850712115896E+01  1.1024090734110E-04  3.3850520847607E+01  3.3850901954281E+01  1.3824000000000E+05
 63  3.4407394888250E+01  1.1249978229010E-04  3.4407199632084E+01  3.4407588570449E+01  1.3824000000000E+05
 64  3.4964274893200E+01  1.1480254594712E-04  3.4964075556701E+01  3.4964472508361E+01  1.3824000000000E+05
 65  3.5521352427309E+01  1.1717413025144E-04  3.5521148957644E+01  3.5521554028783E+01  1.3824000000000E+05
 66  3.6078627825599E+01  1.1952950682899E-04  3.6078420210870E+01  3.6078833429651E+01  1.3824000000000E+05
 67  3.6636101453443E+01  1.2185873247305E-04  3.6635889722755E+01  3.6636311039029E+01  1.3824000000000E+05
 68  3.7193773698268E+01  1.2417599079605E-04  3.7193557920577E+01  3.7193987207867E+01  1.3824000000000E+05
 69  3.7751644961316E+01  1.2641587435813E-04  3.7751425243144E+01  3.7751862302732E+01  1.3824000000000E+05
 70  3.8309715649674E+01  1.2858979971487E-04  3.8309492131831E+01  3.8309936698723E+01  1.3824000000000E+05
 71  3.8867986168789E+01  1.3066528409749E-04  3.8867759022272E+01  3.8868210772715E+01  1.3824000000000E+05
 72  3.9426456915631E+01  1.3264587764273E-04  3.9426226336912E+01  3.9426684897085E+01  1.3824000000000E+05
 73  3.9985128272639E+01  1.3447576942561E-04  3.9984894478569E+01  3.9985359434033E+01  1.3824000000000E+05
 74  4.0544000602531E+01  1.3621581068258E-04  4.0543763825085E+01  4.0544234730591E+01  1.3824000000000E+05
 75  4.1103074244050E+01  1.3779382451396E-04  4.1102834725129E+01  4.1103311114368E+01  1.3824000000000E+05
 76  4.1662349508629E+01  1.3927074357595E-04  4.1662107495126E+01  4.1662588890054E+01  1.3824000000000E+05
 77  4.2221826677972E+01  1.4056301006180E-04  4.2221582417258E+01  4.2222068336683E+01  1.3824000000000E+05
 78  4.2781506002474E+01  1.4172587609558E-04  4.2781259738453E+01  4.2781749705622E+01  1.3824000000000E+05
 79  4.3341387700413E+01  1.4277390110875E-04  4.3341139670230E+01  4.3341633219229E+01  1.3824000000000E+05
 80  4.3901471957801E+01  1.4367902884833E-04  4.3901222389267E+01  4.3901719070114E+01  1.3824000000000E+05
 81  4.4461758928777E+01  1.4444813897578E-04  4.4461508038535E+01  4.4462007420917E+01  1.3824000000000E+05
 82  4.5022248736440E+01  1.4510908489353E-04  4.5021996728846E+01  4.5022498404512E+01  1.3824000000000E+05
 83  4.5582941473976E+01  1.4566855666971E-04  4.5582688540669E+01  4.5583192124552E+01  1.3824000000000E+05
 84  4.6143837205994E+01  1.4611543197297E-04  4.6143583526070E+01  4.6144088656248E+01  1.3824000000000E+05
 85  4.6704935969937E+01  1.4648840463320E-04  4.6704681710659E+01  4.6705188047310E+01  1.3824000000000E+05
 86  4.7266237777503E+01  1.4673051197783E-04  4.7265983095431E+01  4.7266490318968E+01  1.3824000000000E+05
 87  4.7827742615982E+01  1.4688436285615E-04  4.7827487658427E+01  4.7827995467003E+01  1.3824000000000E+05
 88  4.8389450449456E+01  1.4697069555302E-04  4.8389195356151E+01  4.8389703462737E+01  1.3824000000000E+05
 89  4.8951361219831E+01  1.4697956328002E-04  4.8951106124691E+01  4.8951614253941E+01  1.3824000000000E+05
 90  4.9513474847652E+01  1.4692166338561E-04  4.9513219880539E+01  4.9513727765640E+01  1.3824000000000E+05
 91  5.0075791232722E+01  1.4675331198055E-04  5.0075536521105E+01  5.0076043900792E+01  1.3824000000000E+05
 92  5.0638310254514E+01  1.4654220522176E-04  5.0638055924941E+01  5.0638562540846E+01  1.3824000000000E+05
 93  5.1201031772416E+01  1.4624927006189E-04  5.1200777951712E+01  5.1201283546205E+01  1.3824000000000E+05
 94  5.1763955625824E+01  1.4589683013224E-04  5.1763702441965E+01  5.1764206756588E+01  1.3824000000000E+05
 95  5.2327081634149E+01  1.4544705285112E-04  5.2326829216757E+01  5.2327331991357E+01  1.3824000000000E+05
 96  5.2890409596777E+01  1.4492008101217E-04  5.2890158077203E+01  5.2890659049812E+01  1.3824000000000E+05
 97  5.3453939293050E+01  1.4433825517622E-04  5.3453688804038E+01  5.3454187711530E+01  1.3824000000000E+05
 98  5.4017670482313E+01  1.4362223189522E-04  5.4017421157246E+01  5.4017917736752E+01  1.3824000000000E+05
 99  5.4581602904096E+01  1.4289808286741E-04  5.4581354875856E+01  5.4581848866899E+01  1.3824000000000E+05
100  5.5145736278492E+01  1.4206593133004E-04  5.5145489677959E+01  5.5145980825224E+01  1.3824000000000E+05
101  5.5710070306749E+01  1.4119118150726E-04  5.5709825261022E+01  5.5710313317650E+01  1.3824000000000E+05
102  5.6274604672147E+01  1.4021645314788E-04  5.6274361302541E+01  5.6274846033812E+01  1.3824000000000E+05
103  5.6839339041167E+01  1.3917416615741E-04  5.6839097461082E+01  5.6839578648323E+01  1.3824000000000E+05
104  5.7404273064963E+01  1.3809559443828E-04  5.7404033377720E+01  5.7404510822270E+01  1.3824000000000E+05
105  5.7969406381151E+01  1.3697825945632E-04  5.7969168677889E+01  5.7969642204936E+01  1.3824000000000E+05
106  5.8534738615889E+01  1.3577729995060E-04  5.8534502973622E+01  5.8534972435732E+01  1.3824000000000E+05
107  5.9100269386208E+01  1.3458582145014E-04  5.9100035866143E+01  5.9100501146322E+01  1.3824000000000E+05
108  5.9665998302587E+01  1.3336093386521E-04  5.9665766948770E+01  5.9666227962898E+01  1.3824000000000E+05
109  6.0231924971673E+01  1.3209416918259E-04  6.0231695810046E+01  6.0232152508567E+01  1.3824000000000E+05
110  6.0798048999123E+01  1.3088104833337E-04  6.0797822037031E+01  6.0798274405813E+01  1.3824000000000E+05
111  6.1364369992474E+01  1.2959742028524E-04  6.1364145218660E+01  6.1364593278962E+01  1.3824000000000E+05
112  6.1930887563986E+01  1.2838869707027E-04  6.1930664949072E+01  6.1931108756616E+01  1.3824000000000E+05
113  6.2497601333374E+01  1.2716204024643E-04  6.2497380830822E+01  6.2497820473991E+01  1.3824000000000E+05
114  6.3064510930371E+01  1.2598587945063E-04  6.3064292477881E+01  6.3064728075110E+01  1.3824000000000E+05
115  6.3631615997055E+01  1.2487946454147E-04  6.3631399518343E+01  6.3631831214810E+01  1.3824000000000E+05
116  6.4198916189884E+01  1.2380009590243E-04  6.4198701596778E+01  6.4199129560511E+01  1.3824000000000E+05
117  6.4766411181404E+01  1.2277987615632E-04  6.4766198376166E+01  6.4766622793725E+01  1.3824000000000E+05
118  6.5334100661590E+01  1.2179118946832E-04  6.5333889539375E+01  6.5334310611275E+01  1.3824000000000E+05
119  6.5901984338816E+01  1.2088867253845E-04  6.5901774790176E+01  6.5902192726213E+01  1.3824000000000E+05
120  6.6470061940433E+01  1.2006404114230E-04  6.6469853853776E+01  6.6470268868425E+01  1.3824000000000E+05
121  6.7038333212978E+01  1.1925110250901E-04  6.7038126476896E+01  6.7038538784935E+01  1.3824000000000E+05
122  6.7606797922032E+01  1.1851379898061E-04  6.7606592427427E+01  6.7607002239921E+01  1.3824000000000E+05
123  6.8175455851754E+01  1.1791704150336E-04  6.8175251493694E+01  6.8175659014458E+01  1.3824000000000E+05
124  6.8744306804133E+01  1.1730487247592E-04  6.8744103483409E+01  6.8744508906024E+01  1.3824000000000E+05
125  6.9313350598016E+01  1.1673741728499E-04  6.9313148222347E+01  6.9313551727803E+01  1.3824000000000E+05
126  6.9882587067944E+01  1.1615838418728E-04  6.9882385552838E+01  6.9882787307808E+01  1.3824000000000E+05
127  7.0452016062862E+01  1.1576377252729E-04  7.0451815332132E+01  7.0452215487891E+01  1.3824000000000E+05
128  7.1021637444751E+01  1.1533079188266E-04  7.1021437430703E+01  7.1021836122653E+01  1.3824000000000E+05
129  7.1591451087237E+01  1.1495820058057E-04  7.1591251730557E+01  7.1591649078304E+01  1.3824000000000E+05
130  7.2161456874210E+01  1.1457995444432E-04  7.2161258123601E+01  7.2161654231519E+01  1.3824000000000E+05
131  7.2731654698506E+01  1.1421788867566E-04  7.2731456510112E+01  7.2731851468300E+01  1.3824000000000E+05
132  7.3302044460667E+01  1.1392503598759E-04  7.3301846797352E+01  7.3302240682891E+01  1.3824000000000E+05
133  7.3872626067826E+01  1.1358424749110E-04  7.3872428898342E+01  7.3872821776760E+01  1.3824000000000E+05
134  7.4443399432712E+01  1.1331773708657E-04  7.4443202730826E+01  7.4443594657664E+01  1.3824000000000E+05
135  7.5014364472787E+01  1.1313344109953E-04  7.5014168216409E+01  7.5014559238808E+01  1.3824000000000E+05
136  7.5585521109529E+01  1.1289987625435E-04  7.5585325279884E+01  7.5585715438104E+01  1.3824000000000E+05
137  7.6156869267840E+01  1.1259421544252E-04  7.6156673848719E+01  7.6157063177528E+01  1.3824000000000E+05
138  7.6728408875569E+01  1.1237538392570E-04  7.6728213852694E+01  7.6728602382575E+01  1.3824000000000E+05
139  7.7300139863149E+01  1.1210497993467E-04  7.7299945223658E+01  7.7300332981791E+01  1.3824000000000E+05
140  7.7872062163305E+01  1.1198169548490E-04  7.7871867895377E+01  7.7872254906389E+01  1.3824000000000E+05
141  7.8444175710836E+01  1.1173612559251E-04  7.8443981803452E+01  7.8444368089920E+01  1.3824000000000E+05
142  7.9016480442435E+01  1.1153569793753E-04  7.9016286885264E+01  7.9016672467994E+01  1.3824000000000E+05
143  7.9588976296536E+01  1.1134683057290E-04  7.9588783079936E+01  7.9589167978041E+01  1.3824000000000E+05
144  8.0161663213167E+01  1.1112294681814E-04  8.0161470328272E+01  8.0161854559088E+01  1.3824000000000E+05
145  8.0734541133801E+01  1.1099088965468E-04  8.0734348572667E+01  8.0734732151559E+01  1.3824000000000E+05
146  8.1307610001184E+01  1.1072972657529E-04  8.1307417756978E+01  8.1307800697071E+01  1.3824000000000E+05
147  8.1880869759146E+01  1.1057200569935E-04  8.1880677826332E+01  8.1881060138243E+01  1.3824000000000E+05
148  8.2454320352393E+01  1.1046720725789E-04  8.2454128726890E+01  8.2454510418500E+01  1.3824000000000E+05
149  8.3027961726274E+01  1.1024150244179E-04  8.3027770405567E+01  8.3028151481877E+01  1.3824000000000E+05
150  8.3601793826539E+01  1.1010606312428E-04  8.3601602809715E+01  8.3601983272831E+01  1.3824000000000E+05
151  8.4175816599100E+01  1.0988473741348E-04  8.4175625886790E+01  8.4176005736066E+01  1.3824000000000E+05
152  8.4750029989798E+01  1.0965908254485E-04  8.4749839584027E+01  8.4750218816374E+01  1.3824000000000E+05
153  8.5324433944198E+01  1.0946953681166E-04  8.5324243848129E+01  8.5324622458506E+01  1.3824000000000E+05
154  8.5899028407429E+01  1.0937659974464E-04  8.5898838625015E+01  8.5899216607075E+01  1.3824000000000E+05
155  8.6473813324075E+01  1.0912234246309E-04  8.6473623859626E+01  8.6474001206505E+01  1.3824000000000E+05
156  8.7048788638127E+01  1.0903948570438E-04  8.7048599495823E+01  8.7048976201032E+01  1.3824000000000E+05
157  8.7623954293023E+01  1.0881207388683E-04  8.7623765476385E+01  8.7624141534754E+01  1.3824000000000E+05
158  8.8199310231752E+01  1.0855389823887E-04  8.8199121743110E+01  8.8199497151739E+01  1.3824000000000E+05
159  8.8774856397047E+01  1.0841983694351E-04  8.8774668237037E+01  8.8775042996187E+01  1.3824000000000E+05
160  8.9350592731650E+01  1.0830281683267E-04  8.9350404898768E+01  8.9350779012641E+01  1.3824000000000E+05
161  8.9926519178641E+01  1.0809912718442E-04  8.9926331668889E+01  8.9926705146233E+01  1.3824000000000E+05
162  9.0502635681817E+01  1.0791384860397E-04  9.0502448488472E+01  9.0502821342967E+01  1.3824000000000E+05
163  9.1078942186109E+01  1.0770348688352E-04  9.1078755299630E+01  9.1079127550008E+01  1.3824000000000E+05
164  9.1655438638000E+01  1.0750146869446E-04  9.1655252046101E+01  9.1655623715974E+01  1.3824000000000E+05
165  9.2232124985934E+01  1.0732988332225E-04  9.2231938673823E+01  9.2232309791203E+01  1.3824000000000E+05
166  9.2809001180689E+01  1.0725035805109E-04  9.2808815131475E+01  9.2809185727978E+01  1.3824000000000E+05
167  9.3386067175673E+01  1.0699971900543E-04  9.3385881370942E+01  9.3386251480701E+01  1.3824000000000E+05
168  9.3963322927137E+01  1.0690316336500E-04  9.3963137347671E+01  9.3963507005977E+01  1.3824000000000E+05
169  9.4540768394273E+01  1.0687594648341E-04  9.4540583020896E+01  9.4540952262609E+01  1.3824000000000E+05
170  9.5118403539177E+01  1.0669071712313E-04  9.5118218353700E+01  9.5118587211486E+01  1.3824000000000E+05
171  9.5696228326668E+01  1.0664653761002E-04  9.5696043312890E+01  9.5696411815349E+01  1.3824000000000E+05
172  9.6274242723947E+01  1.0646137022398E-04  9.6274057868686E+01  9.6274426038431E+01  1.3824000000000E+05
173  9.6852446700095E+01  1.0635832229399E-04  9.6852261994209E+01  9.6852629845970E+01  1.3824000000000E+05
174  9.7430840225417E+01  1.0636032652461E-04  9.7430655664766E+01  9.7431023203593E+01  1.3824000000000E+05
175  9.8009423270632E+01  1.0631367083659E-04  9.8009238856957E+01  9.8009606076588E+01  1.3824000000000E+05
176  9.8588195805922E+01  1.0612775443335E-04  9.8588011547606E+01  9.8588378429057E+01  1.3824000000000E+05
177  9.9167157799874E+01  1.0601288353625E-04  9.9166973712547E+01  9.9167340222985E+01  1.3824000000000E+05
178  9.9746309218312E+01  1.0583625084929E-04  9.9746125325289E+01  9.9746491417235E+01  1.3824000000000E+05
179  1.0032565002308E+02  1.0566134774292E-04  1.0032546635560E+02  1.0032583196649E+02  1.3824000000000E+05
180  1.0090518017076E+02  1.0555676442886E-04  1.0090499676803E+02  1.0090536182015E+02  1.3824000000000E+05
181  1.0148489961142E+02  1.0552821631775E-04  1.0148471652044E+02  1.0148508092129E+02  1.3824000000000E+05
182  1.0206480828735E+02  1.0526481605143E-04  1.0206462556256E+02  1.0206498920556E+02  1.3824000000000E+05
183  1.0264490613192E+02  1.0499230589244E-04  1.0264472383455E+02  1.0264508660021E+02  1.3824000000000E+05
184  1.0322519306842E+02  1.0458471304742E-04  1.0322501126579E+02  1.0322537302318E+02  1.3824000000000E+05
185  1.0380566900917E+02  1.0424688525512E-04  1.0380548777368E+02  1.0380584838227E+02  1.3824000000000E+05
186  1.0438633385463E+02  1.0402772520440E-04  1.0438615326267E+02  1.0438651257451E+02  1.3824000000000E+05
187  1.0496718749284E+02  1.0338257457672E-04  1.0496700762352E+02  1.0496736548559E+02  1.3824000000000E+05
188  1.0554822979892E+02  1.0306342495587E-04  1.0554805073272E+02  1.0554840698959E+02  1.3824000000000E+05
189  1.0612946063489E+02  1.0239603707638E-04  1.0612928245219E+02  1.0612963694875E+02  1.3824000000000E+05
190  1.0671087984963E+02  1.0214067375614E-04  1.0671070262928E+02  1.0671105521359E+02  1.3824000000000E+05
191  1.0729248727920E+02  1.0133125980678E-04  1.0729231109692E+02  1.0729266162311E+02  1.3824000000000E+05
192  1.0787428274722E+02  1.0074100785714E-04  1.0787410767422E+02  1.0787445600528E+02  1.3824000000000E+05
193  1.0845626606569E+02  1.0018063815078E-04  1.0845609216717E+02  1.0845643817768E+02  1.3824000000000E+05
194  1.0903843703586E+02  9.9276368682694E-05  1.0903826436973E+02  1.0903860794838E+02  1.3824000000000E+05
195  1.0962079544940E+02  9.8661785866726E-05  1.0962062406506E+02  1.0962096511692E+02  1.3824000000000E+05
196  1.1020334108978E+02  9.7803427090457E-05  1.1020317102707E+02  1.1020350947559E+02  1.3824000000000E+05
197  1.1078607373372E+02  9.7085343720025E-05  1.1078590502211E+02  1.1078624081068E+02  1.3824000000000E+05
198  1.1136899315288E+02  9.6325184296303E-05  1.1136882581080E+02  1.1136915890400E+02  1.3824000000000E+05
 
 field : PHI_NH   ; Iter =      2640 ; region #   0 ; nb.Lev = 198
 k | --   Average    -- | --   Std.Dev    -- | --     min      -- | --     max      -- | --    Vol
  0 -1.0627497746762E-12  3.1889812394150E-12 -2.8064124145601E-11  1.3328384913409E-11  2.7371520000000E+07
  1 -4.1573884761593E-14  3.1115145712912E-12 -1.0324064869803E-11  8.3234492575485E-12  1.3824000000000E+05
  2 -5.1337485418167E-14  3.1167437934700E-12 -1.0515131514076E-11  8.4491227101491E-12  1.3824000000000E+05
  3 -6.0322189554674E-14  3.1477533413911E-12 -1.0676718458183E-11  8.6888043848957E-12  1.3824000000000E+05
  4 -6.9825803920846E-14  3.1365501681117E-12 -1.0823008339322E-11  8.9173368149781E-12  1.3824000000000E+05
  5 -7.8850046192101E-14  3.1534712350643E-12 -1.0888135098507E-11  9.1453816048799E-12  1.3824000000000E+05
  6 -8.8438498281944E-14  3.1709879252611E-12 -1.1066050333576E-11  9.3012750661659E-12  1.3824000000000E+05
  7 -9.6111291739594E-14  3.1540392285523E-12 -1.1118515964132E-11  9.5734010558626E-12  1.3824000000000E+05
  8 -1.0368721751069E-13  3.1954122784230E-12 -1.1191098876814E-11  9.8720681008170E-12  1.3824000000000E+05
  9 -1.1325869291578E-13  3.1967185865067E-12 -1.1267642923576E-11  1.0076776305223E-11  1.3824000000000E+05
 10 -1.2229544985358E-13  3.1419053125489E-12 -1.1095343225958E-11  1.0128653007580E-11  1.3824000000000E+05
 11 -1.2923328989131E-13  3.1528003101612E-12 -1.1081578329858E-11  1.0262957904814E-11  1.3824000000000E+05
 12 -1.3716024400403E-13  3.1729707302525E-12 -1.1134126218642E-11  1.0514727431276E-11  1.3824000000000E+05
 13 -1.4609628516719E-13  3.1072462043200E-12 -1.0941652077838E-11  1.0559393342901E-11  1.3824000000000E+05
 14 -1.5254297032001E-13  3.0337606814728E-12 -1.0632072387428E-11  1.0589059685299E-11  1.3824000000000E+05
 15 -1.5962599796987E-13  3.0199018170120E-12 -1.0485370432996E-11  1.0725448275948E-11  1.3824000000000E+05
 16 -1.6846451245659E-13  3.0009163747085E-12 -1.0404952877146E-11  1.0700667025489E-11  1.3824000000000E+05
 17 -1.7601080030788E-13  2.9074914010081E-12 -1.0585124147509E-11  1.0634550688398E-11  1.3824000000000E+05
 18 -1.8329435520820E-13  2.7594927064943E-12 -1.0853939771634E-11  1.0552074805137E-11  1.3824000000000E+05
 19 -1.9050922339695E-13  2.6327080732343E-12 -1.1039365621424E-11  1.0551041130127E-11  1.3824000000000E+05
 20 -1.9649041330490E-13  2.5674650622199E-12 -1.1265945332083E-11  1.0923130882417E-11  1.3824000000000E+05
 21 -2.0369574791881E-13  2.5191102331538E-12 -1.1624800920615E-11  1.1365638291033E-11  1.3824000000000E+05
 22 -2.1340451028079E-13  2.4093914899772E-12 -1.1774403206139E-11  1.1464922579613E-11  1.3824000000000E+05
 23 -2.2330993492170E-13  2.2090340880782E-12 -1.1578548404138E-11  1.1219195336158E-11  1.3824000000000E+05
 24 -2.3142006612359E-13  1.9627682362447E-12 -1.1327752382084E-11  1.0863760139288E-11  1.3824000000000E+05
 25 -2.3724035527428E-13  1.7500441126266E-12 -1.1145809362652E-11  1.0677304746422E-11  1.3824000000000E+05
 26 -2.4211512065031E-13  1.6176098398486E-12 -1.0991820082359E-11  1.0525140779534E-11  1.3824000000000E+05
 27 -2.4804971739285E-13  1.5591457102707E-12 -1.0772657950000E-11  1.0271339476403E-11  1.3824000000000E+05
 28 -2.5471686181580E-13  1.5521832241022E-12 -1.0504969779596E-11  1.0063097056035E-11  1.3824000000000E+05
 29 -2.6131720424066E-13  1.5721414989706E-12 -1.0256561755456E-11  9.9255438831934E-12  1.3824000000000E+05
 30 -2.6913582741029E-13  1.5911672741970E-12 -1.0021729109688E-11  9.7516781259610E-12  1.3824000000000E+05
 31 -2.7867527952102E-13  1.5967194936978E-12 -9.7212373512676E-12  9.5178760041892E-12  1.3824000000000E+05
 32 -2.8855429887207E-13  1.5988083066652E-12 -9.4097942057396E-12  9.3876186216183E-12  1.3824000000000E+05
 33 -2.9849201662232E-13  1.6069897158908E-12 -9.1364058550473E-12  9.3226796359421E-12  1.3824000000000E+05
 34 -3.0954169332198E-13  1.6147142766567E-12 -8.8953092295453E-12  9.2030776825456E-12  1.3824000000000E+05
 35 -3.2201481081639E-13  1.6121562390934E-12 -8.5575187802739E-12  8.9642616273769E-12  1.3824000000000E+05
 36 -3.3516139870867E-13  1.6009511797216E-12 -8.1578109125184E-12  8.7055572099515E-12  1.3824000000000E+05
 37 -3.4806910483390E-13  1.5915688551296E-12 -7.7824143319276E-12  8.4794276375666E-12  1.3824000000000E+05
 38 -3.6063772139871E-13  1.5918596148770E-12 -7.4767295915914E-12  8.3388443553875E-12  1.3824000000000E+05
 39 -3.7379941142648E-13  1.5992675000510E-12 -7.1435819569078E-12  8.1802177390511E-12  1.3824000000000E+05
 40 -3.8833926554925E-13  1.6029901703216E-12 -6.8122375710471E-12  7.9375478990227E-12  1.3824000000000E+05
 41 -4.0406351669982E-13  1.5941336959688E-12 -6.4359101189201E-12  7.5893139151750E-12  1.3824000000000E+05
 42 -4.2033074055321E-13  1.5732638769002E-12 -6.1454415975849E-12  7.1440244818253E-12  1.3824000000000E+05
 43 -4.3652888361570E-13  1.5495214087025E-12 -6.1835728466120E-12  6.6563798734203E-12  1.3824000000000E+05
 44 -4.5220650104566E-13  1.5331804717640E-12 -6.2620051572159E-12  6.2063235447846E-12  1.3824000000000E+05
 45 -4.6743881711215E-13  1.5280013834486E-12 -6.4038214292839E-12  5.8254098796422E-12  1.3824000000000E+05
 46 -4.8288557876913E-13  1.5291803874063E-12 -6.5707092596931E-12  5.5202001745783E-12  1.3824000000000E+05
 47 -4.9929052284422E-13  1.5273605746893E-12 -6.6989067276050E-12  5.1345730084704E-12  1.3824000000000E+05
 48 -5.1698032831492E-13  1.5151290542389E-12 -6.7470818664380E-12  4.7644899890034E-12  1.3824000000000E+05
 49 -5.3568486526848E-13  1.4914825975235E-12 -6.6999175075625E-12  4.6581454461233E-12  1.3824000000000E+05
 50 -5.5479940851359E-13  1.4619544756407E-12 -6.5325401135589E-12  4.4655705857550E-12  1.3824000000000E+05
 51 -5.7381014117055E-13  1.4350040670485E-12 -6.3033657321860E-12  4.3380744443839E-12  1.3824000000000E+05
 52 -5.9228614673427E-13  1.4174468502791E-12 -6.0404107322806E-12  4.1777873983223E-12  1.3824000000000E+05
 53 -6.0963348523517E-13  1.4120341627832E-12 -5.7638544765631E-12  4.0095347471036E-12  1.3824000000000E+05
 54 -6.2530583359958E-13  1.4177177701939E-12 -5.4717465030162E-12  3.8452651469165E-12  1.3824000000000E+05
 55 -6.3928938104151E-13  1.4314817783568E-12 -5.2433736663324E-12  3.7203715885883E-12  1.3824000000000E+05
 56 -6.5211675376942E-13  1.4500298557896E-12 -5.0940767746269E-12  3.8164004297179E-12  1.3824000000000E+05
 57 -6.6439852567697E-13  1.4706057560774E-12 -5.0782501168596E-12  3.8911422573335E-12  1.3824000000000E+05
 58 -6.7642092919217E-13  1.4910607077770E-12 -5.0407267525880E-12  3.9205124468070E-12  1.3824000000000E+05
 59 -6.8821392270796E-13  1.5098539280351E-12 -4.9645621726835E-12  3.9090057672170E-12  1.3824000000000E+05
 60 -6.9980186079466E-13  1.5266396158742E-12 -4.9178966280692E-12  3.8590249829705E-12  1.3824000000000E+05
 61 -7.1122429842308E-13  1.5425938092955E-12 -4.9607114170243E-12  3.7931911164427E-12  1.3824000000000E+05
 62 -7.2264902702233E-13  1.5595112477634E-12 -5.1287519505936E-12  3.7472097639548E-12  1.3824000000000E+05
 63 -7.3440384943358E-13  1.5783731051229E-12 -5.3617430057254E-12  3.7054446653644E-12  1.3824000000000E+05
 64 -7.4672907321176E-13  1.5986380991747E-12 -5.6027268973798E-12  3.7141501234500E-12  1.3824000000000E+05
 65 -7.5966952589326E-13  1.6188908005180E-12 -5.8222541257638E-12  3.7790257277347E-12  1.3824000000000E+05
 66 -7.7311538468296E-13  1.6379211630366E-12 -6.0363876704359E-12  3.8280751882430E-12  1.3824000000000E+05
 67 -7.8682141889208E-13  1.6556200452213E-12 -6.2281738408650E-12  3.8647433399445E-12  1.3824000000000E+05
 68 -8.0055515667547E-13  1.6730071588817E-12 -6.3846995193170E-12  3.9995839252951E-12  1.3824000000000E+05
 69 -8.1430103894133E-13  1.6913001839106E-12 -6.5452740654695E-12  4.1632265627685E-12  1.3824000000000E+05
 70 -8.2812456671309E-13  1.7111924056387E-12 -6.7339888511742E-12  4.3118323106480E-12  1.3824000000000E+05
 71 -8.4199607040869E-13  1.7327421134499E-12 -6.9291507377909E-12  4.4485830488872E-12  1.3824000000000E+05
 72 -8.5594650958961E-13  1.7553560910884E-12 -7.1414849039219E-12  4.5687116351827E-12  1.3824000000000E+05
 73 -8.7005667587934E-13  1.7779149924319E-12 -7.3209419344340E-12  4.6712292868341E-12  1.3824000000000E+05
 74 -8.8425305146813E-13  1.7992706633846E-12 -7.4611979280798E-12  4.7691273461758E-12  1.3824000000000E+05
 75 -8.9836247691022E-13  1.8189189235949E-12 -7.5447591520402E-12  4.8957673971827E-12  1.3824000000000E+05
 76 -9.1219350659570E-13  1.8372601549272E-12 -7.5788480516867E-12  5.0338521104095E-12  1.3824000000000E+05
 77 -9.2549829871960E-13  1.8552871335518E-12 -7.5655140132725E-12  5.1740788016841E-12  1.3824000000000E+05
 78 -9.3807087887404E-13  1.8739886776903E-12 -7.4992156501701E-12  5.3150991913818E-12  1.3824000000000E+05
 79 -9.4986076994599E-13  1.8939387411335E-12 -7.3909828848897E-12  5.4442508127691E-12  1.3824000000000E+05
 80 -9.6094140475759E-13  1.9151959876610E-12 -7.2652390151169E-12  5.5776857562031E-12  1.3824000000000E+05
 81 -9.7151358239290E-13  1.9374924859785E-12 -7.1354810558002E-12  5.6786250763856E-12  1.3824000000000E+05
 82 -9.8183313157067E-13  1.9605062024070E-12 -7.0017616594095E-12  5.7592658598199E-12  1.3824000000000E+05
 83 -9.9202637850614E-13  1.9839220651044E-12 -6.8642681516955E-12  5.8311323434024E-12  1.3824000000000E+05
 84 -1.0021276244497E-12  2.0074080818429E-12 -6.7342735420454E-12  5.8862090069474E-12  1.3824000000000E+05
 85 -1.0121874249092E-12  2.0307179147921E-12 -6.5980193806595E-12  5.9056407599934E-12  1.3824000000000E+05
 86 -1.0222744101970E-12  2.0537848634638E-12 -6.6130352073219E-12  5.9135568666148E-12  1.3824000000000E+05
 87 -1.0324911018533E-12  2.0766601773596E-12 -6.6780992249305E-12  5.9223110512599E-12  1.3824000000000E+05
 88 -1.0429810488189E-12  2.0994057361525E-12 -6.7681556627616E-12  5.9139645562393E-12  1.3824000000000E+05
 89 -1.0538689982025E-12  2.1222157912713E-12 -6.9438537882940E-12  5.8863941185225E-12  1.3824000000000E+05
 90 -1.0651665644079E-12  2.1453442330984E-12 -7.2232977138388E-12  5.8501766745974E-12  1.3824000000000E+05
 91 -1.0768202687277E-12  2.1689603267288E-12 -7.4858969135864E-12  5.8042466388148E-12  1.3824000000000E+05
 92 -1.0887703309396E-12  2.1931535406249E-12 -7.7432880959525E-12  5.7592906815739E-12  1.3824000000000E+05
 93 -1.1009413459554E-12  2.2178905832018E-12 -7.9966406660469E-12  5.6963592870361E-12  1.3824000000000E+05
 94 -1.1133326401720E-12  2.2431883446216E-12 -8.2329059584797E-12  5.6152251536481E-12  1.3824000000000E+05
 95 -1.1259977185477E-12  2.2691364240517E-12 -8.4674776231699E-12  5.5358180914324E-12  1.3824000000000E+05
 96 -1.1389370966679E-12  2.2956554806953E-12 -8.6953989237290E-12  5.4583308232051E-12  1.3824000000000E+05
 97 -1.1521134002375E-12  2.3225711615820E-12 -8.9052068989160E-12  5.3523010048653E-12  1.3824000000000E+05
 98 -1.1654933693594E-12  2.3497248000060E-12 -9.0925328995008E-12  5.2369883951000E-12  1.3824000000000E+05
 99 -1.1789989249047E-12  2.3770313466007E-12 -9.2597102220816E-12  5.2151564620947E-12  1.3824000000000E+05
100 -1.1924576851307E-12  2.4045500352390E-12 -9.4206052672673E-12  5.2602671770799E-12  1.3824000000000E+05
101 -1.2056342288786E-12  2.4323501062022E-12 -9.5722471275191E-12  5.3082256712720E-12  1.3824000000000E+05
102 -1.2182431635197E-12  2.4604435091675E-12 -9.6989146045115E-12  5.3621509670178E-12  1.3824000000000E+05
103 -1.2300181928484E-12  2.4887904788171E-12 -9.8033153982749E-12  5.4020941575356E-12  1.3824000000000E+05
104 -1.2408762240051E-12  2.5172987052163E-12 -9.8787390666032E-12  5.4476801333901E-12  1.3824000000000E+05
105 -1.2508968919848E-12  2.5458518055617E-12 -9.9465505337875E-12  5.4661163289400E-12  1.3824000000000E+05
106 -1.2602078007125E-12  2.5742977500377E-12 -9.9939344807739E-12  5.4916155518163E-12  1.3824000000000E+05
107 -1.2690055934977E-12  2.6025587279455E-12 -1.0023809065204E-11  5.5026120001237E-12  1.3824000000000E+05
108 -1.2774698625422E-12  2.6307162072594E-12 -1.0039503124498E-11  5.5301305170129E-12  1.3824000000000E+05
109 -1.2856481242357E-12  2.6587713768830E-12 -1.0028201881924E-11  5.5413696174215E-12  1.3824000000000E+05
110 -1.2935837846642E-12  2.6865639995202E-12 -1.0005386736554E-11  5.5617282288966E-12  1.3824000000000E+05
111 -1.3013499034477E-12  2.7139790136999E-12 -1.0066150368151E-11  5.5662696246999E-12  1.3824000000000E+05
112 -1.3089995596344E-12  2.7410195242009E-12 -1.0274986235706E-11  5.7436247739950E-12  1.3824000000000E+05
113 -1.3166928176447E-12  2.7677002416873E-12 -1.0507671563782E-11  5.9810115310385E-12  1.3824000000000E+05
114 -1.3245764201551E-12  2.7940585340497E-12 -1.0761458191954E-11  6.2081616628969E-12  1.3824000000000E+05
115 -1.3326026976735E-12  2.8201902536656E-12 -1.0992300350411E-11  6.4547538937022E-12  1.3824000000000E+05
116 -1.3407176062495E-12  2.8462475630982E-12 -1.1223171421939E-11  6.6965222922806E-12  1.3824000000000E+05
117 -1.3489782683026E-12  2.8723553890756E-12 -1.1442662692534E-11  6.9488114009297E-12  1.3824000000000E+05
118 -1.3573931253345E-12  2.8986386231497E-12 -1.1684542699522E-11  7.2062255601071E-12  1.3824000000000E+05
119 -1.3659193026680E-12  2.9252026761635E-12 -1.1930072511304E-11  7.4543919843600E-12  1.3824000000000E+05
120 -1.3745952523926E-12  2.9520729581776E-12 -1.2164919207483E-11  7.7086986809384E-12  1.3824000000000E+05
121 -1.3834305024335E-12  2.9792629771685E-12 -1.2419607554848E-11  7.9593598758121E-12  1.3824000000000E+05
122 -1.3924345092583E-12  3.0067314806744E-12 -1.2658202945745E-11  8.2203259102303E-12  1.3824000000000E+05
123 -1.4017295276554E-12  3.0344741957448E-12 -1.2880239250497E-11  8.4427141082299E-12  1.3824000000000E+05
124 -1.4113846050298E-12  3.0625434515910E-12 -1.3137849884705E-11  8.6511988395617E-12  1.3824000000000E+05
125 -1.4212956523467E-12  3.0909137111097E-12 -1.3405789314184E-11  8.8645017276563E-12  1.3824000000000E+05
126 -1.4313217126681E-12  3.1196221471583E-12 -1.3674697701471E-11  9.0853539163210E-12  1.3824000000000E+05
127 -1.4412787476721E-12  3.1486960964830E-12 -1.3931116597171E-11  9.2626028806221E-12  1.3824000000000E+05
128 -1.4508526142727E-12  3.1780137928869E-12 -1.4185627079965E-11  9.4348298800686E-12  1.3824000000000E+05
129 -1.4598637109103E-12  3.2074483346797E-12 -1.4405298914309E-11  9.5841463713122E-12  1.3824000000000E+05
130 -1.4683529735958E-12  3.2369468442603E-12 -1.4651929856899E-11  9.7424103431507E-12  1.3824000000000E+05
131 -1.4763826701133E-12  3.2664913237703E-12 -1.4879111467154E-11  9.8532721037313E-12  1.3824000000000E+05
132 -1.4840314834082E-12  3.2960345464695E-12 -1.5062719684830E-11  9.9736527733568E-12  1.3824000000000E+05
133 -1.4913600042468E-12  3.3255147921064E-12 -1.5234577016876E-11  1.0083185997721E-11  1.3824000000000E+05
134 -1.4983462627284E-12  3.3549164993223E-12 -1.5408233045855E-11  1.0175080388026E-11  1.3824000000000E+05
135 -1.5049860192452E-12  3.3842616270113E-12 -1.5573815547846E-11  1.0240393822611E-11  1.3824000000000E+05
136 -1.5113849909827E-12  3.4135989170516E-12 -1.5746798165309E-11  1.0310928440009E-11  1.3824000000000E+05
137 -1.5176705005966E-12  3.4429532226870E-12 -1.5894777957755E-11  1.0360897035780E-11  1.3824000000000E+05
138 -1.5238743712520E-12  3.4723583226525E-12 -1.6040859211335E-11  1.0419832934411E-11  1.3824000000000E+05
139 -1.5300489510722E-12  3.5017940425980E-12 -1.6149701096384E-11  1.0443713116573E-11  1.3824000000000E+05
140 -1.5362699820863E-12  3.5311750560934E-12 -1.6254805746787E-11  1.0450999428538E-11  1.3824000000000E+05
141 -1.5425751730048E-12  3.5605274511821E-12 -1.6345434877231E-11  1.0452906576944E-11  1.3824000000000E+05
142 -1.5490591428601E-12  3.5899236137358E-12 -1.6449312690863E-11  1.0451556250268E-11  1.3824000000000E+05
143 -1.5557976027216E-12  3.6193851361540E-12 -1.6531976039416E-11  1.0434766940885E-11  1.3824000000000E+05
144 -1.5627401792282E-12  3.6489700040485E-12 -1.6613473573170E-11  1.0413114200675E-11  1.3824000000000E+05
145 -1.5697846566009E-12  3.6787932485874E-12 -1.6678223936762E-11  1.0400055612023E-11  1.3824000000000E+05
146 -1.5768376208799E-12  3.7088974864730E-12 -1.6722820711566E-11  1.0352941858994E-11  1.3824000000000E+05
147 -1.5838187285371E-12  3.7392553671911E-12 -1.6750024902589E-11  1.0304454644391E-11  1.3824000000000E+05
148 -1.5907843392386E-12  3.7698788908253E-12 -1.6763387028808E-11  1.0284244124322E-11  1.3824000000000E+05
149 -1.5979194589415E-12  3.8007708997660E-12 -1.6761181017217E-11  1.0227721275747E-11  1.3824000000000E+05
150 -1.6052972138642E-12  3.8319221803939E-12 -1.6744622886513E-11  1.0170899627465E-11  1.3824000000000E+05
151 -1.6128238322685E-12  3.8633309785272E-12 -1.6710307145747E-11  1.0131215018473E-11  1.3824000000000E+05
152 -1.6203146183312E-12  3.8950743305878E-12 -1.6670736264426E-11  1.0069663636174E-11  1.3824000000000E+05
153 -1.6275137838568E-12  3.9271686618547E-12 -1.6630408218249E-11  1.0047027460227E-11  1.3824000000000E+05
154 -1.6342072769426E-12  3.9594908109198E-12 -1.6559134790135E-11  9.9784615944383E-12  1.3824000000000E+05
155 -1.6402743403162E-12  3.9920375618031E-12 -1.6525848422596E-11  9.9534760741048E-12  1.3824000000000E+05
156 -1.6456692993696E-12  4.0248346027598E-12 -1.6496872624090E-11  9.9193944102705E-12  1.3824000000000E+05
157 -1.6503927944125E-12  4.0578500479912E-12 -1.6469980524031E-11  9.8972216449079E-12  1.3824000000000E+05
158 -1.6544151276886E-12  4.0910392498770E-12 -1.6474342827787E-11  1.0046735283374E-11  1.3824000000000E+05
159 -1.6577792903236E-12  4.1243788149433E-12 -1.6548334906228E-11  1.0253942820055E-11  1.3824000000000E+05
160 -1.6606456868235E-12  4.1579193627257E-12 -1.6807368379538E-11  1.0462538537780E-11  1.3824000000000E+05
161 -1.6631805205126E-12  4.1915685092742E-12 -1.7058582314643E-11  1.0661151142686E-11  1.3824000000000E+05
162 -1.6655178744318E-12  4.2250588865316E-12 -1.7290771459046E-11  1.0855198327221E-11  1.3824000000000E+05
163 -1.6677380877622E-12  4.2582065838783E-12 -1.7541995542488E-11  1.1005280478576E-11  1.3824000000000E+05
164 -1.6698753087806E-12  4.2908954714872E-12 -1.7750176309390E-11  1.1134557842963E-11  1.3824000000000E+05
165 -1.6719781200838E-12  4.3230256854658E-12 -1.7960290965590E-11  1.1221755813319E-11  1.3824000000000E+05
166 -1.6741662114320E-12  4.3545958209039E-12 -1.8142518354187E-11  1.1267085474439E-11  1.3824000000000E+05
167 -1.6766377073061E-12  4.3856268010835E-12 -1.8322427044887E-11  1.1284413231243E-11  1.3824000000000E+05
168 -1.6795080927173E-12  4.4162195175479E-12 -1.8473012657433E-11  1.1266000278952E-11  1.3824000000000E+05
169 -1.6827460943571E-12  4.4464397887493E-12 -1.8615402620226E-11  1.1279422608465E-11  1.3824000000000E+05
170 -1.6863354908663E-12  4.4762786132310E-12 -1.8738319496732E-11  1.1265355030905E-11  1.3824000000000E+05
171 -1.6902175295105E-12  4.5057674564126E-12 -1.8835430296757E-11  1.1395211353352E-11  1.3824000000000E+05
172 -1.6942928614794E-12  4.5348371303226E-12 -1.8924085361564E-11  1.1554808761111E-11  1.3824000000000E+05
173 -1.6986202751314E-12  4.5635163430225E-12 -1.9160573424595E-11  1.1692843339771E-11  1.3824000000000E+05
174 -1.7033335763495E-12  4.5919773621445E-12 -1.9517321155425E-11  1.1835387723699E-11  1.3824000000000E+05
175 -1.7084266820782E-12  4.6202698642196E-12 -1.9880697760180E-11  1.1948473761621E-11  1.3824000000000E+05
176 -1.7137862479748E-12  4.6484304200606E-12 -2.0262702460032E-11  1.2055479088174E-11  1.3824000000000E+05
177 -1.7192779698617E-12  4.6765475420692E-12 -2.0732911327628E-11  1.2128480791138E-11  1.3824000000000E+05
178 -1.7247705155515E-12  4.7046474792867E-12 -2.1208247819222E-11  1.2206981074048E-11  1.3824000000000E+05
179 -1.7302186673930E-12  4.7327486613502E-12 -2.1711715303432E-11  1.2265074440130E-11  1.3824000000000E+05
180 -1.7355855716381E-12  4.7607274651192E-12 -2.2202572169145E-11  1.2318487858625E-11  1.3824000000000E+05
181 -1.7407154936501E-12  4.7883114298745E-12 -2.2717433815166E-11  1.2363227233393E-11  1.3824000000000E+05
182 -1.7453827979366E-12  4.8153976363544E-12 -2.3225039630165E-11  1.2423600822204E-11  1.3824000000000E+05
183 -1.7494537123531E-12  4.8419376822252E-12 -2.3693819147660E-11  1.2467115998550E-11  1.3824000000000E+05
184 -1.7528527882007E-12  4.8678018102412E-12 -2.4175875760494E-11  1.2507919840498E-11  1.3824000000000E+05
185 -1.7555424038293E-12  4.8928584931268E-12 -2.4621059126222E-11  1.2529019092413E-11  1.3824000000000E+05
186 -1.7576593589455E-12  4.9170357200364E-12 -2.5021779531778E-11  1.2562950595475E-11  1.3824000000000E+05
187 -1.7593224854347E-12  4.9402529045737E-12 -2.5453544581706E-11  1.2680322335938E-11  1.3824000000000E+05
188 -1.7604985692600E-12  4.9623403331625E-12 -2.5859098875286E-11  1.2798568364151E-11  1.3824000000000E+05
189 -1.7611392400812E-12  4.9831324190958E-12 -2.6244906980967E-11  1.2911368598079E-11  1.3824000000000E+05
190 -1.7612423730838E-12  5.0024655782109E-12 -2.6587710335630E-11  1.3005792125141E-11  1.3824000000000E+05
191 -1.7609296328480E-12  5.0201834345758E-12 -2.6897221485936E-11  1.3088910264401E-11  1.3824000000000E+05
192 -1.7604554153796E-12  5.0361822585312E-12 -2.7175146587277E-11  1.3160613229253E-11  1.3824000000000E+05
193 -1.7600161639056E-12  5.0503253384704E-12 -2.7419904471486E-11  1.3208990734837E-11  1.3824000000000E+05
194 -1.7596431197301E-12  5.0624026242440E-12 -2.7648767641001E-11  1.3244173710322E-11  1.3824000000000E+05
195 -1.7593153855354E-12  5.0722921168206E-12 -2.7826759978743E-11  1.3275887293174E-11  1.3824000000000E+05
196 -1.7590188133394E-12  5.0798851830092E-12 -2.7954671007120E-11  1.3299034229282E-11  1.3824000000000E+05
197 -1.7587399450472E-12  5.0850613411511E-12 -2.8038094152346E-11  1.3318734261140E-11  1.3824000000000E+05
198 -1.7585443330064E-12  5.0877421705149E-12 -2.8064124145601E-11  1.3328384913409E-11  1.3824000000000E+05
 
 field : ETAN     ; Iter =      3120 ; region #   0 ; nb.Lev =   1
 k | --   Average    -- | --   Std.Dev    -- | --     min      -- | --     max      -- | --    Vol
  0  2.5466254497969E-12  2.9451289722082E-12 -2.0740078169863E-12  8.5211250131467E-12  6.9120000000000E+04
 
 field : UVEL     ; Iter =      3120 ; region #   0 ; nb.Lev = 198
 k | --   Average    -- | --   Std.Dev    -- | --     min      -- | --     max      -- | --    Vol
  0  9.8616738282005E-25  1.2163926338151E-12 -4.4890182673912E-12  4.4536493875554E-12  2.7371520000000E+07
  1  1.4079522864705E-21  1.3876435086756E-12 -3.1271787398533E-12  3.4934758579916E-12  1.3824000000000E+05
  2 -1.8940144237568E-21  1.3224248833336E-12 -3.2516085039903E-12  2.8762177383172E-12  1.3824000000000E+05
  3 -7.1192542914962E-21  1.1966731024099E-12 -2.5328795563521E-12  2.3759538177746E-12  1.3824000000000E+05
  4 -2.8864937177780E-21  1.1760869006591E-12 -2.3071467123605E-12  2.1799208175326E-12  1.3824000000000E+05
  5  4.2924225963091E-21  8.2605037128217E-13 -1.6947496808612E-12  1.3545533274542E-12  1.3824000000000E+05
  6  6.2013934937764E-21  1.0886879582405E-12 -2.4518669216990E-12  2.1169262411131E-12  1.3824000000000E+05
  7  1.0927156507937E-21  1.1255816242039E-12 -1.7524110644919E-12  2.3965879190495E-12  1.3824000000000E+05
  8 -9.1910862252773E-22  1.2847704163636E-12 -2.8786288680294E-12  2.9361007891597E-12  1.3824000000000E+05
  9  2.2256873101306E-21  9.0673225565336E-13 -1.8190217118820E-12  2.0168974445206E-12  1.3824000000000E+05
 10  3.8338647433225E-21  1.1496801524968E-12 -2.7631435475002E-12  1.9244959267472E-12  1.3824000000000E+05
 11  2.0824495175583E-21  9.4411352417162E-13 -2.1743597921234E-12  2.4372560409401E-12  1.3824000000000E+05
 12 -9.2320383161052E-22  8.5455778018257E-13 -1.9340959870654E-12  2.0645165975051E-12  1.3824000000000E+05
 13 -3.4037742491160E-21  1.1865377214917E-12 -2.9881418926816E-12  2.6991670697358E-12  1.3824000000000E+05
 14 -2.8449210426189E-21  7.0770426712169E-13 -1.6621279590339E-12  1.5678292414745E-12  1.3824000000000E+05
 15  1.3706487307381E-22  1.1286067662982E-12 -2.1745425115349E-12  2.6205609243410E-12  1.3824000000000E+05
 16  9.7718818035866E-22  7.8888636815878E-13 -2.0756504531437E-12  1.8176335344912E-12  1.3824000000000E+05
 17 -1.2822008854309E-21  9.0075097812486E-13 -1.6051881712563E-12  1.7241427143781E-12  1.3824000000000E+05
 18 -2.9148799044129E-21  9.7383499015535E-13 -2.1620923152581E-12  1.8321895568214E-12  1.3824000000000E+05
 19  1.6793404869710E-22  8.2092317156587E-13 -1.5317263111618E-12  1.8784229515161E-12  1.3824000000000E+05
 20  3.8434094578005E-21  9.7130113087010E-13 -1.9900275437765E-12  2.3013565497000E-12  1.3824000000000E+05
 21  4.4751295646077E-21  6.8539418198199E-13 -1.9170818076024E-12  1.5103207124001E-12  1.3824000000000E+05
 22  1.4445172028942E-21  8.9958199360578E-13 -2.0871624406578E-12  2.3465704848115E-12  1.3824000000000E+05
 23 -1.0748224422460E-21  7.4753707295518E-13 -1.3281022840546E-12  2.0275640238189E-12  1.3824000000000E+05
 24 -1.0184371123541E-21  7.9767082076253E-13 -1.7348228076603E-12  1.8913744406079E-12  1.3824000000000E+05
 25  2.0780058284409E-21  8.1166226192406E-13 -2.0148513663837E-12  1.8791732238694E-12  1.3824000000000E+05
 26  1.8620642617109E-21  7.4658184479454E-13 -1.6098551997167E-12  1.9773691144236E-12  1.3824000000000E+05
 27 -2.6645310820722E-21  8.3650602946327E-13 -2.2095063938761E-12  1.4878759024045E-12  1.3824000000000E+05
 28 -5.8583830981648E-21  6.5295958705699E-13 -1.8169494667269E-12  1.5924543052451E-12  1.3824000000000E+05
 29 -1.2881311477929E-21  9.1561212838957E-13 -1.4594880420482E-12  2.3680366941261E-12  1.3824000000000E+05
 30  3.4149848007264E-21  7.5218356192268E-13 -1.2512389771739E-12  1.6245641918323E-12  1.3824000000000E+05
 31  2.6605589756768E-21  8.6713060293327E-13 -1.9431403026304E-12  1.2524297236708E-12  1.3824000000000E+05
 32 -2.3157492613422E-21  7.1746047861166E-13 -1.4777703750282E-12  1.3730951948179E-12  1.3824000000000E+05
 33 -3.3351080505543E-21  8.0377587691886E-13 -1.5511535398627E-12  1.6553118397886E-12  1.3824000000000E+05
 34  1.9750521779433E-22  7.8981806617571E-13 -1.4069593614101E-12  2.0017389396144E-12  1.3824000000000E+05
 35  4.4512288698646E-21  7.5339455551335E-13 -1.9497943501414E-12  1.3674330489036E-12  1.3824000000000E+05
 36  2.9903789979978E-21  9.3337292553663E-13 -2.3094865396235E-12  1.9342803221973E-12  1.3824000000000E+05
 37 -1.5317411603785E-21  7.1833756617663E-13 -1.3481191243479E-12  2.1659560957563E-12  1.3824000000000E+05
 38 -3.0077871539876E-21  9.9257819365692E-13 -1.8710663432781E-12  2.1353386674397E-12  1.3824000000000E+05
 39  1.5543411646893E-21  7.3740916237489E-13 -1.6173203771070E-12  1.6094480692945E-12  1.3824000000000E+05
 40  5.0244459563063E-21  9.5343403578254E-13 -2.0964982598749E-12  2.3691008567902E-12  1.3824000000000E+05
 41  4.3246229835963E-22  9.1786294967188E-13 -2.1542076002541E-12  1.7358101570301E-12  1.3824000000000E+05
 42 -4.8344007756235E-21  8.6194783648150E-13 -2.1559361115350E-12  1.8214611595544E-12  1.3824000000000E+05
 43 -2.3235405050926E-21  1.0547975052751E-12 -1.6877275453022E-12  2.4741482654908E-12  1.3824000000000E+05
 44  4.0295825163019E-21  6.2834509607408E-13 -1.3077084722786E-12  1.5759444135844E-12  1.3824000000000E+05
 45  3.0847977884498E-21  1.1149194996424E-12 -2.3153450717959E-12  1.7858205195089E-12  1.3824000000000E+05
 46 -2.8570661088869E-21  7.4014318108516E-13 -1.7820304085730E-12  1.3711768413644E-12  1.3824000000000E+05
 47 -3.6742664719010E-21  1.0897549237180E-12 -2.2062587179464E-12  2.3163471905279E-12  1.3824000000000E+05
 48  1.6321445958693E-21  9.8737716411399E-13 -1.4822959303865E-12  2.3825465324317E-12  1.3824000000000E+05
 49  4.5167580897603E-21  7.9322516771057E-13 -1.8985014529508E-12  1.6491371707725E-12  1.3824000000000E+05
 50  2.7619224301817E-21  1.2460090391537E-12 -3.0863620109968E-12  2.5774304491024E-12  1.3824000000000E+05
 51 -1.0873881209649E-21  6.3583646217453E-13 -1.4216005063181E-12  1.2982477416983E-12  1.3824000000000E+05
 52 -1.8905971390186E-21  1.3772802812520E-12 -3.0241201040421E-12  3.1183969439719E-12  1.3824000000000E+05
 53  4.7479985565348E-22  7.5851831224017E-13 -1.1891840976853E-12  1.8360959665817E-12  1.3824000000000E+05
 54  3.9275300727479E-21  1.0805699367926E-12 -2.2732005246349E-12  2.6516041704409E-12  1.3824000000000E+05
 55  1.5790110277629E-21  1.1332660578056E-12 -2.3590002973976E-12  1.9904929216703E-12  1.3824000000000E+05
 56 -2.3111419353823E-21  9.2886520434786E-13 -2.0553184583482E-12  1.8098895576491E-12  1.3824000000000E+05
 57 -2.0273371445046E-21  1.4037741854855E-12 -1.9196585315165E-12  2.6227267019104E-12  1.3824000000000E+05
 58  1.5105997131577E-21  7.1860871827190E-13 -1.7348280493887E-12  1.3539764034040E-12  1.3824000000000E+05
 59  7.6966330134681E-24  1.3646992321826E-12 -2.4144989994851E-12  2.3375767213107E-12  1.3824000000000E+05
 60 -1.5795334509585E-21  8.5950662217547E-13 -1.7673634879701E-12  1.6877533438794E-12  1.3824000000000E+05
 61 -4.3121793303772E-22  1.4069582769770E-12 -3.6479233621263E-12  2.7316084683844E-12  1.3824000000000E+05
 62  1.3842962400204E-21  1.1994184234542E-12 -1.9213373479332E-12  2.3505402162122E-12  1.3824000000000E+05
 63 -1.1294268723294E-21  1.0491363990801E-12 -2.0800906135808E-12  2.4760244202577E-12  1.3824000000000E+05
 64 -1.2786649193608E-21  1.5120307215203E-12 -2.7485069445760E-12  3.2524544686753E-12  1.3824000000000E+05
 65  2.4553497139561E-22  6.8792352693912E-13 -2.1007729506626E-12  1.1227255952371E-12  1.3824000000000E+05
 66  4.1636160641888E-22  1.6452093682128E-12 -3.8292691657097E-12  2.5443497373055E-12  1.3824000000000E+05
 67  6.4893645609127E-22  8.0002977450575E-13 -1.6667431552615E-12  2.0238181592425E-12  1.3824000000000E+05
 68  1.0559002577914E-21  1.5375831669293E-12 -2.8935098285032E-12  3.8282804110751E-12  1.3824000000000E+05
 69 -4.0258386986344E-22  1.1576884906709E-12 -2.5087954802953E-12  2.0347508400172E-12  1.3824000000000E+05
 70 -2.3662927413916E-21  1.0954133848990E-12 -2.8761373978900E-12  2.2185147864662E-12  1.3824000000000E+05
 71 -1.3863634010197E-21  1.5950976769851E-12 -3.3676087248237E-12  3.0082120844823E-12  1.3824000000000E+05
 72  3.1224067051243E-22  6.7049576871851E-13 -1.2367959971828E-12  1.2610108383917E-12  1.3824000000000E+05
 73 -1.4144479943327E-21  1.7449134526832E-12 -2.9893263829031E-12  3.3270622602001E-12  1.3824000000000E+05
 74 -2.2651538951764E-21  7.4790017041845E-13 -1.9780670326906E-12  1.4901124981365E-12  1.3824000000000E+05
 75  1.2889493855699E-21  1.6749351946502E-12 -3.6261430709113E-12  3.1955852228282E-12  1.3824000000000E+05
 76  2.4425851775878E-21  1.1512637968116E-12 -2.3588023728735E-12  2.3285155841261E-12  1.3824000000000E+05
 77 -1.3874472190158E-21  1.2389565344985E-12 -2.8655798782327E-12  2.8016238513336E-12  1.3824000000000E+05
 78 -1.9666351754323E-21  1.5801594924636E-12 -3.1052974053208E-12  3.4731679119702E-12  1.3824000000000E+05
 79  1.7273227960144E-21  8.3892441517467E-13 -1.6194978891271E-12  2.2263772700241E-12  1.3824000000000E+05
 80  1.6275529597699E-21  1.7588369611331E-12 -3.9508023302590E-12  3.2235122779246E-12  1.3824000000000E+05
 81 -8.1634850512628E-22  7.6920639094974E-13 -1.4684810973402E-12  1.7017855243683E-12  1.3824000000000E+05
 82 -2.0697633513480E-22  1.7048823630405E-12 -2.8397427335324E-12  3.4073431112483E-12  1.3824000000000E+05
 83 -9.5886876409154E-22  1.1882984564080E-12 -2.1995446282520E-12  2.7307889002025E-12  1.3824000000000E+05
 84 -2.3614499615754E-21  1.3609398933437E-12 -3.4244730345817E-12  2.9413244639390E-12  1.3824000000000E+05
 85  3.2833837449860E-22  1.5855997113071E-12 -3.8018330534423E-12  2.7450194080248E-12  1.3824000000000E+05
 86  2.8105985037634E-21  9.3590560168555E-13 -2.1155207575144E-12  1.8752646169210E-12  1.3824000000000E+05
 87 -6.3843254656571E-22  1.7299714284864E-12 -3.1539310716451E-12  3.8777710330665E-12  1.3824000000000E+05
 88 -3.7695417305979E-21  8.1223434980595E-13 -2.1430304945261E-12  1.4649153834818E-12  1.3824000000000E+05
 89 -8.8831169428051E-22  1.7332090905030E-12 -3.5766247586687E-12  3.5904347916108E-12  1.3824000000000E+05
 90  1.3567061543100E-21  1.0274878942204E-12 -2.2214325194760E-12  2.2002698732505E-12  1.3824000000000E+05
 91  7.8138119655091E-23  1.4631806498666E-12 -3.5993475637774E-12  2.4280799699702E-12  1.3824000000000E+05
 92 -1.0735805423895E-21  1.4748282994158E-12 -2.2995962298687E-12  3.2421867357205E-12  1.3824000000000E+05
 93 -3.2793592920751E-22  1.0154311304450E-12 -1.6920799245564E-12  2.6289895254477E-12  1.3824000000000E+05
 94 -3.0293475643879E-22  1.7313523220165E-12 -4.0154751724808E-12  3.3345473948372E-12  1.3824000000000E+05
 95  3.0151257533226E-22  7.9054042669373E-13 -2.0239609283913E-12  1.5133517219137E-12  1.3824000000000E+05
 96  2.7900055502386E-21  1.7029379668923E-12 -3.5336820080395E-12  3.6587507543563E-12  1.3824000000000E+05
 97  1.3399300365616E-21  9.9427239080479E-13 -2.4897834543721E-12  2.4572216084097E-12  1.3824000000000E+05
 98 -2.8058567231530E-21  1.5880124085394E-12 -2.6215500116141E-12  3.5155296285713E-12  1.3824000000000E+05
 99 -8.7651510626265E-22  1.3994005568338E-12 -3.0251307291497E-12  2.7789535019312E-12  1.3824000000000E+05
100  3.3288285568152E-21  1.1939784301244E-12 -2.7624535439966E-12  1.7369910099071E-12  1.3824000000000E+05
101  1.1205699577510E-21  1.7440486001086E-12 -3.8836109435531E-12  3.9920796046779E-12  1.3824000000000E+05
102 -3.2200246193367E-21  7.2277382518786E-13 -1.3219849258772E-12  1.5218823676825E-12  1.3824000000000E+05
103  6.2119689845405E-23  1.8579527877016E-12 -4.0058339328888E-12  4.2292019063553E-12  1.3824000000000E+05
104  4.8292042532650E-21  8.3772487798737E-13 -2.0227630550463E-12  2.0040569814960E-12  1.3824000000000E+05
105  2.7671424980911E-21  1.6886382746243E-12 -4.1360251141762E-12  3.0316894899294E-12  1.3824000000000E+05
106 -1.1072028741749E-21  1.2842861536307E-12 -2.1356417120631E-12  2.9334628853513E-12  1.3824000000000E+05
107 -1.0946878761936E-22  1.2618235469077E-12 -2.0775222317241E-12  3.2280421443283E-12  1.3824000000000E+05
108  1.5619997934346E-21  1.8285802925552E-12 -4.2934227364458E-12  3.5692569136998E-12  1.3824000000000E+05
109  1.6392040128846E-21  8.9286977783625E-13 -1.9487399180879E-12  1.9198434528909E-12  1.3824000000000E+05
110  3.2183162377115E-21  1.9935637495465E-12 -4.2536950303813E-12  3.8064040070503E-12  1.3824000000000E+05
111  1.1380021226666E-21  9.1744749271611E-13 -2.1626206990609E-12  2.1579062052094E-12  1.3824000000000E+05
112 -3.3247491330612E-21  1.7688214753465E-12 -2.7731842304691E-12  4.4536493875554E-12  1.3824000000000E+05
113 -3.8608032858934E-21  1.4021561448232E-12 -2.9913801441779E-12  1.8436867658350E-12  1.3824000000000E+05
114  2.7432847497011E-21  1.3814407606708E-12 -3.2075402674696E-12  2.1290818923190E-12  1.3824000000000E+05
115  3.1266415636382E-21  1.7015549453044E-12 -3.0316808120678E-12  3.2117783665228E-12  1.3824000000000E+05
116 -3.4508078090970E-21  9.9624162101541E-13 -2.1382609329537E-12  2.0355429946344E-12  1.3824000000000E+05
117 -5.4007587245115E-21  1.8615990409935E-12 -3.7162846036732E-12  3.7562972418794E-12  1.3824000000000E+05
118  3.5794971254359E-22  1.0889906422664E-12 -2.0475675432443E-12  2.4494634275956E-12  1.3824000000000E+05
119  3.6161358169934E-21  1.7223752954210E-12 -4.4890182673912E-12  2.9580752070980E-12  1.3824000000000E+05
120  2.0114453797473E-21  1.3959791935984E-12 -2.0870870312196E-12  3.3717729029782E-12  1.3824000000000E+05
121  3.9324629157151E-22  1.3420889110894E-12 -2.4449442983411E-12  3.5191521291978E-12  1.3824000000000E+05
122 -5.5204763429053E-23  1.5569579568481E-12 -3.2932154964221E-12  3.0113442247217E-12  1.3824000000000E+05
123  2.4723118584787E-22  8.8253256935837E-13 -2.0527443683136E-12  2.1182903337334E-12  1.3824000000000E+05
124  2.6930173685318E-21  1.8544521111083E-12 -3.3215465197421E-12  4.3335849003950E-12  1.3824000000000E+05
125  2.8379851073028E-21  9.9025811725504E-13 -2.4017203153286E-12  1.9647755093730E-12  1.3824000000000E+05
126 -7.5065826984929E-22  1.6390251345161E-12 -3.4132601227642E-12  3.5299104246003E-12  1.3824000000000E+05
127 -2.4878351488228E-21  1.3939092548003E-12 -2.9533183961418E-12  2.3952562310403E-12  1.3824000000000E+05
128 -8.3205780542696E-22  1.3933533737224E-12 -2.5888521294971E-12  2.7623306506832E-12  1.3824000000000E+05
129  4.8109535109121E-22  1.7521295304825E-12 -3.1050195251889E-12  3.6867449070454E-12  1.3824000000000E+05
130 -1.2339815493731E-21  1.1544108853528E-12 -3.6066364201426E-12  1.7315444314810E-12  1.3824000000000E+05
131 -1.9098316130886E-21  1.7350235356750E-12 -4.3246769667924E-12  2.8497142632453E-12  1.3824000000000E+05
132 -1.0346290356940E-21  1.2907526777691E-12 -2.6224443478878E-12  2.7388948196313E-12  1.3824000000000E+05
133  1.1772819947315E-22  1.7035373361478E-12 -2.7885059707102E-12  2.9094663509907E-12  1.3824000000000E+05
134  2.1737007145229E-22  1.2637321327045E-12 -2.3958104123871E-12  2.2895071583094E-12  1.3824000000000E+05
135  4.9718984374589E-22  1.3967354195135E-12 -3.4300374786229E-12  2.3176843288470E-12  1.3824000000000E+05
136 -6.4283072881669E-22  1.5298437231697E-12 -3.6236396239082E-12  2.5186067864340E-12  1.3824000000000E+05
137 -1.6915378872473E-21  1.1574768931134E-12 -2.2542390869771E-12  3.2335495425186E-12  1.3824000000000E+05
138 -1.9210351461597E-21  1.7238359532995E-12 -3.2836928408115E-12  4.1430815001297E-12  1.3824000000000E+05
139  1.0366774531069E-21  1.1453243576085E-12 -2.6879903440762E-12  1.9105591779580E-12  1.3824000000000E+05
140  1.7155054535336E-21  1.4850290317988E-12 -3.1484868620549E-12  3.6743685231316E-12  1.3824000000000E+05
141 -2.0465508277424E-21  1.4080285371782E-12 -2.7199700381439E-12  2.4580894532259E-12  1.3824000000000E+05
142 -4.8171205672019E-21  1.4707969079981E-12 -2.7513703109481E-12  3.1594038850033E-12  1.3824000000000E+05
143 -1.3021771365652E-21  1.6520037861873E-12 -2.7969524295599E-12  3.1353895456827E-12  1.3824000000000E+05
144  3.1047846552298E-21  1.2381122922441E-12 -3.5126238081272E-12  2.1153499468384E-12  1.3824000000000E+05
145  2.2555133162175E-21  1.6841834789020E-12 -4.0585734123739E-12  3.0792145858798E-12  1.3824000000000E+05
146 -7.6256283791291E-22  1.2258939490200E-12 -1.7455635090078E-12  3.1130450364662E-12  1.3824000000000E+05
147 -2.8255887677622E-21  1.5649174084848E-12 -2.4142668802611E-12  3.9613246377325E-12  1.3824000000000E+05
148 -1.8393420340737E-22  1.4229569253726E-12 -2.5334129114987E-12  2.7419889454029E-12  1.3824000000000E+05
149  4.4365687546962E-21  1.4748540245717E-12 -3.6585044766886E-12  2.3361919544559E-12  1.3824000000000E+05
150  3.9290339983412E-21  1.4260152997530E-12 -3.3385285607727E-12  2.1229631797007E-12  1.3824000000000E+05
151 -1.4589577569298E-21  1.1340713111657E-12 -1.7216119544353E-12  2.6496048253207E-12  1.3824000000000E+05
152 -5.2824223338229E-21  1.6001122650955E-12 -2.9040158192591E-12  3.8078120192880E-12  1.3824000000000E+05
153 -7.0223064621869E-22  1.2305678351416E-12 -2.5168227087927E-12  2.1467321057548E-12  1.3824000000000E+05
154  3.7165398929998E-21  1.5064433895006E-12 -3.5751733869942E-12  2.4498943067229E-12  1.3824000000000E+05
155  1.3582321954234E-22  1.2340972162314E-12 -2.9804634003629E-12  2.3047668755226E-12  1.3824000000000E+05
156 -7.1389214188045E-21  1.2883268608234E-12 -2.0604788967533E-12  2.6704909697694E-12  1.3824000000000E+05
157 -6.2823024968391E-21  1.2950952548153E-12 -1.6744477702276E-12  3.1505865859017E-12  1.3824000000000E+05
158 -3.0055264294499E-22  1.1218032538999E-12 -2.2820529060946E-12  2.1273332820427E-12  1.3824000000000E+05
159  2.2696391324355E-21  1.3321655998411E-12 -3.1006883038041E-12  2.3214259990206E-12  1.3824000000000E+05
160 -1.2825924957043E-22  1.1358945948450E-12 -3.2428420211132E-12  1.9394064126313E-12  1.3824000000000E+05
161 -1.5309999954996E-21  1.2260299333622E-12 -2.0540066903860E-12  2.9478329313470E-12  1.3824000000000E+05
162  1.6170561263150E-21  1.1803788465985E-12 -1.9102128919562E-12  3.5116913061478E-12  1.3824000000000E+05
163  6.4709954481886E-21  1.2751204973089E-12 -3.0661296848660E-12  2.4620988990293E-12  1.3824000000000E+05
164  7.4319533555254E-21  1.1957096297017E-12 -2.8328287392296E-12  2.1265445158465E-12  1.3824000000000E+05
165  1.0325432919192E-21  1.1970356048675E-12 -2.7492527932765E-12  2.5019466439858E-12  1.3824000000000E+05
166 -2.8710544458973E-21  1.1356052963640E-12 -2.2940605528888E-12  2.1582286906823E-12  1.3824000000000E+05
167  1.2560503358488E-21  1.1728222873645E-12 -2.4624034319579E-12  2.6606976019533E-12  1.3824000000000E+05
168  4.7212934035961E-21  1.0369182390995E-12 -2.1136319504980E-12  1.8568596034646E-12  1.3824000000000E+05
169 -2.2449149750747E-21  1.0997733391766E-12 -2.0741041564908E-12  1.9496435870052E-12  1.3824000000000E+05
170 -1.0008012768806E-20  1.2534374664396E-12 -2.1636891395356E-12  2.6711430575412E-12  1.3824000000000E+05
171 -6.8918451378956E-21  1.0543840136150E-12 -1.7407228680963E-12  2.1923253343541E-12  1.3824000000000E+05
172  4.6210316936475E-21  1.1885654573649E-12 -2.0666163022803E-12  2.7830136859622E-12  1.3824000000000E+05
173  7.6510948981628E-21  8.2672147430539E-13 -2.2189930430048E-12  1.7832165158196E-12  1.3824000000000E+05
174 -1.4639229720619E-22  1.3110792959039E-12 -3.2716788531270E-12  2.3699725658959E-12  1.3824000000000E+05
175 -5.2214496412154E-21  9.6296176208522E-13 -1.4242342257556E-12  2.1539202395855E-12  1.3824000000000E+05
176  1.4255935420719E-21  1.2060106569608E-12 -1.6695591613262E-12  3.6767138017188E-12  1.3824000000000E+05
177  1.0998857084601E-20  9.1496306236855E-13 -1.8190387038579E-12  1.8612975072869E-12  1.3824000000000E+05
178  7.8696099902510E-21  8.4810215684068E-13 -2.5071894428581E-12  1.6061227439214E-12  1.3824000000000E+05
179 -3.3058460145157E-21  1.2875386182779E-12 -2.9815404231082E-12  2.3708626508999E-12  1.3824000000000E+05
180 -8.4473903608813E-21  5.8016468345537E-13 -9.4854675439223E-13  1.3973236114481E-12  1.3824000000000E+05
181 -2.0578929123224E-21  1.3491428826978E-12 -2.6661493468414E-12  3.2578497800706E-12  1.3824000000000E+05
182  4.6645205004280E-21  7.0719328836001E-13 -1.7827302076335E-12  1.2616714710335E-12  1.3824000000000E+05
183  1.6989059815159E-21  1.1226012981893E-12 -2.5038820768377E-12  2.5673231783707E-12  1.3824000000000E+05
184 -7.2102002107407E-21  1.2269918480573E-12 -2.6600036876033E-12  2.2218988085089E-12  1.3824000000000E+05
185 -7.3922789381410E-21  7.4501340211007E-13 -1.8778909648271E-12  1.5312106635700E-12  1.3824000000000E+05
186  2.4834554174017E-21  1.3736617875423E-12 -2.7248586298697E-12  2.9935865915480E-12  1.3824000000000E+05
187  6.8118693927883E-21  5.6092262695912E-13 -1.1936262515076E-12  1.4215669857269E-12  1.3824000000000E+05
188  7.7608968847180E-22  1.2284110446886E-12 -3.0467670710837E-12  2.2034416676156E-12  1.3824000000000E+05
189 -6.2042794779386E-21  6.5205090030772E-13 -1.5460824185096E-12  1.4094873905192E-12  1.3824000000000E+05
190 -4.1972504281758E-21  1.0718827513633E-12 -2.3310489413619E-12  2.7166972422921E-12  1.3824000000000E+05
191  2.5187854883987E-21  1.0611720185173E-12 -2.1275736590284E-12  2.6035231272986E-12  1.3824000000000E+05
192  4.0453745050846E-21  9.7103736520679E-13 -2.3797061257660E-12  2.1099459029563E-12  1.3824000000000E+05
193 -5.8757126274850E-22  1.1311023935635E-12 -2.2833747215195E-12  2.2291965954089E-12  1.3824000000000E+05
194 -4.3933818797904E-21  4.3188612231504E-13 -8.3839201429924E-13  8.1814610785505E-13  1.3824000000000E+05
195 -1.3073716298991E-21  1.2991607465443E-12 -2.6543240179830E-12  2.9003608383849E-12  1.3824000000000E+05
196  2.7935050843721E-21  4.8821095592063E-13 -1.1309037163970E-12  1.0860416414456E-12  1.3824000000000E+05
197  4.7558361512305E-22  1.2376032547012E-12 -2.7828845933629E-12  2.6427939105089E-12  1.3824000000000E+05
198 -5.0962290080825E-21  7.2289282703269E-13 -2.2172771653790E-12  1.7753053008607E-12  1.3824000000000E+05
 
 field : VVEL     ; Iter =      3120 ; region #   0 ; nb.Lev = 198
 k | --   Average    -- | --   Std.Dev    -- | --     min      -- | --     max      -- | --    Vol
  0  6.0502135324853E-25  1.0552672798806E-12 -3.9888267679955E-12  4.3482606287355E-12  2.7371520000000E+07
  1  4.1831827370466E-22  1.2889272128237E-12 -3.7541525251856E-12  3.0606223595404E-12  1.3824000000000E+05
  2 -4.7573739452333E-22  1.2572461452254E-12 -2.7046108405306E-12  2.6987849288907E-12  1.3824000000000E+05
  3 -1.7825239052497E-21  7.8317654950247E-13 -1.9027552145609E-12  2.4255229691108E-12  1.3824000000000E+05
  4 -6.1326806731260E-22  1.1608290623026E-12 -2.1578576679086E-12  2.4888892367205E-12  1.3824000000000E+05
  5  1.2220425300017E-21  4.4146454274889E-13 -1.1272502737239E-12  1.0109497440471E-12  1.3824000000000E+05
  6  1.4556559480580E-21  9.5107618644423E-13 -1.8385584543630E-12  1.9061628665205E-12  1.3824000000000E+05
  7  3.8393693709140E-22  1.0006791547770E-12 -2.2038918498021E-12  2.9946232717012E-12  1.3824000000000E+05
  8 -3.6470915994350E-22  9.2234130731201E-13 -1.5307647947936E-12  1.9087426023020E-12  1.3824000000000E+05
  9  3.9652776938317E-22  9.4217364998581E-13 -2.5509489463469E-12  2.1935605225329E-12  1.3824000000000E+05
 10  1.5545219740097E-21  6.1618538059187E-13 -1.9010232809719E-12  1.5311555746755E-12  1.3824000000000E+05
 11  5.9803821918644E-22  9.7624368937685E-13 -1.8814292014255E-12  2.5883620274236E-12  1.3824000000000E+05
 12 -8.1714467137707E-22  6.1873773388841E-13 -1.4625808425948E-12  1.3094773459586E-12  1.3824000000000E+05
 13 -8.1965631793204E-22  9.6369822748551E-13 -2.0167859888619E-12  2.4473034212297E-12  1.3824000000000E+05
 14 -3.0733248605308E-22  7.2380323046581E-13 -1.5345073249622E-12  1.1630910821048E-12  1.3824000000000E+05
 15 -2.5455220597710E-22  7.4797572088452E-13 -1.5146980885730E-12  1.8248331287403E-12  1.3824000000000E+05
 16 -1.0737293225572E-22  9.1248767824962E-13 -1.6330194475190E-12  1.6938017929126E-12  1.3824000000000E+05
 17  1.7063018046340E-22  5.1652009113213E-13 -1.2271196954686E-12  1.0203775490666E-12  1.3824000000000E+05
 18 -3.6400769764502E-22  1.0028946569399E-12 -2.1014452144555E-12  1.9506125174435E-12  1.3824000000000E+05
 19 -3.3477795867927E-22  6.0669447881546E-13 -1.4143336992935E-12  1.2396115151308E-12  1.3824000000000E+05
 20  8.8299391348113E-22  8.2704192935344E-13 -1.8787499274933E-12  1.3583644152345E-12  1.3824000000000E+05
 21  1.5105443692798E-21  8.2930109750878E-13 -1.4994339860373E-12  2.0110391060463E-12  1.3824000000000E+05
 22  1.4780957330290E-22  6.4408194733769E-13 -1.3066529801822E-12  1.7642755300433E-12  1.3824000000000E+05
 23 -5.9881897490158E-22  8.8056699318648E-13 -2.1605833021177E-12  2.1296126963505E-12  1.3824000000000E+05
 24  1.8853884396131E-22  5.9919324052025E-13 -1.1876761181401E-12  1.6138546787684E-12  1.3824000000000E+05
 25  4.5780839226662E-22  8.9265031425464E-13 -1.7713401622809E-12  1.9612695523873E-12  1.3824000000000E+05
 26 -2.7345719627185E-22  6.9259473023019E-13 -1.4268946349644E-12  1.8478307288315E-12  1.3824000000000E+05
 27 -5.9905360341431E-22  6.7389573270030E-13 -1.2254997114180E-12  1.4163153603364E-12  1.3824000000000E+05
 28 -6.2472011077320E-22  8.4801604008951E-13 -2.0187317797735E-12  1.3690530295970E-12  1.3824000000000E+05
 29 -5.9895890717513E-22  6.4166289200171E-13 -1.4675352150630E-12  1.0800475065547E-12  1.3824000000000E+05
 30  2.3725379133528E-22  8.9533930881012E-13 -2.0269555827914E-12  2.0428441784608E-12  1.3824000000000E+05
 31  1.1866699721250E-21  7.1587437992637E-13 -1.3186544225779E-12  1.4650485443470E-12  1.3824000000000E+05
 32  2.0066246090335E-22  7.4229052052817E-13 -1.3291259693610E-12  1.6164504401617E-12  1.3824000000000E+05
 33 -1.0685912361321E-21  7.6642300391088E-13 -1.9617527771396E-12  1.2193246195422E-12  1.3824000000000E+05
 34 -9.0581034900656E-23  6.0251404422557E-13 -1.1666959682528E-12  1.5772275513049E-12  1.3824000000000E+05
 35  1.6162262783008E-21  8.7094491758900E-13 -1.7188542990878E-12  2.0745371834056E-12  1.3824000000000E+05
 36  6.0136251913709E-22  6.3819748987252E-13 -1.9566782171876E-12  1.1321955202259E-12  1.3824000000000E+05
 37 -9.3420071202011E-22  7.9695890023837E-13 -1.7077485909271E-12  1.8377448100270E-12  1.3824000000000E+05
 38 -3.0331902654409E-22  7.3678996034726E-13 -1.7052966758389E-12  1.5760398481576E-12  1.3824000000000E+05
 39  5.8572805370089E-22  7.3676014708592E-13 -1.8474867247887E-12  1.2369496331599E-12  1.3824000000000E+05
 40  1.6788551525118E-22  8.3454562823246E-13 -1.7073912174853E-12  2.0183213178755E-12  1.3824000000000E+05
 41 -1.4623751926925E-22  6.3086102667542E-13 -1.3305097853002E-12  1.5575929826411E-12  1.3824000000000E+05
 42  1.0577321112622E-22  9.2746931538970E-13 -2.3121199423169E-12  1.7550160154313E-12  1.3824000000000E+05
 43 -4.3402125497841E-22  6.7182556461759E-13 -1.6793572767271E-12  1.3264127905133E-12  1.3824000000000E+05
 44  8.0250863331635E-23  7.6895458893867E-13 -1.4653225151173E-12  1.8277930744390E-12  1.3824000000000E+05
 45  1.5686040472484E-21  8.4034938994082E-13 -1.5246588986459E-12  1.6830963824249E-12  1.3824000000000E+05
 46  6.9324423081706E-22  6.9834922059858E-13 -1.1351290000650E-12  1.5300239705151E-12  1.3824000000000E+05
 47 -1.5514827007460E-21  9.3407792235521E-13 -1.9839886110441E-12  1.6585997866920E-12  1.3824000000000E+05
 48 -4.2380402844468E-22  7.1660646931930E-13 -1.2071717469859E-12  1.5020259978732E-12  1.3824000000000E+05
 49  2.0003721374560E-21  8.9927170592930E-13 -1.8402530406946E-12  2.0002598066620E-12  1.3824000000000E+05
 50  8.2043104737036E-22  8.4867502647656E-13 -1.6451392561159E-12  1.9043662320430E-12  1.3824000000000E+05
 51 -1.4488610946275E-21  7.6074435585016E-13 -1.7614307310789E-12  1.5555959736001E-12  1.3824000000000E+05
 52 -4.1007230804453E-22  1.0259236292721E-12 -2.5493982155427E-12  1.7835743652220E-12  1.3824000000000E+05
 53  9.0575358123476E-22  7.1422171512062E-13 -1.6295327542146E-12  1.1566880352533E-12  1.3824000000000E+05
 54  1.9618760369733E-22  9.3841391657089E-13 -1.5639376458936E-12  2.2788875945265E-12  1.3824000000000E+05
 55 -2.0836461170137E-22  7.6064608856953E-13 -1.5169681699383E-12  1.5721552211352E-12  1.3824000000000E+05
 56  8.1167400968632E-22  9.7939691893191E-13 -2.2224006361974E-12  1.8368402949098E-12  1.3824000000000E+05
 57 -1.8577812070599E-23  9.8114937467726E-13 -1.8724350225961E-12  1.9355578735706E-12  1.3824000000000E+05
 58 -6.5771043243441E-22  8.2893623181612E-13 -1.8397911006994E-12  1.6470636017818E-12  1.3824000000000E+05
 59  9.6375133744095E-22  1.0420951276756E-12 -2.1412572770672E-12  2.1567689824251E-12  1.3824000000000E+05
 60  1.2262097115006E-21  7.0197879339468E-13 -1.5753663003064E-12  1.6068152100471E-12  1.3824000000000E+05
 61 -1.4594404091231E-21  1.2506335181946E-12 -2.9055662655769E-12  2.3206939757434E-12  1.3824000000000E+05
 62 -9.2022184362536E-22  8.2913991340044E-13 -1.3939004111742E-12  1.9060739986649E-12  1.3824000000000E+05
 63  1.5301220936785E-21  1.0667106208648E-12 -1.6868872501478E-12  2.1793939237389E-12  1.3824000000000E+05
 64  7.0499881366001E-23  1.0483596999900E-12 -2.1262728975500E-12  1.8237211665868E-12  1.3824000000000E+05
 65 -2.1311048476335E-21  7.0593653099269E-13 -1.4390259570887E-12  1.1768641038109E-12  1.3824000000000E+05
 66  3.2713516513918E-23  1.3084843148465E-12 -2.6549567376290E-12  2.4750366137997E-12  1.3824000000000E+05
 67  1.7776553438962E-21  6.8768176060224E-13 -1.7156388769518E-12  1.3692432116963E-12  1.3824000000000E+05
 68 -8.6329790707080E-23  1.2612629121750E-12 -2.5628508475261E-12  2.7276329456311E-12  1.3824000000000E+05
 69 -8.2628988441172E-22  8.2876866325962E-13 -1.6821215255716E-12  2.1046388461300E-12  1.3824000000000E+05
 70  7.1268251773116E-22  1.0899814506619E-12 -2.4073279676096E-12  1.8919838383942E-12  1.3824000000000E+05
 71  1.5771694969296E-22  1.1093598918134E-12 -2.1399624861409E-12  2.4555038324080E-12  1.3824000000000E+05
 72 -9.2396104187940E-22  7.7834009615580E-13 -1.5971446404352E-12  1.7494999486431E-12  1.3824000000000E+05
 73  5.2721306500070E-22  1.3866813536010E-12 -3.0237736221757E-12  2.6942799165313E-12  1.3824000000000E+05
 74  1.0256226116193E-21  6.4630135284713E-13 -1.1349151903309E-12  1.6775636178775E-12  1.3824000000000E+05
 75 -1.1691126083105E-21  1.4240432112393E-12 -2.7206095868466E-12  2.8611833424266E-12  1.3824000000000E+05
 76 -7.5872592332457E-22  7.8734023757174E-13 -1.5030708983188E-12  1.4531160630217E-12  1.3824000000000E+05
 77  1.8997605860880E-21  1.2367523233292E-12 -2.2273431190689E-12  2.8427873040929E-12  1.3824000000000E+05
 78  4.9114979327260E-22  1.2102873007446E-12 -2.1869646512699E-12  2.6603721247329E-12  1.3824000000000E+05
 79 -2.0556823465315E-21  9.3924661216217E-13 -2.1254938675921E-12  1.4483087894933E-12  1.3824000000000E+05
 80 -2.5904766883695E-23  1.4829191054029E-12 -3.2533316992624E-12  2.6534340945574E-12  1.3824000000000E+05
 81  1.9353922221202E-21  6.5238917452970E-13 -1.3158194229808E-12  1.5208158788383E-12  1.3824000000000E+05
 82 -1.4150327133103E-22  1.5326842733785E-12 -2.3170548424604E-12  3.1121248237320E-12  1.3824000000000E+05
 83 -1.4013558130048E-21  9.5824582278313E-13 -2.5940004736163E-12  1.6218794463569E-12  1.3824000000000E+05
 84  7.0407920627636E-22  1.3216218145181E-12 -3.2695648183517E-12  2.8498086197460E-12  1.3824000000000E+05
 85  5.0849682394568E-22  1.2089777692474E-12 -2.2204912267738E-12  2.3525557140143E-12  1.3824000000000E+05
 86 -1.2183556049071E-21  9.5222523344545E-13 -1.9533752394604E-12  1.8110817985827E-12  1.3824000000000E+05
 87  2.9320264780150E-22  1.4515697365732E-12 -2.9436734136075E-12  2.8492397295378E-12  1.3824000000000E+05
 88  1.2607588556059E-21  6.2217966972433E-13 -1.3193250452158E-12  1.2786029534933E-12  1.3824000000000E+05
 89 -1.2226590282161E-21  1.5136684687665E-12 -3.2722084386796E-12  3.1544033864204E-12  1.3824000000000E+05
 90 -1.4368990571466E-21  8.1874322209365E-13 -1.9065353266805E-12  1.7273800209158E-12  1.3824000000000E+05
 91  1.4330172149951E-21  1.3745786260084E-12 -2.5406652592103E-12  3.2230412633380E-12  1.3824000000000E+05
 92  9.4043362170109E-22  1.1950213028664E-12 -2.1063364403556E-12  2.5780106480901E-12  1.3824000000000E+05
 93 -1.5354189518123E-21  1.0434724133575E-12 -2.0630276560447E-12  2.5204819099089E-12  1.3824000000000E+05
 94 -3.8000604912043E-22  1.5150728602524E-12 -3.9374309824621E-12  2.5409226924403E-12  1.3824000000000E+05
 95  1.3730967000186E-21  5.4820504798101E-13 -1.3215979345156E-12  1.1044113001631E-12  1.3824000000000E+05
 96  1.6374941721121E-22  1.5906495116613E-12 -2.8294751882831E-12  4.1525325805801E-12  1.3824000000000E+05
 97 -8.0485411219663E-22  6.7751224305048E-13 -1.7083993499227E-12  1.6480125407846E-12  1.3824000000000E+05
 98  7.5967598328689E-22  1.5007510626254E-12 -3.6902488062637E-12  2.5523122521281E-12  1.3824000000000E+05
 99  7.4257350721102E-22  1.1428986671425E-12 -2.4603338055775E-12  2.3376422300106E-12  1.3824000000000E+05
100 -9.6434184754583E-22  1.0963790377147E-12 -1.7016597045065E-12  2.2846718628088E-12  1.3824000000000E+05
101  1.5431775823451E-22  1.5403286360887E-12 -2.7268489934349E-12  2.9801054394334E-12  1.3824000000000E+05
102  1.1586509996425E-21  5.4220579226158E-13 -1.2081066023111E-12  1.1591751040504E-12  1.3824000000000E+05
103 -4.2210425471776E-22  1.7269043505553E-12 -3.9631419642725E-12  3.3660312376723E-12  1.3824000000000E+05
104 -3.0852980997045E-22  5.7066686491667E-13 -1.3951135093452E-12  1.0578619310159E-12  1.3824000000000E+05
105  1.5767757665121E-21  1.6151700956298E-12 -2.6363846051433E-12  3.9358240595550E-12  1.3824000000000E+05
106  4.9906086794529E-22  9.8836804739236E-13 -1.8645500073270E-12  2.5377959009410E-12  1.3824000000000E+05
107 -1.8575896842188E-21  1.1465976617865E-12 -3.3896604141671E-12  2.4943986380366E-12  1.3824000000000E+05
108 -4.4419221056604E-22  1.5793140343030E-12 -3.5984416176117E-12  2.7153852740310E-12  1.3824000000000E+05
109  2.0973542789892E-21  6.2013997546592E-13 -1.5007014587690E-12  1.4327897930492E-12  1.3824000000000E+05
110  7.6570231254696E-22  1.8325556269694E-12 -2.7130870190114E-12  4.1715190369494E-12  1.3824000000000E+05
111 -1.4936002050411E-21  6.5660972023693E-13 -1.2962592596939E-12  2.1594458342382E-12  1.3824000000000E+05
112 -1.0392192208167E-22  1.5492421791786E-12 -3.9265778030129E-12  2.8225861159032E-12  1.3824000000000E+05
113  5.8037951698536E-22  1.1831994323480E-12 -2.6729922475006E-12  2.2203122460299E-12  1.3824000000000E+05
114 -2.2185004461923E-22  1.2242714958161E-12 -2.4896661317588E-12  3.1926185193418E-12  1.3824000000000E+05
115  1.8623189471027E-22  1.5177910403135E-12 -2.4814780245863E-12  4.3482606287355E-12  1.3824000000000E+05
116  2.6326716960950E-22  7.6398244901985E-13 -1.4970754605222E-12  2.0642250383344E-12  1.3824000000000E+05
117 -1.3810155876954E-21  1.7190980188632E-12 -3.9888267679955E-12  2.7867088837849E-12  1.3824000000000E+05
118 -1.1705548737106E-21  8.1819224105634E-13 -1.5333469821923E-12  2.2829175971552E-12  1.3824000000000E+05
119  1.0688465524132E-21  1.6695636284448E-12 -2.7580097565491E-12  3.9047475279312E-12  1.3824000000000E+05
120  9.9333318901226E-22  1.2361120768843E-12 -3.1501072943185E-12  2.7754782068514E-12  1.3824000000000E+05
121 -1.1511457302341E-21  1.3295220928354E-12 -2.8622490122279E-12  2.5467768963172E-12  1.3824000000000E+05
122 -4.5552473928258E-22  1.5255161630778E-12 -3.6339363258677E-12  3.2418566923405E-12  1.3824000000000E+05
123  1.2727634527432E-21  8.5241604901282E-13 -2.4118780682661E-12  1.5382915186023E-12  1.3824000000000E+05
124  3.3040949954144E-22  1.7493435315951E-12 -3.2325947338707E-12  3.7013080393168E-12  1.3824000000000E+05
125 -9.5322105038180E-22  8.8432662483653E-13 -1.6759477752872E-12  2.7347949325595E-12  1.3824000000000E+05
126  1.6302635198606E-22  1.6491053561530E-12 -3.1178980184538E-12  3.7521063816357E-12  1.3824000000000E+05
127  6.5426091414243E-22  1.1130393840616E-12 -2.8149167822818E-12  1.8589999877026E-12  1.3824000000000E+05
128 -7.7320182375863E-22  1.4766941576335E-12 -3.6532422589148E-12  2.4820699906410E-12  1.3824000000000E+05
129 -4.7253361710262E-22  1.3963440555721E-12 -2.2742510785667E-12  3.4369577633776E-12  1.3824000000000E+05
130  5.6706577042793E-22  9.7457770239106E-13 -1.7632395690998E-12  2.4664270676523E-12  1.3824000000000E+05
131 -4.6657131601840E-22  1.6852347705114E-12 -3.7108106317830E-12  3.3536987255834E-12  1.3824000000000E+05
132 -1.4439981449959E-21  9.2654878746034E-13 -2.2258335286562E-12  1.7394214560103E-12  1.3824000000000E+05
133  7.6073738099127E-23  1.7084658293645E-12 -3.3416500426585E-12  2.7880282299866E-12  1.3824000000000E+05
134  6.5134272959040E-22  8.8788769938246E-13 -2.5063505435494E-12  2.4212819490145E-12  1.3824000000000E+05
135 -8.9882500701053E-22  1.2673600103975E-12 -2.3357865707111E-12  3.0377264074190E-12  1.3824000000000E+05
136 -6.5275069109263E-22  1.4614602181427E-12 -3.1519319683016E-12  2.7808468590449E-12  1.3824000000000E+05
137  7.5477757547145E-22  1.0142762324496E-12 -2.7481326507815E-12  1.6192000946294E-12  1.3824000000000E+05
138 -1.7099378136701E-22  1.5883644897141E-12 -3.2931160185839E-12  2.7387131186141E-12  1.3824000000000E+05
139 -7.9325522172322E-22  7.6738164588771E-13 -1.5612833157865E-12  2.4837309610152E-12  1.3824000000000E+05
140  5.1452352741799E-22  1.4456178210668E-12 -2.7132926589775E-12  3.3731038290889E-12  1.3824000000000E+05
141  4.4829177218594E-22  9.7577897647849E-13 -2.2587422797668E-12  1.8387546729563E-12  1.3824000000000E+05
142 -1.7722458152720E-21  1.3495338683857E-12 -2.8427582855758E-12  2.3931055182688E-12  1.3824000000000E+05
143 -1.3435309494214E-21  1.2983924233793E-12 -2.6422445609340E-12  2.9583640008942E-12  1.3824000000000E+05
144  1.3397800416083E-21  9.9415755349077E-13 -2.1418367048230E-12  2.9237709266202E-12  1.3824000000000E+05
145  8.9050784949361E-22  1.4475134939662E-12 -3.1588026209131E-12  3.3906756407097E-12  1.3824000000000E+05
146 -1.1836636160804E-21  7.3373224076718E-13 -1.7473078391660E-12  1.7379879200667E-12  1.3824000000000E+05
147 -8.1667635869845E-22  1.4778950170957E-12 -2.9638639582848E-12  2.9978841497894E-12  1.3824000000000E+05
148  4.8580465246116E-22  8.8385406900943E-13 -1.9427732829934E-12  1.9093965879389E-12  1.3824000000000E+05
149  8.1224543795606E-22  1.2990728256903E-12 -2.3648214318040E-12  2.7623676830917E-12  1.3824000000000E+05
150  8.0767962319933E-22  1.0177092401153E-12 -2.0911612936497E-12  1.9475075850997E-12  1.3824000000000E+05
151 -1.0382436546790E-22  8.8606378297266E-13 -2.3345264209854E-12  1.8088264070723E-12  1.3824000000000E+05
152 -1.3040250752810E-21  1.3261134077296E-12 -3.5846663750663E-12  2.9834726759684E-12  1.3824000000000E+05
153 -4.7890926344954E-22  8.6691321566148E-13 -1.7573167262081E-12  2.2125682298193E-12  1.3824000000000E+05
154  7.8309470675368E-22  1.3955283474069E-12 -2.6239735469459E-12  3.8703517991120E-12  1.3824000000000E+05
155  2.9148121403364E-22  8.0044457940097E-13 -1.8921869935239E-12  1.7085168598214E-12  1.3824000000000E+05
156 -1.8583152878055E-21  1.0644926406869E-12 -2.7558871707262E-12  1.9127265020778E-12  1.3824000000000E+05
157 -2.1326050382322E-21  1.0764461232005E-12 -2.0017870412496E-12  2.6467913409421E-12  1.3824000000000E+05
158 -1.4775036688539E-22  9.1864732468445E-13 -1.7302588086764E-12  2.3860150039080E-12  1.3824000000000E+05
159  7.9294996075048E-22  1.1200214849928E-12 -2.1997291355965E-12  2.3902853372155E-12  1.3824000000000E+05
160 -2.2529125128682E-22  8.8728189315417E-13 -1.8547616027482E-12  1.9724198025758E-12  1.3824000000000E+05
161 -8.8171488097940E-22  1.1374919186107E-12 -2.3681445816833E-12  1.8450332124465E-12  1.3824000000000E+05
162  1.8979359472323E-22  9.7126029931379E-13 -2.7581050226617E-12  1.8251282176718E-12  1.3824000000000E+05
163  1.6770438566859E-21  1.0713807050498E-12 -2.2518936373567E-12  2.3928016062013E-12  1.3824000000000E+05
164  1.7994508547256E-21  1.0253549019180E-12 -2.1073457084213E-12  1.9065540316626E-12  1.3824000000000E+05
165  4.7603691385424E-23  9.6405953195800E-13 -2.3290906946034E-12  1.6459903114208E-12  1.3824000000000E+05
166 -4.7486952090081E-22  9.6560340584719E-13 -2.0085108534609E-12  2.4127428669143E-12  1.3824000000000E+05
167  7.3159533416448E-22  1.0180471248637E-12 -1.9958215897071E-12  2.3726567441557E-12  1.3824000000000E+05
168  1.1384692630540E-21  9.3499862548226E-13 -2.4374561765912E-12  2.0930519099763E-12  1.3824000000000E+05
169 -5.5451307985967E-22  9.2686898450719E-13 -2.6799131219528E-12  1.6782042428850E-12  1.3824000000000E+05
170 -2.3464056088671E-21  1.0990960650471E-12 -2.1383403593522E-12  2.2050919909745E-12  1.3824000000000E+05
171 -1.7093058192240E-21  9.3120683679840E-13 -1.5641385687247E-12  2.5722149529796E-12  1.3824000000000E+05
172  9.8653505160914E-22  9.7665786921896E-13 -2.5076052625840E-12  2.2779890258719E-12  1.3824000000000E+05
173  1.7717548007864E-21  8.7754166199616E-13 -1.7185601745520E-12  2.2121069563145E-12  1.3824000000000E+05
174 -5.9149984855173E-23  1.0897684068914E-12 -2.9604171415748E-12  2.7424948285786E-12  1.3824000000000E+05
175 -1.4900679408973E-21  9.2085382803979E-13 -2.2636921844678E-12  1.5592641875418E-12  1.3824000000000E+05
176  1.4939648859456E-22  1.0908235460097E-12 -2.2894556622558E-12  2.5739789965778E-12  1.3824000000000E+05
177  2.7718085114022E-21  8.4542526951997E-13 -1.5296756127957E-12  2.5029397574375E-12  1.3824000000000E+05
178  2.2785241698117E-21  8.9738918449448E-13 -2.1499540671219E-12  1.6462932027888E-12  1.3824000000000E+05
179 -6.7221395554012E-22  1.0967189890457E-12 -2.2434361576446E-12  2.0370942880149E-12  1.3824000000000E+05
180 -2.1475205546610E-21  7.5864183206776E-13 -1.4607928065961E-12  1.9244664805454E-12  1.3824000000000E+05
181 -5.7348123685897E-22  1.0959948180671E-12 -2.0259124648978E-12  2.1871977072075E-12  1.3824000000000E+05
182  1.3050834255631E-21  8.1862156164406E-13 -1.9168300174600E-12  1.9452951056091E-12  1.3824000000000E+05
183  5.4085968497088E-22  9.8017483813445E-13 -2.0678487876622E-12  1.8557608840057E-12  1.3824000000000E+05
184 -1.9609024232620E-21  1.0778266479734E-12 -2.2147085709390E-12  2.2128506582915E-12  1.3824000000000E+05
185 -2.0191349543022E-21  8.2136284935479E-13 -1.7654224354618E-12  1.6431724370504E-12  1.3824000000000E+05
186  5.6502378504211E-22  1.0900514187925E-12 -2.0647693966755E-12  2.0650132336343E-12  1.3824000000000E+05
187  1.7123284046830E-21  7.6499663638980E-13 -1.8692999372088E-12  1.4321206108235E-12  1.3824000000000E+05
188  1.1154434174038E-22  1.0132043966202E-12 -2.4266315404634E-12  1.8452428440775E-12  1.3824000000000E+05
189 -1.7304769560513E-21  7.1129118235554E-13 -1.5862078445609E-12  1.4382506065657E-12  1.3824000000000E+05
190 -6.8366686571922E-22  9.6730893395868E-13 -1.4318370381445E-12  2.5039165544356E-12  1.3824000000000E+05
191  1.2334014504410E-21  8.5532762465384E-13 -1.8310013531047E-12  1.7951863052383E-12  1.3824000000000E+05
192  1.0593595157458E-21  8.6434912966990E-13 -2.2339121498129E-12  1.5537080946109E-12  1.3824000000000E+05
193 -5.2191958187976E-22  9.5908182055272E-13 -2.4533763587539E-12  1.6159472806338E-12  1.3824000000000E+05
194 -1.4165803565323E-21  4.4572500132861E-13 -8.5390765981508E-13  1.1166511321106E-12  1.3824000000000E+05
195 -1.6623449669852E-22  1.0707656630218E-12 -1.9568538878348E-12  2.4119251390067E-12  1.3824000000000E+05
196  1.2468482038995E-21  4.5540063032182E-13 -8.3467556420569E-13  1.1970549674270E-12  1.3824000000000E+05
197  2.5958715415338E-22  1.0211783950093E-12 -1.7674010836736E-12  2.0524545790179E-12  1.3824000000000E+05
198 -1.6267784549207E-21  6.6255811104936E-13 -1.2126130092194E-12  1.4005759243723E-12  1.3824000000000E+05
 
 field : WVEL     ; Iter =      3120 ; region #   0 ; nb.Lev = 198
 k | --   Average    -- | --   Std.Dev    -- | --     min      -- | --     max      -- | --    Vol
  0  1.1868016334681E-14  6.3596899899290E-12 -2.4156945692020E-11  2.5434035649891E-11  2.7302400000000E+07
  1  1.3471181474869E-14  3.0407992691757E-13 -1.4074544799680E-12  1.9751831537625E-12  6.9120000000000E+04
  2  1.3474445324691E-14  4.3619619457520E-12 -1.2492170692432E-11  1.1140167130962E-11  1.3824000000000E+05
  3  1.3481114372917E-14  3.5434843485796E-12 -1.2346419546344E-11  1.1185400882117E-11  1.3824000000000E+05
  4  1.3489421771328E-14  3.5319226823858E-12 -1.1109903961138E-11  1.2779017790603E-11  1.3824000000000E+05
  5  1.3499977885040E-14  3.1015123020050E-12 -1.1615258898935E-11  8.8887310923501E-12  1.3824000000000E+05
  6  1.3509229743557E-14  2.5218676780228E-12 -8.9069715171217E-12  8.5113639300387E-12  1.3824000000000E+05
  7  1.3517119522536E-14  3.0833670227256E-12 -8.3614054660296E-12  1.0566440669630E-11  1.3824000000000E+05
  8  1.3523647222310E-14  2.6371702341595E-12 -9.0036467830979E-12  7.4806424307485E-12  1.3824000000000E+05
  9  1.3527861957954E-14  3.7267938398674E-12 -1.0529389690911E-11  1.1773849182168E-11  1.3824000000000E+05
 10  1.3534903650488E-14  2.5359688726424E-12 -7.7599376286374E-12  8.2080169308108E-12  1.3824000000000E+05
 11  1.3544643801412E-14  2.4727644080713E-12 -8.6635488434801E-12  7.8950905462338E-12  1.3824000000000E+05
 12  1.3553407367055E-14  3.0321295805100E-12 -9.3399933829292E-12  8.2768731901430E-12  1.3824000000000E+05
 13  1.3562376529829E-14  2.7550709568171E-12 -8.4665449346736E-12  8.7936799093873E-12  1.3824000000000E+05
 14  1.3571397092179E-14  3.0342184181661E-12 -8.0524790445966E-12  1.0352376865459E-11  1.3824000000000E+05
 15  1.3579518168387E-14  2.8649154119334E-12 -8.5600729676541E-12  8.2747367854940E-12  1.3824000000000E+05
 16  1.3589798011307E-14  3.4787297802914E-12 -1.0100702529784E-11  9.3512366011034E-12  1.3824000000000E+05
 17  1.3601671229560E-14  3.1403952305653E-12 -1.1882525194806E-11  1.0404730280628E-11  1.3824000000000E+05
 18  1.3613081854912E-14  3.3183006379356E-12 -1.0578579041703E-11  9.7186251388993E-12  1.3824000000000E+05
 19  1.3623927089217E-14  3.5566145928519E-12 -1.1461029188629E-11  1.1100390308770E-11  1.3824000000000E+05
 20  1.3634772323523E-14  3.5529796890273E-12 -1.0454069999545E-11  1.1214265604258E-11  1.3824000000000E+05
 21  1.3645874553614E-14  3.6231892840333E-12 -1.1065781137749E-11  1.1348113949989E-11  1.3824000000000E+05
 22  1.3656822585924E-14  3.7408112483359E-12 -1.1290805227139E-11  1.0638447735871E-11  1.3824000000000E+05
 23  1.3667616420875E-14  4.2295056427269E-12 -1.0565552330863E-11  1.0970522834759E-11  1.3824000000000E+05
 24  1.3678256058477E-14  4.1182300752443E-12 -1.0332765303655E-11  9.9067202560776E-12  1.3824000000000E+05
 25  1.3689666684230E-14  4.9465833445940E-12 -1.1993238492407E-11  1.2008846047652E-11  1.3824000000000E+05
 26  1.3701282906443E-14  5.5161535316386E-12 -1.1878275610847E-11  1.2268636770544E-11  1.3824000000000E+05
 27  1.3712847729343E-14  5.0331345119256E-12 -1.2727521658004E-11  1.1008086271812E-11  1.3824000000000E+05
 28  1.3724823746305E-14  4.5976520360421E-12 -1.2822484525100E-11  9.5294721193473E-12  1.3824000000000E+05
 29  1.3734795194152E-14  4.5928837747839E-12 -1.1018424487122E-11  1.0479608192876E-11  1.3824000000000E+05
 30  1.3742607874733E-14  4.2395742911949E-12 -9.9999819438368E-12  1.0445477744158E-11  1.3824000000000E+05
 31  1.3753915701423E-14  3.8021502757590E-12 -1.0740194775689E-11  8.6160200823916E-12  1.3824000000000E+05
 32  1.3764195543878E-14  4.2847504838780E-12 -1.1848725917034E-11  1.0621988180825E-11  1.3824000000000E+05
 33  1.3771905426047E-14  4.0968011568389E-12 -1.0062883739517E-11  1.0850065508234E-11  1.3824000000000E+05
 34  1.3779101316260E-14  3.5398671758727E-12 -1.0271352083313E-11  7.9176241115115E-12  1.3824000000000E+05
 35  1.3788558771609E-14  3.7726611423821E-12 -9.7452236436878E-12  9.1884157277442E-12  1.3824000000000E+05
 36  1.3799866598397E-14  4.4779942125219E-12 -9.8124508527235E-12  1.1522984882129E-11  1.3824000000000E+05
 37  1.3812613603384E-14  4.5275790987706E-12 -1.2192148006999E-11  1.0712877796693E-11  1.3824000000000E+05
 38  1.3823818632288E-14  4.5386415366015E-12 -1.1982685378529E-11  1.1117481758719E-11  1.3824000000000E+05
 39  1.3831939708399E-14  5.2350780889912E-12 -1.2438083080589E-11  1.3281862260121E-11  1.3824000000000E+05
 40  1.3840369179427E-14  5.2652948383270E-12 -1.3698648153937E-11  1.1685841798195E-11  1.3824000000000E+05
 41  1.3850751820444E-14  4.8627134433083E-12 -1.3849655271249E-11  1.1240649787491E-11  1.3824000000000E+05
 42  1.3863087631714E-14  5.1965601042389E-12 -1.2209862110951E-11  1.3955684829532E-11  1.3824000000000E+05
 43  1.3876143032146E-14  5.7292914739345E-12 -1.3560746021373E-11  1.3847750228792E-11  1.3824000000000E+05
 44  1.3889301230940E-14  5.4987105532018E-12 -1.5667342602685E-11  1.1574736466044E-11  1.3824000000000E+05
 45  1.3902767824742E-14  5.4602814849474E-12 -1.4474849809993E-11  1.4338097970799E-11  1.3824000000000E+05
 46  1.3917159604258E-14  6.1602002731412E-12 -1.3339510249383E-11  1.6641046434713E-11  1.3824000000000E+05
 47  1.3933607352621E-14  5.7525275421953E-12 -1.3660322376088E-11  1.2702110923039E-11  1.3824000000000E+05
 48  1.3953139054187E-14  5.2323171682070E-12 -1.3869520757718E-11  1.0926389229564E-11  1.3824000000000E+05
 49  1.3973904336820E-14  5.9450044287579E-12 -1.3918258713646E-11  1.5518385953239E-11  1.3824000000000E+05
 50  1.3994052828568E-14  6.5427946589264E-12 -1.6312165841729E-11  1.6946943758087E-11  1.3824000000000E+05
 51  1.4014920909310E-14  5.8665120902737E-12 -1.5739058475093E-11  1.3693652564888E-11  1.3824000000000E+05
 52  1.4036816974698E-14  5.7815675183540E-12 -1.3611326051902E-11  1.4324700917158E-11  1.3824000000000E+05
 53  1.4058610241795E-14  6.4455113032081E-12 -1.4892868465381E-11  1.7507196375438E-11  1.3824000000000E+05
 54  1.4083384662988E-14  6.1542755687992E-12 -1.4990519996051E-11  1.4848652827034E-11  1.3824000000000E+05
 55  1.4111859827359E-14  5.7153973338420E-12 -1.5454827369008E-11  1.2725567755214E-11  1.3824000000000E+05
 56  1.4139512604527E-14  6.5624000936664E-12 -1.4810434960617E-11  1.5809900933642E-11  1.3824000000000E+05
 57  1.4166034599203E-14  7.1345455127467E-12 -1.7863208072245E-11  1.5532924509773E-11  1.3824000000000E+05
 58  1.4193584577881E-14  6.1285331065160E-12 -1.7128472168506E-11  1.2765645876379E-11  1.3824000000000E+05
 59  1.4226068880551E-14  6.3979508064701E-12 -1.6863978294825E-11  1.4103923803129E-11  1.3824000000000E+05
 60  1.4262870717288E-14  7.4139908245170E-12 -1.7926550960529E-11  1.6830344192956E-11  1.3824000000000E+05
 61  1.4298850167306E-14  6.6998850017702E-12 -1.6302941914653E-11  1.3848700996541E-11  1.3824000000000E+05
 62  1.4329278502541E-14  6.1862605772880E-12 -1.6332513716586E-11  1.3589943516948E-11  1.3824000000000E+05
 63  1.4356828481244E-14  7.1209726309386E-12 -1.7378546579397E-11  1.6714791431831E-11  1.3824000000000E+05
 64  1.4381500103531E-14  7.9166682794725E-12 -1.9669563112423E-11  1.8528287855835E-11  1.3824000000000E+05
 65  1.4401031804768E-14  6.8514478616994E-12 -1.8552161301303E-11  1.4938358071470E-11  1.3824000000000E+05
 66  1.4429404171362E-14  6.7245043769401E-12 -1.6663328194612E-11  1.4968682501748E-11  1.3824000000000E+05
 67  1.4469495558710E-14  7.6848077972970E-12 -1.7517842048230E-11  1.8404064136592E-11  1.3824000000000E+05
 68  1.4507119783076E-14  7.4613639607293E-12 -2.0558930906932E-11  1.6970771611232E-11  1.3824000000000E+05
 69  1.4535080954842E-14  6.7535811258329E-12 -2.0744910241922E-11  1.5619879589455E-11  1.3824000000000E+05
 70  1.4558724593062E-14  7.3869558769042E-12 -2.0193711208265E-11  1.9738167527373E-11  1.3824000000000E+05
 71  1.4582985022405E-14  7.8913233744089E-12 -1.9351898253171E-11  1.9717868999510E-11  1.3824000000000E+05
 72  1.4605189483027E-14  6.7042077437670E-12 -1.8951430928880E-11  1.4738037384135E-11  1.3824000000000E+05
 73  1.4624926780716E-14  7.1466836972011E-12 -1.9321314568926E-11  1.6720934729335E-11  1.3824000000000E+05
 74  1.4643430497145E-14  8.7933375405395E-12 -2.1534094919977E-11  2.2867811080869E-11  1.3824000000000E+05
 75  1.4661523020550E-14  8.4981751118616E-12 -2.0854382494606E-11  2.0258636457642E-11  1.3824000000000E+05
 76  1.4676120397774E-14  7.4226449017702E-12 -1.8883050518191E-11  1.6471507330916E-11  1.3824000000000E+05
 77  1.4688045015432E-14  7.7744951686489E-12 -2.0111430053071E-11  1.9515253093761E-11  1.3824000000000E+05
 78  1.4705109553826E-14  8.6448299840728E-12 -2.3583123268806E-11  2.0641563127018E-11  1.3824000000000E+05
 79  1.4725258045440E-14  7.5156482302496E-12 -2.2396758025090E-11  1.6297346643311E-11  1.3824000000000E+05
 80  1.4745406538014E-14  7.6143067083336E-12 -1.9834416004293E-11  1.7412815845033E-11  1.3824000000000E+05
 81  1.4767199805560E-14  8.4788091598601E-12 -1.9894998033664E-11  2.1811822837661E-11  1.3824000000000E+05
 82  1.4781385988479E-14  7.9354615005441E-12 -2.0306434135978E-11  1.8184644111755E-11  1.3824000000000E+05
 83  1.4783030762394E-14  6.8024874573038E-12 -1.8771081521325E-11  1.5185818907868E-11  1.3824000000000E+05
 84  1.4782208374406E-14  7.3786869401964E-12 -1.8235336037032E-11  1.7014732029437E-11  1.3824000000000E+05
 85  1.4782208374735E-14  8.3099381016291E-12 -1.8271736200155E-11  2.0946678518087E-11  1.3824000000000E+05
 86  1.4780974794119E-14  7.2955353527829E-12 -1.6890898320301E-11  1.6474852963678E-11  1.3824000000000E+05
 87  1.4784469940436E-14  7.7330853821492E-12 -1.7893838763910E-11  1.6451953085485E-11  1.3824000000000E+05
 88  1.4794132991925E-14  8.7642601111775E-12 -2.1684758975311E-11  1.7237350672430E-11  1.3824000000000E+05
 89  1.4804618431484E-14  8.2532305372406E-12 -2.0586706281282E-11  1.8140211491250E-11  1.3824000000000E+05
 90  1.4809963950407E-14  7.0916893124816E-12 -1.8064841528846E-11  1.5030315398916E-11  1.3824000000000E+05
 91  1.4808113579277E-14  7.4423819043207E-12 -1.7165984566723E-11  1.5934165455666E-11  1.3824000000000E+05
 92  1.4808730369531E-14  8.5030416297183E-12 -2.0605390260420E-11  1.8739591270618E-11  1.3824000000000E+05
 93  1.4812842305896E-14  7.4208939997375E-12 -1.7921503594176E-11  1.7777463675904E-11  1.3824000000000E+05
 94  1.4814281483711E-14  7.3333374488444E-12 -1.8090883650212E-11  1.5509250341395E-11  1.3824000000000E+05
 95  1.4816337452701E-14  7.9864435917274E-12 -1.9253955899943E-11  1.7454778736551E-11  1.3824000000000E+05
 96  1.4824561327052E-14  8.1247050512368E-12 -1.9811819149047E-11  1.9739058192378E-11  1.3824000000000E+05
 97  1.4839158703231E-14  7.4890792359405E-12 -1.7298769018085E-11  1.7250711957592E-11  1.3824000000000E+05
 98  1.4848410561158E-14  7.7933618090201E-12 -1.7179976673485E-11  1.8061808862753E-11  1.3824000000000E+05
 99  1.4846354592642E-14  8.3807174174074E-12 -1.8313192414063E-11  1.9049616472542E-11  1.3824000000000E+05
100  1.4842653849520E-14  7.3023135087622E-12 -1.7279997449156E-11  1.5031542977492E-11  1.3824000000000E+05
101  1.4847382577232E-14  7.7011134430492E-12 -2.0595757799492E-11  1.8079751309639E-11  1.3824000000000E+05
102  1.4868353456318E-14  8.8759627055351E-12 -1.9416121332632E-11  1.9510864392818E-11  1.3824000000000E+05
103  1.4890557916854E-14  8.7001156637136E-12 -1.9293554684827E-11  1.8891745828913E-11  1.3824000000000E+05
104  1.4905977681469E-14  7.4115220442861E-12 -1.7675259305271E-11  1.5770845773926E-11  1.3824000000000E+05
105  1.4920369461626E-14  7.4569862711926E-12 -1.7512304498075E-11  1.6803124021957E-11  1.3824000000000E+05
106  1.4932294079003E-14  8.6717158477095E-12 -2.1007415230898E-11  1.9082258227554E-11  1.3824000000000E+05
107  1.4941751534163E-14  8.0088534054143E-12 -2.0241682530609E-11  1.9330775547032E-11  1.3824000000000E+05
108  1.4949564214956E-14  7.4802307870143E-12 -1.7570658365770E-11  2.0055656430856E-11  1.3824000000000E+05
109  1.4954292942972E-14  7.6250319064352E-12 -1.8070234173601E-11  2.0584958103730E-11  1.3824000000000E+05
110  1.4952648168012E-14  8.0279983561090E-12 -1.9723499826621E-11  1.8878153926329E-11  1.3824000000000E+05
111  1.4939695565483E-14  8.0344526599456E-12 -1.9774848247226E-11  1.7735032606880E-11  1.3824000000000E+05
112  1.4916668717083E-14  8.7510288877038E-12 -2.0431132198181E-11  2.2805640573256E-11  1.3824000000000E+05
113  1.4892408288086E-14  8.8126651871980E-12 -1.9318545246300E-11  2.1265178115281E-11  1.3824000000000E+05
114  1.4868147859355E-14  7.6513197878971E-12 -1.8646525447597E-11  1.7507274799733E-11  1.3824000000000E+05
115  1.4850055336055E-14  7.6962647551269E-12 -2.1923846193707E-11  1.8470947052476E-11  1.3824000000000E+05
116  1.4844915414540E-14  8.1574667564142E-12 -1.7559070780592E-11  2.0272390268574E-11  1.3824000000000E+05
117  1.4831346022085E-14  8.5473849367390E-12 -1.8394478234864E-11  1.9884907167338E-11  1.3824000000000E+05
118  1.4812842305455E-14  7.9868317668189E-12 -2.0583256470405E-11  1.8167902390281E-11  1.3824000000000E+05
119  1.4784469939544E-14  7.7060556220035E-12 -1.9471317900448E-11  1.9189413407518E-11  1.3824000000000E+05
120  1.4746228924309E-14  8.4058790330451E-12 -2.2350906330967E-11  1.8031801795945E-11  1.3824000000000E+05
121  1.4696474485022E-14  8.4673747179915E-12 -2.0652414860958E-11  1.7790274709559E-11  1.3824000000000E+05
122  1.4619581260802E-14  8.8088846998227E-12 -2.0795952752713E-11  1.9297301948189E-11  1.3824000000000E+05
123  1.4514315670544E-14  7.9848158105165E-12 -1.7343019834077E-11  1.7958008638762E-11  1.3824000000000E+05
124  1.4407405305572E-14  8.0376233373051E-12 -1.9060805571793E-11  1.8704799282145E-11  1.3824000000000E+05
125  1.4289392710181E-14  8.3963704137020E-12 -2.4156945692020E-11  1.7334663366712E-11  1.3824000000000E+05
126  1.4145063717027E-14  8.7016606654629E-12 -1.9243119397324E-11  1.9112806557391E-11  1.3824000000000E+05
127  1.3985931750247E-14  8.5788358074643E-12 -1.9090401671099E-11  2.0664324643555E-11  1.3824000000000E+05
128  1.3814052778469E-14  8.1102685532101E-12 -1.8213148683189E-11  1.9638194487021E-11  1.3824000000000E+05
129  1.3636005900807E-14  8.7804407529949E-12 -2.1386181247428E-11  2.1676359258993E-11  1.3824000000000E+05
130  1.3438632918274E-14  9.2279549725483E-12 -1.9814954573470E-11  2.5434035649891E-11  1.3824000000000E+05
131  1.3239615160950E-14  9.8090919300292E-12 -2.2185800632169E-11  2.4534381373941E-11  1.3824000000000E+05
132  1.3048821278234E-14  9.0430150880011E-12 -2.1591001475977E-11  2.2157709080530E-11  1.3824000000000E+05
133  1.2850625909096E-14  7.3551905483852E-12 -1.7202435521825E-11  1.9125776071918E-11  1.3824000000000E+05
134  1.2647496215489E-14  6.7411272776078E-12 -1.5469483606059E-11  1.5109544810915E-11  1.3824000000000E+05
135  1.2439432197100E-14  6.9148117098743E-12 -1.5949977194972E-11  1.8407924705266E-11  1.3824000000000E+05
136  1.2239592052637E-14  7.4870753292742E-12 -1.5237247721603E-11  1.9722079703428E-11  1.3824000000000E+05
137  1.2050854138604E-14  6.8038424646131E-12 -1.6919604776515E-11  1.5815329060407E-11  1.3824000000000E+05
138  1.1865405774588E-14  6.8281473845423E-12 -1.7882485933274E-11  1.5536841729343E-11  1.3824000000000E+05
139  1.1686947703527E-14  6.6726756235980E-12 -1.4004029513372E-11  1.6071314604330E-11  1.3824000000000E+05
140  1.1514246343992E-14  7.1781247581494E-12 -1.6235621172050E-11  1.6271232306258E-11  1.3824000000000E+05
141  1.1355114376992E-14  7.1296574738723E-12 -1.4294322576086E-11  1.7641306057969E-11  1.3824000000000E+05
142  1.1216130902115E-14  7.0428208395931E-12 -1.6082738801169E-11  1.7828175647244E-11  1.3824000000000E+05
143  1.1083315332961E-14  7.1319251435271E-12 -1.8955032781051E-11  1.7154932311903E-11  1.3824000000000E+05
144  1.0966536318409E-14  6.7587470622442E-12 -1.5135708937351E-11  1.6155412408698E-11  1.3824000000000E+05
145  1.0850168497551E-14  7.2818687109754E-12 -1.8429993442830E-11  1.6677587518476E-11  1.3824000000000E+05
146  1.0723932027645E-14  7.1262636484127E-12 -1.7765481191276E-11  1.8050445580333E-11  1.3824000000000E+05
147  1.0610442563075E-14  6.7086331104290E-12 -1.5686677547410E-11  1.5442351737132E-11  1.3824000000000E+05
148  1.0517512784106E-14  6.1825715687338E-12 -1.6313548426492E-11  1.2896585949180E-11  1.3824000000000E+05
149  1.0427461361158E-14  6.2551734061137E-12 -1.4498558520230E-11  1.3141146620483E-11  1.3824000000000E+05
150  1.0322195770883E-14  6.7558948339495E-12 -1.5303604949517E-11  1.4611813275315E-11  1.3824000000000E+05
151  1.0191024976813E-14  6.1074629553217E-12 -1.2724635312182E-11  1.5384293619558E-11  1.3824000000000E+05
152  1.0027781073174E-14  5.9406231728271E-12 -1.5598631004035E-11  1.4832416281022E-11  1.3824000000000E+05
153  9.8513789706015E-15  6.0333900501606E-12 -1.6667410557684E-11  1.2441818411982E-11  1.3824000000000E+05
154  9.6663417998411E-15  6.8401261947282E-12 -1.5413546476635E-11  1.5076810798544E-11  1.3824000000000E+05
155  9.4689688175574E-15  7.5117522799589E-12 -1.7751226174836E-11  1.6954032185320E-11  1.3824000000000E+05
156  9.2625495736232E-15  7.9220258274904E-12 -1.8092151968053E-11  1.7638534188212E-11  1.3824000000000E+05
157  9.0495512303925E-15  7.4045451777046E-12 -1.6661444978007E-11  1.6863884048383E-11  1.3824000000000E+05
158  8.8270954316813E-15  6.8708028287412E-12 -1.4227396922097E-11  1.4147122366893E-11  1.3824000000000E+05
159  8.5980605335047E-15  7.5179608863962E-12 -1.7131542261911E-11  1.4695623899919E-11  1.3824000000000E+05
160  8.3764271224181E-15  8.2312645832642E-12 -1.7741925004968E-11  1.5182839390478E-11  1.3824000000000E+05
161  8.1646623607188E-15  8.4971239341927E-12 -1.7296182404588E-11  1.6333632070440E-11  1.3824000000000E+05
162  7.9537199864001E-15  8.1807107078417E-12 -1.6109338791856E-11  1.4519106307320E-11  1.3824000000000E+05
163  7.7431888057483E-15  7.7121334566515E-12 -1.5639193309977E-11  1.5683879217042E-11  1.3824000000000E+05
164  7.5351247873673E-15  7.0651076917535E-12 -1.5439798760987E-11  1.4516170963228E-11  1.3824000000000E+05
165  7.3200704759279E-15  6.1408402184393E-12 -1.4117781810880E-11  1.3543309861088E-11  1.3824000000000E+05
166  7.0959699027128E-15  5.8085689221147E-12 -1.3597697186330E-11  1.1092168696600E-11  1.3824000000000E+05
167  6.8891394649862E-15  5.8424452438063E-12 -1.3715063723455E-11  1.0801016194020E-11  1.3824000000000E+05
168  6.6967008067654E-15  5.7785470544608E-12 -1.3078770747306E-11  1.1193035254061E-11  1.3824000000000E+05
169  6.5063181171390E-15  5.1739401605707E-12 -1.0910223011029E-11  1.2779521343878E-11  1.3824000000000E+05
170  6.3142906530495E-15  4.6390198271129E-12 -1.3532354654348E-11  1.0617238598268E-11  1.3824000000000E+05
171  6.1247303515781E-15  4.2290879636183E-12 -1.1304493757381E-11  1.0040620219815E-11  1.3824000000000E+05
172  5.9364036311580E-15  4.6501284585865E-12 -1.3346240420078E-11  1.1240355676178E-11  1.3824000000000E+05
173  5.7476657167072E-15  5.1529520467041E-12 -9.7717186979799E-12  1.1490582446965E-11  1.3824000000000E+05
174  5.5782539069385E-15  5.3653827528664E-12 -1.3621229716654E-11  1.0394105765033E-11  1.3824000000000E+05
175  5.4220002965461E-15  4.7006375151231E-12 -1.2288947367712E-11  1.2058619355763E-11  1.3824000000000E+05
176  5.2694474298282E-15  3.4503708379296E-12 -9.2509448774782E-12  1.1348627323194E-11  1.3824000000000E+05
177  5.1189505313587E-15  3.6237319922416E-12 -8.3255423902143E-12  9.0495034932754E-12  1.3824000000000E+05
178  4.9647528889673E-15  3.9123733782452E-12 -9.7418825349621E-12  1.0231037858859E-11  1.3824000000000E+05
179  4.7965746602834E-15  3.4918011104151E-12 -7.7807829714284E-12  1.0991772939417E-11  1.3824000000000E+05
180  4.6160606206320E-15  2.9015803061814E-12 -5.0414279026978E-12  7.6733134199485E-12  1.3824000000000E+05
181  4.4236219632557E-15  2.9130035089574E-12 -5.8603922496411E-12  8.0332060821272E-12  1.3824000000000E+05
182  4.2180251064037E-15  3.2027569689409E-12 -7.6665284097474E-12  9.0444594612609E-12  1.3824000000000E+05
183  4.0251752543628E-15  3.5157435534245E-12 -6.9907137620198E-12  1.0847449132762E-11  1.3824000000000E+05
184  3.8434276330179E-15  3.0582366474509E-12 -7.8200582136459E-12  6.9344675096485E-12  1.3824000000000E+05
185  3.6596240436953E-15  2.9580847955380E-12 -7.5530696258660E-12  7.6830162524451E-12  1.3824000000000E+05
186  3.4754092607293E-15  3.9580849310895E-12 -7.8306675783940E-12  8.7554878449417E-12  1.3824000000000E+05
187  3.2829706031296E-15  3.7313014486447E-12 -8.7591722892311E-12  7.7928633946575E-12  1.3824000000000E+05
188  3.0860088144550E-15  3.7012076699860E-12 -1.2578055061519E-11  6.6443972201479E-12  1.3824000000000E+05
189  2.8878134450078E-15  3.1516691543581E-12 -7.8441053344084E-12  7.6146056394055E-12  1.3824000000000E+05
190  2.6871509136846E-15  2.7377267859566E-12 -5.7287394886091E-12  5.1993434719719E-12  1.3824000000000E+05
191  2.4704518272367E-15  3.1012190189592E-12 -6.3484966454691E-12  6.5721575824085E-12  1.3824000000000E+05
192  2.2340154419957E-15  2.0666748202047E-12 -4.4553109555285E-12  5.2973381413533E-12  1.3824000000000E+05
193  1.9770193711522E-15  2.1665765808275E-12 -5.7176903254882E-12  4.5867188463711E-12  1.3824000000000E+05
194  1.6850718352243E-15  1.4565401120676E-12 -3.5254944294443E-12  4.1144067841102E-12  1.3824000000000E+05
195  1.3676302892218E-15  1.7591918018040E-12 -3.7358946558273E-12  4.3546828315561E-12  1.3824000000000E+05
196  1.0288066697305E-15  2.0081409134194E-12 -5.2338993227236E-12  3.7776836296008E-12  1.3824000000000E+05
197  6.8052559452093E-16  1.3769435885303E-12 -3.4575234069148E-12  3.0920218919358E-12  1.3824000000000E+05
198  3.4129078128314E-16  1.6865624629725E-12 -3.8928763366373E-12  3.3704498776876E-12  1.3824000000000E+05
 
 field : THETA    ; Iter =      3120 ; region #   0 ; nb.Lev = 198
 k | --   Average    -- | --   Std.Dev    -- | --     min      -- | --     max      -- | --    Vol
  0  6.8171144830026E-02  9.1199145791010E-01 -1.8235916867620E+00  7.8465946864533E-01  2.7371520000000E+07
  1 -1.8204557964644E+00  1.8708684170552E-03 -1.8235916867620E+00 -1.8171276656682E+00  1.3824000000000E+05
  2 -1.8199159042569E+00  1.8987731056080E-03 -1.8231006860819E+00 -1.8165402498175E+00  1.3824000000000E+05
  3 -1.8188280692651E+00  1.9543846945842E-03 -1.8221103362024E+00 -1.8153577480786E+00  1.3824000000000E+05
  4 -1.8171762470297E+00  2.0372954862245E-03 -1.8206039721039E+00 -1.8135648943624E+00  1.3824000000000E+05
  5 -1.8149365160986E+00  2.1468647090730E-03 -1.8185566818977E+00 -1.8111389763608E+00  1.3824000000000E+05
  6 -1.8120772618027E+00  2.2821865436637E-03 -1.8159354248159E+00 -1.8080500647431E+00  1.3824000000000E+05
  7 -1.8085594361952E+00  2.4420522627040E-03 -1.8126992126187E+00 -1.8042613264781E+00  1.3824000000000E+05
  8 -1.8043369051584E+00  2.6249102495088E-03 -1.8087993725784E+00 -1.7997294277285E+00  1.3824000000000E+05
  9 -1.7993568943482E+00  2.8288279126581E-03 -1.8041799117962E+00 -1.7944050317376E+00  1.3824000000000E+05
 10 -1.7935605451177E+00  3.0514598411473E-03 -1.7987780024955E+00 -1.7882333963271E+00  1.3824000000000E+05
 11 -1.7868835897754E+00  3.2900263613139E-03 -1.7925246060181E+00 -1.7811550740098E+00  1.3824000000000E+05
 12 -1.7792571525235E+00  3.5413063424599E-03 -1.7853452495259E+00 -1.7731067153287E+00  1.3824000000000E+05
 13 -1.7706086782890E+00  3.8016473863790E-03 -1.7771609640300E+00 -1.7640219729454E+00  1.3824000000000E+05
 14 -1.7608629866098E+00  4.0669956950967E-03 -1.7678893855589E+00 -1.7538325003725E+00  1.3824000000000E+05
 15 -1.7499434420138E+00  4.3329467627129E-03 -1.7574460134091E+00 -1.7424690352451E+00  1.3824000000000E+05
 16 -1.7377732262851E+00  4.5948167861402E-03 -1.7457456109224E+00 -1.7298625528972E+00  1.3824000000000E+05
 17 -1.7242766919741E+00  4.8477334042387E-03 -1.7327037256288E+00 -1.7159454719905E+00  1.3824000000000E+05
 18 -1.7093807709000E+00  5.0867430192048E-03 -1.7182382974171E+00 -1.7006528902940E+00  1.3824000000000E+05
 19 -1.6930164065597E+00  5.3069308108314E-03 -1.7022713162001E+00 -1.6839238256754E+00  1.3824000000000E+05
 20 -1.6751199756635E+00  5.5035485329176E-03 -1.6847304848385E+00 -1.6657024351740E+00  1.3824000000000E+05
 21 -1.6556346617521E+00  5.6721444014692E-03 -1.6655508393231E+00 -1.6459391838430E+00  1.3824000000000E+05
 22 -1.6345117432227E+00  5.8086890276458E-03 -1.6446762767224E+00 -1.6245919350288E+00  1.3824000000000E+05
 23 -1.6117117592372E+00  5.9096912282091E-03 -1.6220609423835E+00 -1.6016269349452E+00  1.3824000000000E+05
 24 -1.5872055199069E+00  5.9722979181531E-03 -1.5976704313868E+00 -1.5770196668031E+00  1.3824000000000E+05
 25 -1.5609749317670E+00  5.9943729350286E-03 -1.5714827651958E+00 -1.5507555532961E+00  1.3824000000000E+05
 26 -1.5330136156586E+00  5.9745507059573E-03 -1.5434891125291E+00 -1.5228304907717E+00  1.3824000000000E+05
 27 -1.5033273014363E+00  5.9122619346123E-03 -1.5136942333079E+00 -1.4932512037369E+00  1.3824000000000E+05
 28 -1.4719339920364E+00  5.8077300116934E-03 -1.4821166355690E+00 -1.4620354141864E+00  1.3824000000000E+05
 29 -1.4388638979418E+00  5.6619383991234E-03 -1.4487884468645E+00 -1.4292118263248E+00  1.3824000000000E+05
 30 -1.4041591514999E+00  5.4765708823602E-03 -1.4137550131977E+00 -1.3948199332547E+00  1.3824000000000E+05
 31 -1.3678733184333E+00  5.2539280235047E-03 -1.3770742493522E+00 -1.3589096578290E+00  1.3824000000000E+05
 32 -1.3300707307867E+00  4.9968244725505E-03 -1.3388157738942E+00 -1.3215408448163E+00  1.3824000000000E+05
 33 -1.2908256711210E+00  4.7084727585548E-03 -1.2990598696540E+00 -1.2827826255624E+00  1.3824000000000E+05
 34 -1.2502214416833E+00  4.3923598740764E-03 -1.2578963156932E+00 -1.2427126792458E+00  1.3824000000000E+05
 35 -1.2083493543829E+00  4.0521232084216E-03 -1.2154231393755E+00 -1.2014164164984E+00  1.3824000000000E+05
 36 -1.1653076775885E+00  3.6914322681659E-03 -1.1717453370919E+00 -1.1589861115280E+00  1.3824000000000E+05
 37 -1.1212005740839E+00  3.3138821126299E-03 -1.1269736094804E+00 -1.1155200079611E+00  1.3824000000000E+05
 38 -1.0761370611138E+00  2.9229035581256E-03 -1.0812231518759E+00 -1.0711214215226E+00  1.3824000000000E+05
 39 -1.0302300185825E+00  2.5216940616196E-03 -1.0346125336009E+00 -1.0258978595368E+00  1.3824000000000E+05
 40 -9.8359526545417E-01  2.1131718503483E-03 -9.8726269102038E-01 -9.7996017328360E-01  1.3824000000000E+05
 41 -9.3635071765613E-01  1.6999543911793E-03 -9.3929604961950E-01 -9.3342175477366E-01  1.3824000000000E+05
 42 -8.8861563372253E-01  1.2843609100385E-03 -8.9083578035169E-01 -8.8639778476038E-01  1.3824000000000E+05
 43 -8.4050994748898E-01  8.6843781837738E-04 -8.4200518573458E-01 -8.3900453411179E-01  1.3824000000000E+05
 44 -7.9215368077257E-01  4.5401028053357E-04 -7.9292720226647E-01 -7.9135871630902E-01  1.3824000000000E+05
 45 -7.4366642353234E-01  4.3250454117201E-05 -7.4372399818245E-01 -7.4357688508020E-01  1.3824000000000E+05
 46 -6.9516686481419E-01  3.6417146261085E-04 -6.9577486823239E-01 -6.9451663984718E-01  1.3824000000000E+05
 47 -6.4677235507608E-01  7.6470167322419E-04 -6.4806722671818E-01 -6.4542479652316E-01  1.3824000000000E+05
 48 -5.9859847939955E-01  1.1576076019664E-03 -6.0056672728251E-01 -5.9656645176529E-01  1.3824000000000E+05
 49 -5.5075862165940E-01  1.5412568489467E-03 -5.5338381695183E-01 -5.4805759102019E-01  1.3824000000000E+05
 50 -5.0336350187660E-01  1.9138945957765E-03 -5.0662608923402E-01 -5.0001183796718E-01  1.3824000000000E+05
 51 -4.5652067255800E-01  2.2735965557366E-03 -4.6039773398981E-01 -4.5254001758448E-01  1.3824000000000E+05
 52 -4.1033396457942E-01  2.6182539360091E-03 -4.1479896606572E-01 -4.0574963077391E-01  1.3824000000000E+05
 53 -3.6490287877712E-01  2.9455807668067E-03 -3.6992543143081E-01 -3.5974423346992E-01  1.3824000000000E+05
 54 -3.2032192550577E-01  3.2531427692517E-03 -3.2586759355543E-01 -3.1462272192837E-01  1.3824000000000E+05
 55 -2.7667992060090E-01  3.5384064754293E-03 -2.8271010683177E-01 -2.7047853477563E-01  1.3824000000000E+05
 56 -2.3405925204919E-01  3.7988061666686E-03 -2.4053118769798E-01 -2.2739879081221E-01  1.3824000000000E+05
 57 -1.9253513683927E-01  4.0318250725972E-03 -1.9940199752739E-01 -1.8546338898715E-01  1.3824000000000E+05
 58 -1.5217489160435E-01  4.2350863512746E-03 -1.5938605404790E-01 -1.4474410292869E-01  1.3824000000000E+05
 59 -1.1303724350232E-01  4.4064487136385E-03 -1.2053868988559E-01 -1.0530370652619E-01  1.3824000000000E+05
 60 -7.5171709121079E-02  4.5441012191539E-03 -8.2906577653486E-02 -6.7195169038135E-02  1.3824000000000E+05
 61 -3.8618068947394E-02  4.6466517690945E-03 -4.6527340752048E-02 -3.0460957939852E-02  1.3824000000000E+05
 62 -3.4059630988471E-03  4.7132041600258E-03 -1.1429267710229E-02  4.8675147814179E-03  1.3824000000000E+05
 63  3.0445369311651E-02  4.7434192071861E-03  2.2368854455412E-02  3.8770271800120E-02  1.3824000000000E+05
 64  6.2927189441983E-02  4.7375563615473E-03  5.4857775635580E-02  7.1238950455326E-02  1.3824000000000E+05
 65  9.4041184549816E-02  4.6964933625298E-03  8.6037678528805E-02  1.0227676680919E-01  1.3824000000000E+05
 66  1.2379921469704E-01  4.6217227159499E-03  1.1591793129109E-01  1.3189825582135E-01  1.3824000000000E+05
 67  1.5222288137119E-01  4.5153250810994E-03  1.4451669793859E-01  1.6012878897717E-01  1.3824000000000E+05
 68  1.7934292576700E-01  4.3799209079784E-03  1.7186041229396E-01  1.8700387986630E-01  1.3824000000000E+05
 69  2.0519847078052E-01  4.2186028060873E-03  1.9798312583199E-01  2.1256829673014E-01  1.3824000000000E+05
 70  2.2983612635405E-01  4.0348520812963E-03  2.2292574388998E-01  2.3687500843207E-01  1.3824000000000E+05
 71  2.5330898239583E-01  3.8324435917269E-03  2.4673516817682E-01  2.5998399625609E-01  1.3824000000000E+05
 72  2.7567551687666E-01  3.6153435131084E-03  2.6946336618664E-01  2.8196096812567E-01  1.3824000000000E+05
 73  2.9699844874982E-01  3.3876047523981E-03  2.9116638989833E-01  3.0287601411328E-01  1.3824000000000E+05
 74  3.1734356600827E-01  3.1532646108784E-03  3.1190336696688E-01  3.2280224245635E-01  1.3824000000000E+05
 75  3.3677855852522E-01  2.9162488987170E-03  3.3173548750442E-01  3.4181443378731E-01  1.3824000000000E+05
 76  3.5537188343668E-01  2.6802860850061E-03  3.5072500856183E-01  3.5998774812867E-01  1.3824000000000E+05
 77  3.7319168789923E-01  2.4488342812411E-03  3.6893429665478E-01  3.7739651470186E-01  1.3824000000000E+05
 78  3.9030481031971E-01  2.2250229641401E-03  3.8642492627182E-01  3.9411312909272E-01  1.3824000000000E+05
 79  4.0677587686697E-01  2.0116104155389E-03  4.0325684942339E-01  4.1020707618926E-01  1.3824000000000E+05
 80  4.2266650550808E-01  1.8109569442232E-03  4.1948764811304E-01  4.2574409096597E-01  1.3824000000000E+05
 81  4.3803462522739E-01  1.6250131263425E-03  4.3517187831182E-01  4.4078546299913E-01  1.3824000000000E+05
 82  4.5293391372774E-01  1.4553216007367E-03  4.5036051076626E-01  4.5538748489748E-01  1.3824000000000E+05
 83  4.6741335298345E-01  1.3030304109987E-03  4.6510047091939E-01  4.6960103987234E-01  1.3824000000000E+05
 84  4.8151689867340E-01  1.1689155420184E-03  4.7943427749419E-01  4.8347131967181E-01  1.3824000000000E+05
 85  4.9528325687569E-01  1.0534101323214E-03  4.9339977697199E-01  4.9703766116553E-01  1.3824000000000E+05
 86  5.0874575950567E-01  9.5663787350858E-04  5.0702996935439E-01  5.1033348802523E-01  1.3824000000000E+05
 87  5.2193232882481E-01  8.7844827073359E-04  5.2035291924438E-01  5.2338634316802E-01  1.3824000000000E+05
 88  5.3486552089281E-01  8.1845167095463E-04  5.3339174541132E-01  5.3621799781697E-01  1.3824000000000E+05
 89  5.4756263798978E-01  7.7605226100000E-04  5.4616468157485E-01  5.4884462402209E-01  1.3824000000000E+05
 90  5.6003590068171E-01  7.5047750998482E-04  5.5868520109286E-01  5.6127701908717E-01  1.3824000000000E+05
 91  5.7229267120325E-01  7.4080301082271E-04  5.7096219848377E-01  5.7352087235634E-01  1.3824000000000E+05
 92  5.8433572103834E-01  7.4597232739059E-04  5.8300022116519E-01  5.8557706700780E-01  1.3824000000000E+05
 93  5.9616353684826E-01  7.6481224938221E-04  5.9479974535677E-01  5.9744201166874E-01  1.3824000000000E+05
 94  6.0777066009310E-01  7.9604454648856E-04  6.0635749068522E-01  6.0910799862068E-01  1.3824000000000E+05
 95  6.1914805670303E-01  8.3829553667173E-04  6.1766676856427E-01  6.2056358695653E-01  1.3824000000000E+05
 96  6.3028351389175E-01  8.9010476233351E-04  6.2871785984123E-01  6.3179401015780E-01  1.3824000000000E+05
 97  6.4116206160917E-01  9.4993387424611E-04  6.3949841745781E-01  6.4278160811256E-01  1.3824000000000E+05
 98  6.5176641617821E-01  1.0161767170800E-03  6.4999388994267E-01  6.5350628357182E-01  1.3824000000000E+05
 99  6.6207744335965E-01  1.0871714998064E-03  6.6018796143597E-01  6.6394598246529E-01  1.3824000000000E+05
100  6.7207463747788E-01  1.1612158184561E-03  6.7006300365952E-01  6.7407719642883E-01  1.3824000000000E+05
101  6.8173661238416E-01  1.2365850332920E-03  6.7960053482558E-01  6.8387548444114E-01  1.3824000000000E+05
102  6.9104159901847E-01  1.3115542466749E-03  6.8878167997334E-01  6.9331600876078E-01  1.3824000000000E+05
103  6.9996794325729E-01  1.3844237135738E-03  6.9758762669614E-01  7.0237407854456E-01  1.3824000000000E+05
104  7.0849459670960E-01  1.4535471931621E-03  7.0600006973854E-01  7.1102569277563E-01  1.3824000000000E+05
105  7.1660159225230E-01  1.5173623919135E-03  7.1400163757022E-01  7.1924807259540E-01  1.3824000000000E+05
106  7.2427049547730E-01  1.5744223704383E-03  7.2157629383284E-01  7.2702017196326E-01  1.3824000000000E+05
107  7.3148482293425E-01  1.6234265831395E-03  7.2870970657154E-01  7.3432315487800E-01  1.3824000000000E+05
108  7.3823041815564E-01  1.6632500911701E-03  7.3538957842310E-01  7.4114082727700E-01  1.3824000000000E+05
109  7.4449577697518E-01  1.6929695129811E-03  7.4160593147697E-01  7.4746001223175E-01  1.3824000000000E+05
110  7.5027231460030E-01  1.7118843160964E-03  7.4735134133338E-01  7.5327085818567E-01  1.3824000000000E+05
111  7.5555456824778E-01  1.7195322823754E-03  7.5262111595517E-01  7.5856707169399E-01  1.3824000000000E+05
112  7.6034033084552E-01  1.7156982127203E-03  7.5741341620302E-01  7.6334606834819E-01  1.3824000000000E+05
113  7.6463071326453E-01  1.7004152912333E-03  7.6172931640652E-01  7.6760903818242E-01  1.3824000000000E+05
114  7.6843013467790E-01  1.6739588819134E-03  7.6557280489841E-01  7.7136092472523E-01  1.3824000000000E+05
115  7.7174624284050E-01  1.6368329243850E-03  7.6895072605461E-01  7.7461031981747E-01  1.3824000000000E+05
116  7.7458976823074E-01  1.5897494648673E-03  7.7187266696193E-01  7.7736927920211E-01  1.3824000000000E+05
117  7.7697431798737E-01  1.5336022045696E-03  7.7435079331172E-01  7.7965306654641E-01  1.3824000000000E+05
118  7.7891611730940E-01  1.4694352242818E-03  7.7639964041993E-01  7.8147983583797E-01  1.3824000000000E+05
119  7.8043370738585E-01  1.3984082468043E-03  7.7803586635177E-01  7.8287026389191E-01  1.3824000000000E+05
120  7.8154760992283E-01  1.3217599255427E-03  7.7927797493024E-01  7.8384714593428E-01  1.3824000000000E+05
121  7.8227996890408E-01  1.2407706951213E-03  7.8014601691392E-01  7.8443496784475E-01  1.3824000000000E+05
122  7.8265418034721E-01  1.1567266288510E-03  7.8066127782118E-01  7.8465946864533E-01  1.3824000000000E+05
123  7.8269452051757E-01  1.0708856636335E-03  7.8084596076472E-01  7.8454720624486E-01  1.3824000000000E+05
124  7.8242578237407E-01  9.8444732314797E-04  7.8072287225889E-01  7.8412513835834E-01  1.3824000000000E+05
125  7.8187292900261E-01  8.9852682894983E-04  7.8031511830876E-01  7.8342022900862E-01  1.3824000000000E+05
126  7.8106077151632E-01  8.1413422315186E-04  7.7964581722481E-01  7.8245908919307E-01  1.3824000000000E+05
127  7.8001367744611E-01  7.3215885253031E-04  7.7873783458583E-01  7.8126765828351E-01  1.3824000000000E+05
128  7.7875531409425E-01  6.5335923936871E-04  7.7761354464631E-01  7.7987093063977E-01  1.3824000000000E+05
129  7.7730842975672E-01  5.7835817561641E-04  7.7629462131099E-01  7.7829272986950E-01  1.3824000000000E+05
130  7.7569467421154E-01  5.0764262544628E-04  7.7480186063141E-01  7.7655553125544E-01  1.3824000000000E+05
131  7.7393445848045E-01  4.4156785109278E-04  7.7315503566301E-01  7.7468033117666E-01  1.3824000000000E+05
132  7.7204685264994E-01  3.8036507806382E-04  7.7137278349922E-01  7.7268656092474E-01  1.3824000000000E+05
133  7.7004951951747E-01  3.2415195844874E-04  7.6947252339934E-01  7.7059204119493E-01  1.3824000000000E+05
134  7.6795868102890E-01  2.7294502396235E-04  7.6747040417455E-01  7.6841297272638E-01  1.3824000000000E+05
135  7.6578911389740E-01  2.2667343992709E-04  7.6538127839988E-01  7.6616395806516E-01  1.3824000000000E+05
136  7.6355417043542E-01  1.8519333171137E-04  7.6321870058545E-01  7.6385804920287E-01  1.3824000000000E+05
137  7.6126582047076E-01  1.4830216935811E-04  7.6099494616108E-01  7.6150681586766E-01  1.3824000000000E+05
138  7.5893471023112E-01  1.1575273910778E-04  7.5872104799382E-01  7.5912042946695E-01  1.3824000000000E+05
139  7.5657023423819E-01  8.7266530401784E-05  7.5640684715151E-01  7.5670775805620E-01  1.3824000000000E+05
140  7.5418061652076E-01  6.2546970283054E-05  7.5406105472730E-01  7.5427646818613E-01  1.3824000000000E+05
141  7.5177299780562E-01  4.1295024914521E-05  7.5169132173049E-01  7.5183313002218E-01  1.3824000000000E+05
142  7.4935352574447E-01  2.3243417046316E-05  7.4930431430441E-01  7.4938332269493E-01  1.3824000000000E+05
143  7.4692744566114E-01  8.4292781799074E-06  7.4690579183379E-01  7.4693497667533E-01  1.3824000000000E+05
144  7.4449918973187E-01  6.3943442713406E-06  7.4448227627176E-01  7.4450496219295E-01  1.3824000000000E+05
145  7.4207246292851E-01  1.6260272364798E-05  7.4203814562484E-01  7.4209317784172E-01  1.3824000000000E+05
146  7.3965032444538E-01  2.4738773198916E-05  7.3960194241617E-01  7.3968677490644E-01  1.3824000000000E+05
147  7.3723526368964E-01  3.1569550485648E-05  7.3717573337401E-01  7.3728438152427E-01  1.3824000000000E+05
148  7.3482927023621E-01  3.6915941792780E-05  7.3476112638442E-01  7.3488836725855E-01  1.3824000000000E+05
149  7.3243389743163E-01  4.0960716625337E-05  7.3235933408462E-01  7.3250062949466E-01  1.3824000000000E+05
150  7.3005031957647E-01  4.3874484886352E-05  7.2997122981245E-01  7.3012265106264E-01  1.3824000000000E+05
151  7.2767938282554E-01  4.5810326659426E-05  7.2759739625055E-01  7.2775555267084E-01  1.3824000000000E+05
152  7.2532165012211E-01  4.6903539482694E-05  7.2523816725864E-01  7.2540014028562E-01  1.3824000000000E+05
153  7.2297744062892E-01  4.7272966791354E-05  7.2289366351430E-01  7.2305694775074E-01  1.3824000000000E+05
154  7.2064686423843E-01  4.7023087614582E-05  7.2056382268767E-01  7.2072627507326E-01  1.3824000000000E+05
155  7.1832985183945E-01  4.6246420467823E-05  7.1824842495922E-01  7.1840822290638E-01  1.3824000000000E+05
156  7.1602618208831E-01  4.5026310626486E-05  7.1594711475553E-01  7.1610272383771E-01  1.3824000000000E+05
157  7.1373550548228E-01  4.3439631437979E-05  7.1365941962527E-01  7.1380957114609E-01  1.3824000000000E+05
158  7.1145736655975E-01  4.1559779635516E-05  7.1138476720599E-01  7.1152844571990E-01  1.3824000000000E+05
159  7.0919122505823E-01  3.9459343758407E-05  7.0912250124053E-01  7.0925894183637E-01  1.3824000000000E+05
160  7.0693647684495E-01  3.7212947692687E-05  7.0687189758944E-01  7.0700059248667E-01  1.3824000000000E+05
161  7.0469247539756E-01  3.4899684498421E-05  7.0463218115051E-01  7.0475289489460E-01  1.3824000000000E+05
162  7.0245855455281E-01  3.2605288728203E-05  7.0240254453828E-01  7.0251533681847E-01  1.3824000000000E+05
163  7.0023405315931E-01  3.0424101915744E-05  7.0018216929399E-01  7.0028742414648E-01  1.3824000000000E+05
164  6.9801834216750E-01  2.8460431446857E-05  6.9797025028986E-01  6.9806871019928E-01  1.3824000000000E+05
165  6.9581085456557E-01  2.6829408611323E-05  6.9576602386129E-01  6.9585882703463E-01  1.3824000000000E+05
166  6.9361111842607E-01  2.5657301246357E-05  6.9356880004740E-01  6.9365751891762E-01  1.3824000000000E+05
167  6.9141879316567E-01  2.5080778862401E-05  6.9137799914604E-01  6.9146467796969E-01  1.3824000000000E+05
168  6.8923370894228E-01  2.5245869767042E-05  6.8919319259502E-01  6.8928038185075E-01  1.3824000000000E+05
169  6.8705590892231E-01  2.6306145809980E-05  6.8701414797946E-01  6.8710493315841E-01  1.3824000000000E+05
170  6.8488569394971E-01  2.8420583874929E-05  6.8484087773967E-01  6.8493890005374E-01  1.3824000000000E+05
171  6.8272366894179E-01  3.1751041604426E-05  6.8267369091751E-01  6.8278315744857E-01  1.3824000000000E+05
172  6.8057079013035E-01  3.6459153925072E-05  6.8051324703596E-01  6.8063892791881E-01  1.3824000000000E+05
173  6.7842841206528E-01  4.2702041012340E-05  6.7836061096360E-01  6.7850782134911E-01  1.3824000000000E+05
174  6.7629833311022E-01  5.0627223897158E-05  6.7621730737842E-01  6.7639187217186E-01  1.3824000000000E+05
175  6.7418283799199E-01  6.0366736298482E-05  6.7408537322275E-01  6.7429357294655E-01  1.3824000000000E+05
176  6.7208473582826E-01  7.2031232889194E-05  6.7196740634324E-01  6.7221590293918E-01  1.3824000000000E+05
177  6.7000739195871E-01  8.5703757133334E-05  6.6986660834735E-01  6.7016235031404E-01  1.3824000000000E+05
178  6.6795475185483E-01  1.0143380977735E-04  6.6778681959452E-01  6.6813692654871E-01  1.3824000000000E+05
179  6.6593135539075E-01  1.1923169983158E-04  6.6573254418766E-01  6.6614417173314E-01  1.3824000000000E+05
180  6.6394233983171E-01  1.3906334029590E-04  6.6370896285412E-01  6.6418914951966E-01  1.3824000000000E+05
181  6.6199343004342E-01  1.6084592732656E-04  6.6172193171571E-01  6.6227743065573E-01  1.3824000000000E+05
182  6.6009091465109E-01  1.8444460775191E-04  6.5977796515550E-01  6.6041506425732E-01  1.3824000000000E+05
183  6.5824160718057E-01  2.0967049689158E-04  6.5788420130072E-01  6.5860853626298E-01  1.3824000000000E+05
184  6.5645279159560E-01  2.3628024741579E-04  6.5604834906033E-01  6.5686471484574E-01  1.3824000000000E+05
185  6.5473215209588E-01  2.6397738386372E-04  6.5427861617527E-01  6.5519078294107E-01  1.3824000000000E+05
186  6.5308768755044E-01  2.9241550943638E-04  6.5258361835218E-01  6.5359415846401E-01  1.3824000000000E+05
187  6.5152761149190E-01  3.2120354496479E-04  6.5097227023517E-01  6.5208240322452E-01  1.3824000000000E+05
188  6.5006023916995E-01  3.4991287217381E-04  6.4945365970463E-01  6.5066312198700E-01  1.3824000000000E+05
189  6.4869386373152E-01  3.7808637629304E-04  6.4803690774089E-01  6.4934385354374E-01  1.3824000000000E+05
190  6.4743662413282E-01  4.0524911187351E-04  6.4673101681973E-01  6.4813195605828E-01  1.3824000000000E+05
191  6.4629636786794E-01  4.3092032583996E-04  6.4554471147573E-01  6.4703448926820E-01  1.3824000000000E+05
192  6.4528051198975E-01  4.5462643732890E-04  6.4448627523639E-01  6.4605809639598E-01  1.3824000000000E+05
193  6.4439590617749E-01  4.7591449398966E-04  6.4356338855798E-01  6.4520888878581E-01  1.3824000000000E+05
194  6.4364870174916E-01  4.9436562187006E-04  6.4278297264778E-01  6.4449233635148E-01  1.3824000000000E+05
195  6.4304423051064E-01  5.0960788677428E-04  6.4215104411241E-01  6.4391316687585E-01  1.3824000000000E+05
196  6.4258689716832E-01  5.2132804251705E-04  6.4167258521198E-01  6.4347527704291E-01  1.3824000000000E+05
197  6.4228008870900E-01  5.2928164257006E-04  6.4135143412169E-01  6.4318165781094E-01  1.3824000000000E+05
198  6.4212610367749E-01  5.3330106114114E-04  6.4119019901573E-01  6.4303433635755E-01  1.3824000000000E+05
 
 field : PHIHYD   ; Iter =      3120 ; region #   0 ; nb.Lev = 198
 k | --   Average    -- | --   Std.Dev    -- | --     min      -- | --     max      -- | --    Vol
  0  5.5187219113656E+01  3.2238039524224E+01  2.7220946629383E-01  1.1136948360393E+02  2.7371520000000E+07
  1  2.7221017602574E-01  4.3026145177938E-07  2.7220946629383E-01  2.7221095224843E-01  1.3824000000000E+05
  2  8.1672606933759E-01  1.2985947938700E-06  8.1672392527570E-01  8.1672841213664E-01  1.3824000000000E+05
  3  1.3614331672591E+00  2.1948835699638E-06  1.3614295423085E+00  1.3614371210491E+00  1.3824000000000E+05
  4  1.9063317180363E+00  3.1354294827927E-06  1.9063265326556E+00  1.9063373588905E+00  1.3824000000000E+05
  5  2.4514219809867E+00  4.1386960626057E-06  2.4514151236723E+00  2.4514294155294E+00  1.3824000000000E+05
  6  2.9967042314402E+00  5.2227950864670E-06  2.9966955601176E+00  2.9967135953479E+00  1.3824000000000E+05
  7  3.5421787653825E+00  6.4002358254231E-06  3.5421681092019E+00  3.5421902214716E+00  1.3824000000000E+05
  8  4.0878459037196E+00  7.6912982427115E-06  4.0878330652940E+00  4.0878596396017E+00  1.3824000000000E+05
  9  4.6337059960810E+00  9.1115615002753E-06  4.6336907542013E+00  4.6337222213666E+00  1.3824000000000E+05
 10  5.1797594240700E+00  1.0662748336072E-05  5.1797415369234E+00  5.1797783671120E+00  1.3824000000000E+05
 11  5.7260066038694E+00  1.2360539579469E-05  5.7259858127764E+00  5.7260285080476E+00  1.3824000000000E+05
 12  6.2724479881077E+00  1.4209443528811E-05  6.2724240217726E+00  6.2724731076730E+00  1.3824000000000E+05
 13  6.8190840668960E+00  1.6209589966182E-05  6.8190566461444E+00  6.8191126624093E+00  1.3824000000000E+05
 14  7.3659153679492E+00  1.8376471921944E-05  7.3658842108996E+00  7.3659477013749E+00  1.3824000000000E+05
 15  7.9129424557198E+00  2.0693747609466E-05  7.9129072833081E+00  7.9129787852521E+00  1.3824000000000E+05
 16  8.4601659294863E+00  2.3161258335344E-05  8.4601264712356E+00  8.4602065042127E+00  1.3824000000000E+05
 17  9.0075864203625E+00  2.5768752679231E-05  9.0075424202625E+00  9.0076314748843E+00  1.3824000000000E+05
 18  9.5552045872180E+00  2.8509323811199E-05  9.5551558095575E+00  9.5552543363693E+00  1.3824000000000E+05
 19  1.0103021111534E+01  3.1367403540127E-05  1.0102967346513E+01  1.0103075745347E+01  1.3824000000000E+05
 20  1.0651036691250E+01  3.4318854683198E-05  1.0650977760187E+01  1.0651096370324E+01  1.3824000000000E+05
 21  1.1199252033689E+01  3.7348770695383E-05  1.1199187793646E+01  1.1199316885117E+01  1.3824000000000E+05
 22  1.1747667847696E+01  4.0439627233593E-05  1.1747598195345E+01  1.1747737961693E+01  1.3824000000000E+05
 23  1.2296284835143E+01  4.3553016894825E-05  1.2296209709720E+01  1.2296360262500E+01  1.3824000000000E+05
 24  1.2845103681994E+01  4.6679397721910E-05  1.2845023067215E+01  1.2845184432464E+01  1.3824000000000E+05
 25  1.3394125049141E+01  4.9790405119335E-05  1.3394038973999E+01  1.3394211090826E+01  1.3824000000000E+05
 26  1.3943349563245E+01  5.2855105222766E-05  1.3943258101631E+01  1.3943440823014E+01  1.3824000000000E+05
 27  1.4492777807811E+01  5.5855998657073E-05  1.4492681076969E+01  1.4492874172761E+01  1.3824000000000E+05
 28  1.5042410314753E+01  5.8767031661473E-05  1.5042308472605E+01  1.5042511634655E+01  1.3824000000000E+05
 29  1.5592247556647E+01  6.1568123125043E-05  1.5592140798094E+01  1.5592353647310E+01  1.3824000000000E+05
 30  1.6142289939910E+01  6.4243723354011E-05  1.6142178492221E+01  1.6142400587350E+01  1.3824000000000E+05
 31  1.6692537799060E+01  6.6771038565814E-05  1.6692421916521E+01  1.6692652764332E+01  1.3824000000000E+05
 32  1.7242991392217E+01  6.9150872832210E-05  1.7242871350224E+01  1.7243110416765E+01  1.3824000000000E+05
 33  1.7793650897947E+01  7.1372410604780E-05  1.7793526986739E+01  1.7793773709289E+01  1.3824000000000E+05
 34  1.8344516413515E+01  7.3416010812179E-05  1.8344388931743E+01  1.8344642731103E+01  1.3824000000000E+05
 35  1.8895587954574E+01  7.5296696372832E-05  1.8895457202904E+01  1.8895717495656E+01  1.3824000000000E+05
 36  1.9446865456280E+01  7.7002396851966E-05  1.9446731731194E+01  1.9446997941611E+01  1.3824000000000E+05
 37  1.9998348775766E+01  7.8551839029662E-05  1.9998212363726E+01  1.9998483935033E+01  1.3824000000000E+05
 38  2.0550037695909E+01  7.9954499856959E-05  2.0549898868004E+01  2.0550175272746E+01  1.3824000000000E+05
 39  2.1101931930276E+01  8.1213993499999E-05  2.1101790937437E+01  2.1102071686786E+01  1.3824000000000E+05
 40  2.1654031129109E+01  8.2331546865303E-05  2.1653888197981E+01  2.1654172849815E+01  1.3824000000000E+05
 41  2.2206334886224E+01  8.3351389908486E-05  2.2206190215708E+01  2.2206478381407E+01  1.3824000000000E+05
 42  2.2758842746653E+01  8.4282458914376E-05  2.2758696505156E+01  2.2758987855053E+01  1.3824000000000E+05
 43  2.3311554214891E+01  8.5120501744267E-05  2.3311406538267E+01  2.3311700805750E+01  1.3824000000000E+05
 44  2.3864468763574E+01  8.5906916018005E-05  2.3864319753755E+01  2.3864616738039E+01  1.3824000000000E+05
 45  2.4417585842457E+01  8.6653660799514E-05  2.4417435566732E+01  2.4417735134339E+01  1.3824000000000E+05
 46  2.4970904887521E+01  8.7384854936212E-05  2.4970753378460E+01  2.4971055463441E+01  1.3824000000000E+05
 47  2.5524425330083E+01  8.8108353635159E-05  2.5524272586064E+01  2.5524577189023E+01  1.3824000000000E+05
 48  2.6078146605770E+01  8.8856273012133E-05  2.6077992592084E+01  2.6078299778041E+01  1.3824000000000E+05
 49  2.6632068163216E+01  8.9645334254964E-05  2.6631912813741E+01  2.6632222708882E+01  1.3824000000000E+05
 50  2.7186189472369E+01  9.0496048646643E-05  2.7186032691775E+01  2.7186345479143E+01  1.3824000000000E+05
 51  2.7740510032277E+01  9.1383482929812E-05  2.7740351698753E+01  2.7740667612924E+01  1.3824000000000E+05
 52  2.8295029378251E+01  9.2371421579050E-05  2.8294869346715E+01  2.8295188667524E+01  1.3824000000000E+05
 53  2.8849747088277E+01  9.3444788934447E-05  2.8849585194046E+01  2.8849908239438E+01  1.3824000000000E+05
 54  2.9404662788600E+01  9.4631319468590E-05  2.9404498851467E+01  2.9404825969567E+01  1.3824000000000E+05
 55  2.9959776158371E+01  9.5923166486226E-05  2.9959609987028E+01  2.9959941547562E+01  1.3824000000000E+05
 56  3.0515086933295E+01  9.7303549388289E-05  3.0514918330030E+01  3.0515254715237E+01  1.3824000000000E+05
 57  3.1070594908206E+01  9.8817981953443E-05  3.1070423673783E+01  3.1070765269004E+01  1.3824000000000E+05
 58  3.1626299938548E+01  1.0043142207376E-04  3.1626125877153E+01  3.1626473061305E+01  1.3824000000000E+05
 59  3.2182201940725E+01  1.0214050880174E-04  3.2182024864867E+01  3.2182378001027E+01  1.3824000000000E+05
 60  3.2738300891335E+01  1.0397724543609E-04  3.2738120626569E+01  3.2738480052911E+01  1.3824000000000E+05
 61  3.3294596825332E+01  1.0587988478060E-04  3.3294413214673E+01  3.3294779236000E+01  1.3824000000000E+05
 62  3.3851089833155E+01  1.0786025857067E-04  3.3850902741057E+01  3.3851275621175E+01  1.3824000000000E+05
 63  3.4407780056938E+01  1.0991689743830E-04  3.4407589372713E+01  3.4407969327855E+01  1.3824000000000E+05
 64  3.4964667685891E+01  1.1200209157757E-04  3.4964473326471E+01  3.4964860519965E+01  1.3824000000000E+05
 65  3.5521752950989E+01  1.1412621832749E-04  3.5521554862964E+01  3.5521949401281E+01  1.3824000000000E+05
 66  3.6079036119130E+01  1.1626213422500E-04  3.6078834279985E+01  3.6079236210274E+01  1.3824000000000E+05
 67  3.6636517486901E+01  1.1840237526507E-04  3.6636311905459E+01  3.6636721214597E+01  1.3824000000000E+05
 68  3.7194197374138E+01  1.2050637431587E-04  3.7193988090193E+01  3.7194404705340E+01  1.3824000000000E+05
 69  3.7752076117413E+01  1.2259154956224E-04  3.7751863200623E+01  3.7752286991196E+01  1.3824000000000E+05
 70  3.8310154063639E+01  1.2459050548192E-04  3.8309937611722E+01  3.8310368392673E+01  1.3824000000000E+05
 71  3.8868431563908E+01  1.2656789836622E-04  3.8868211700252E+01  3.8868649236467E+01  1.3824000000000E+05
 72  3.9426908967691E+01  1.2843998616770E-04  3.9426685838491E+01  3.9427129850106E+01  1.3824000000000E+05
 73  3.9985586617518E+01  1.3020894941973E-04  3.9985360388557E+01  3.9985810556958E+01  1.3824000000000E+05
 74  4.0544464844200E+01  1.3189817856096E-04  4.0544235697413E+01  4.0544691671675E+01  1.3824000000000E+05
 75  4.1103543962660E+01  1.3346732765886E-04  4.1103312092619E+01  4.1103773496129E+01  1.3824000000000E+05
 76  4.1662824268396E+01  1.3491951589450E-04  4.1662589878830E+01  4.1663056315874E+01  1.3824000000000E+05
 77  4.2222306034583E+01  1.3626847439578E-04  4.2222069335062E+01  4.2222540397145E+01  1.3824000000000E+05
 78  4.2781989509810E+01  1.3748807613416E-04  4.2781750712676E+01  4.2782225984400E+01  1.3824000000000E+05
 79  4.3341874916395E+01  1.3857730912297E-04  4.3341634234038E+01  4.3342113298370E+01  1.3824000000000E+05
 80  4.3901962449253E+01  1.3956921351034E-04  4.3901720091775E+01  4.3902202534610E+01  1.3824000000000E+05
 81  4.4462252275237E+01  1.4041260733507E-04  4.4462008448552E+01  4.4462493862482E+01  1.3824000000000E+05
 82  4.5022744532902E+01  1.4116262876021E-04  4.5022499437276E+01  4.5022987424534E+01  1.3824000000000E+05
 83  4.5583439332592E+01  1.4179014842366E-04  4.5583193161633E+01  4.5583683336222E+01  1.3824000000000E+05
 84  4.6144336756811E+01  1.4231099666758E-04  4.6144089696872E+01  4.6144581685909E+01  1.3824000000000E+05
 85  4.6705436860780E+01  1.4273786546679E-04  4.6705189090739E+01  4.6705682535089E+01  1.3824000000000E+05
 86  4.7266739673124E+01  1.4306741366639E-04  4.7266491364500E+01  4.7266985918785E+01  1.3824000000000E+05
 87  4.7828245196642E+01  1.4328865399021E-04  4.7827996513966E+01  4.7828491846072E+01  1.3824000000000E+05
 88  4.8389953409095E+01  1.4341777015260E-04  4.8389704510490E+01  4.8390200300680E+01  1.3824000000000E+05
 89  4.8951864263989E+01  1.4346626763977E-04  4.8951615301866E+01  4.8952111241645E+01  1.3824000000000E+05
 90  4.9513977691316E+01  1.4341890524937E-04  4.9513728813141E+01  4.9514224603990E+01  1.3824000000000E+05
 91  5.0076293598251E+01  1.4328821173236E-04  5.0076044947286E+01  5.0076540299402E+01  1.3824000000000E+05
 92  5.0638811869778E+01  1.4309434380746E-04  5.0638563585764E+01  5.0639058216910E+01  1.3824000000000E+05
 93  5.1201532369281E+01  1.4278176280027E-04  5.1201284588986E+01  5.1201778223560E+01  1.3824000000000E+05
 94  5.1764454939081E+01  1.4241597012508E-04  5.1764207796678E+01  5.1764700165090E+01  1.3824000000000E+05
 95  5.2327579400962E+01  1.4197546430531E-04  5.2327333028208E+01  5.2327823866607E+01  1.3824000000000E+05
 96  5.2890905556702E+01  1.4150663219446E-04  5.2890660082882E+01  5.2891149133301E+01  1.3824000000000E+05
 97  5.3454433188638E+01  1.4089074899551E-04  5.3454188740283E+01  5.3454675751199E+01  1.3824000000000E+05
 98  5.4018162060293E+01  1.4020539204127E-04  5.4017918760662E+01  5.4018403487973E+01  1.3824000000000E+05
 99  5.4582091917106E+01  1.3949335869553E-04  5.4581849885453E+01  5.4582332093845E+01  1.3824000000000E+05
100  5.5146222487270E+01  1.3869609213599E-04  5.5145981837927E+01  5.5146461302573E+01  1.3824000000000E+05
101  5.5710553482726E+01  1.3783586819230E-04  5.5710314324028E+01  5.5710790832564E+01  1.3824000000000E+05
102  5.6275084600306E+01  1.3694129368046E-04  5.6274847033421E+01  5.6275320388103E+01  1.3824000000000E+05
103  5.6839815523059E+01  1.3596451326837E-04  5.6839579640752E+01  5.6840049660709E+01  1.3824000000000E+05
104  5.7404745921742E+01  1.3495700989917E-04  5.7404511807151E+01  5.7404978330627E+01  1.3824000000000E+05
105  5.7969875456484E+01  1.3390361204622E-04  5.7969643181947E+01  5.7970106068436E+01  1.3824000000000E+05
106  5.8535203778612E+01  1.3286136966772E-04  5.8534973404603E+01  5.8535432536774E+01  1.3824000000000E+05
107  5.9100730532604E+01  1.3169673892131E-04  5.9100502106839E+01  5.9100957392151E+01  1.3824000000000E+05
108  5.9666455358161E+01  1.3053513119596E-04  5.9666228914907E+01  5.9666680286850E+01  1.3824000000000E+05
109  6.0232377892353E+01  1.2940188259700E-04  6.0232153451979E+01  6.0232600870854E+01  1.3824000000000E+05
110  6.0798497771802E+01  1.2826451438630E-04  6.0798275340600E+01  6.0798718793813E+01  1.3824000000000E+05
111  6.1364814634869E+01  1.2712823086410E-04  6.1364594205162E+01  6.1365033706980E+01  1.3824000000000E+05
112  6.1931328123796E+01  1.2600790722263E-04  6.1931109674326E+01  6.1931545265114E+01  1.3824000000000E+05
113  6.2498037886760E+01  1.2488197590706E-04  6.2497821383369E+01  6.2498253128296E+01  1.3824000000000E+05
114  6.3064943579808E+01  1.2379698562511E-04  6.3064728976368E+01  6.3065156963642E+01  1.3824000000000E+05
115  6.3632044868630E+01  1.2276906438132E-04  6.3631832108207E+01  6.3632256446874E+01  1.3824000000000E+05
116  6.4199341430132E+01  1.2174237116426E-04  6.4199130446349E+01  6.4199551263733E+01  1.3824000000000E+05
117  6.4766832953798E+01  1.2073013000758E-04  6.4766623672342E+01  6.4767041111204E+01  1.3824000000000E+05
118  6.5334519142804E+01  1.1982484641196E-04  6.5334311483036E+01  6.5334725698547E+01  1.3824000000000E+05
119  6.5902399714889E+01  1.1896951530213E-04  6.5902193591503E+01  6.5902604748111E+01  1.3824000000000E+05
120  6.6470474402961E+01  1.1814096932008E-04  6.6470269727639E+01  6.6470677995945E+01  1.3824000000000E+05
121  6.7038742955453E+01  1.1732589490467E-04  6.7038539638474E+01  6.7038945192186E+01  1.3824000000000E+05
122  6.7607205136431E+01  1.1652160551944E-04  6.7607003088184E+01  6.7607406101242E+01  1.3824000000000E+05
123  6.8175860725477E+01  1.1584358538754E-04  6.8175659857833E+01  6.8176060501780E+01  1.3824000000000E+05
124  6.8744709517356E+01  1.1532649494131E-04  6.8744509744887E+01  6.8744908186532E+01  1.3824000000000E+05
125  6.9313751321508E+01  1.1464656708086E-04  6.9313552562508E+01  6.9313948961942E+01  1.3824000000000E+05
126  6.9882985961378E+01  1.1414392231050E-04  6.9882788138688E+01  6.9883182647667E+01  1.3824000000000E+05
127  7.0452413273630E+01  1.1359388515223E-04  7.0452216315255E+01  7.0452609075964E+01  1.3824000000000E+05
128  7.1022033107267E+01  1.1314207064063E-04  7.1021836946780E+01  7.1022228090986E+01  1.3824000000000E+05
129  7.1591845322686E+01  1.1269841683833E-04  7.1591649899450E+01  7.1592039548012E+01  1.3824000000000E+05
130  7.2161849790708E+01  1.1230662406968E-04  7.2161655049910E+01  7.2162043312628E+01  1.3824000000000E+05
131  7.2732046391599E+01  1.1190586422300E-04  7.2731852284137E+01  7.2732239259888E+01  1.3824000000000E+05
132  7.3302435014114E+01  1.1165433162528E-04  7.3302241496350E+01  7.3302627273481E+01  1.3824000000000E+05
133  7.3873015554578E+01  1.1129233974286E-04  7.3872822587996E+01  7.3873207244902E+01  1.3824000000000E+05
134  7.4443787916022E+01  1.1093906449157E-04  7.4443595466809E+01  7.4443979072663E+01  1.3824000000000E+05
135  7.5014752007383E+01  1.1070592939296E-04  7.5014560045977E+01  7.5014942661544E+01  1.3824000000000E+05
136  7.5585907742781E+01  1.1042762675814E-04  7.5585716243397E+01  7.5586097921889E+01  1.3824000000000E+05
137  7.6157255040866E+01  1.1013984733901E-04  7.6157063981033E+01  7.6157444768963E+01  1.3824000000000E+05
138  7.6728793824241E+01  1.0990387797708E-04  7.6728603184366E+01  7.6728983122362E+01  1.3824000000000E+05
139  7.7300524018959E+01  1.0967223951008E-04  7.7300333781934E+01  7.7300712905485E+01  1.3824000000000E+05
140  7.7872445554077E+01  1.0935874879253E-04  7.7872255704942E+01  7.7872634045053E+01  1.3824000000000E+05
141  7.8444558361275E+01  1.0922563461394E-04  7.8444368886934E+01  7.8444746470688E+01  1.3824000000000E+05
142  7.9016862374519E+01  1.0901349887831E-04  7.9016673263515E+01  7.9017050114530E+01  1.3824000000000E+05
143  7.9589357529760E+01  1.0878466418522E-04  7.9589168772108E+01  7.9589544910903E+01  1.3824000000000E+05
144  8.0162043764677E+01  1.0859317011955E-04  8.0161855351736E+01  8.0162230796012E+01  1.3824000000000E+05
145  8.0734921018427E+01  1.0839106400847E-04  8.0734732942818E+01  8.0735107707674E+01  1.3824000000000E+05
146  8.1307989231434E+01  1.0813861055248E-04  8.1307801486966E+01  8.1308175585078E+01  1.3824000000000E+05
147  8.1881248345171E+01  1.0790807674370E-04  8.1881060926795E+01  8.1881434368564E+01  1.3824000000000E+05
148  8.2454698301977E+01  1.0783867033140E-04  8.2454511205724E+01  8.2454883999436E+01  1.3824000000000E+05
149  8.3028339044874E+01  1.0766682060671E-04  8.3028152267784E+01  8.3028524419782E+01  1.3824000000000E+05
150  8.3602170517402E+01  1.0744049338603E-04  8.3601984057427E+01  8.3602355572333E+01  1.3824000000000E+05
151  8.4176192663477E+01  1.0720198833015E-04  8.4176006519355E+01  8.4176377400332E+01  1.3824000000000E+05
152  8.4750405427265E+01  1.0707429026214E-04  8.4750219598355E+01  8.4750589847433E+01  1.3824000000000E+05
153  8.5324808753087E+01  1.0683490575018E-04  8.5324623239175E+01  8.5324992857633E+01  1.3824000000000E+05
154  8.5899402585359E+01  1.0673524326421E-04  8.5899217386428E+01  8.5899586375222E+01  1.3824000000000E+05
155  8.6474186868561E+01  1.0653680830985E-04  8.6474001984538E+01  8.6474370344771E+01  1.3824000000000E+05
156  8.7049161547251E+01  1.0635300308828E-04  8.7048976977742E+01  8.7049344711148E+01  1.3824000000000E+05
157  8.7624326566119E+01  1.0618519618030E-04  8.7624142310140E+01  8.7624509419566E+01  1.3824000000000E+05
158  8.8199681870076E+01  1.0610477276878E-04  8.8199497925805E+01  8.8199864415655E+01  1.3824000000000E+05
159  8.8775227404391E+01  1.0582011047848E-04  8.8775043768942E+01  8.8775409645567E+01  1.3824000000000E+05
160  8.9350963114848E+01  1.0568970930785E-04  8.9350779784100E+01  8.9351145056089E+01  1.3824000000000E+05
161  8.9926888947936E+01  1.0545634633584E-04  8.9926705916418E+01  8.9927070594780E+01  1.3824000000000E+05
162  9.0503004851053E+01  1.0531426175575E-04  9.0502822111908E+01  9.0503186210106E+01  1.3824000000000E+05
163  9.1079310772708E+01  1.0520283108677E-04  9.1079128317741E+01  9.1079491851571E+01  1.3824000000000E+05
164  9.1655806662720E+01  1.0494734250692E-04  9.1655624482542E+01  9.1655987469834E+01  1.3824000000000E+05
165  9.2232492472386E+01  1.0484482132908E-04  9.2232310556655E+01  9.2232673016796E+01  1.3824000000000E+05
166  9.2809368154611E+01  1.0469335972798E-04  9.2809186492367E+01  9.2809548445650E+01  1.3824000000000E+05
167  9.3386433663989E+01  1.0459133209495E-04  9.3386252244083E+01  9.3386613710884E+01  1.3824000000000E+05
168  9.3963688956802E+01  1.0451349585357E-04  9.3963507768406E+01  9.3963868768218E+01  1.3824000000000E+05
169  9.4541133990954E+01  1.0421373974949E-04  9.4540953024138E+01  9.4541313574478E+01  1.3824000000000E+05
170  9.5118768725800E+01  1.0405288760939E-04  9.5118587972161E+01  9.5118948087388E+01  1.3824000000000E+05
171  9.5696593121886E+01  1.0408564639719E-04  9.5696412575209E+01  9.5696772265283E+01  1.3824000000000E+05
172  9.6274607140578E+01  1.0397508085451E-04  9.6274426797500E+01  9.6274786066738E+01  1.3824000000000E+05
173  9.6852810743592E+01  1.0382347289836E-04  9.6852630604258E+01  9.6852989450114E+01  1.3824000000000E+05
174  9.7431203892414E+01  1.0369105949549E-04  9.7431023961092E+01  9.7431382373013E+01  1.3824000000000E+05
175  9.8009786547637E+01  1.0352407112794E-04  9.8009606833268E+01  9.8009964791673E+01  1.3824000000000E+05
176  9.8588558668198E+01  1.0336307050372E-04  9.8588379184866E+01  9.8588736660280E+01  1.3824000000000E+05
177  9.9167520210549E+01  1.0327108147846E-04  9.9167340977846E+01  9.9167697930236E+01  1.3824000000000E+05
178  9.9746671127775E+01  1.0309850753162E-04  9.9746492171044E+01  9.9746848549376E+01  1.3824000000000E+05
179  1.0032601136867E+02  1.0288646020072E-04  1.0032583271911E+02  1.0032618846117E+02  1.3824000000000E+05
180  1.0090554087678E+02  1.0272582345179E-04  1.0090536257143E+02  1.0090571760391E+02  1.3824000000000E+05
181  1.0148525958950E+02  1.0252737581623E-04  1.0148508167105E+02  1.0148543590991E+02  1.3824000000000E+05
182  1.0206516743715E+02  1.0215277059220E-04  1.0206498995358E+02  1.0206534330472E+02  1.3824000000000E+05
183  1.0264526434212E+02  1.0194712397393E-04  1.0264508734627E+02  1.0264543970645E+02  1.3824000000000E+05
184  1.0322555021813E+02  1.0164873763699E-04  1.0322537376702E+02  1.0322572502507E+02  1.3824000000000E+05
185  1.0380602496950E+02  1.0132101969087E-04  1.0380584912363E+02  1.0380619916191E+02  1.3824000000000E+05
186  1.0438668849065E+02  1.0093956356501E-04  1.0438651331311E+02  1.0438686200914E+02  1.3824000000000E+05
187  1.0496754066566E+02  1.0047161901041E-04  1.0496736622114E+02  1.0496771344952E+02  1.3824000000000E+05
188  1.0554858136801E+02  9.9930423584983E-05  1.0554840772180E+02  1.0554875335612E+02  1.3824000000000E+05
189  1.0612981046046E+02  9.9517424805473E-05  1.0612963767733E+02  1.0612998159234E+02  1.3824000000000E+05
190  1.0671122779517E+02  9.8872107488124E-05  1.0671105593825E+02  1.0671139801199E+02  1.3824000000000E+05
191  1.0729283321394E+02  9.8403049278662E-05  1.0729266234358E+02  1.0729300245952E+02  1.3824000000000E+05
192  1.0787462654862E+02  9.7712864860663E-05  1.0787445672131E+02  1.0787479477047E+02  1.3824000000000E+05
193  1.0845660762175E+02  9.7187158373130E-05  1.0845643888904E+02  1.0845677477201E+02  1.3824000000000E+05
194  1.0903877624731E+02  9.6415410515837E-05  1.0903860865486E+02  1.0903894228364E+02  1.3824000000000E+05
195  1.0962113223170E+02  9.5695244785145E-05  1.0962096581835E+02  1.0962129711808E+02  1.3824000000000E+05
196  1.1020367537476E+02  9.5107923067381E-05  1.1020351017182E+02  1.1020383908216E+02  1.3824000000000E+05
197  1.1078640547099E+02  9.4380286776166E-05  1.1078624150162E+02  1.1078656797797E+02  1.3824000000000E+05
198  1.1136932231086E+02  9.3678702237217E-05  1.1136915958957E+02  1.1136948360393E+02  1.3824000000000E+05
 
 field : PHI_NH   ; Iter =      3120 ; region #   0 ; nb.Lev = 198
 k | --   Average    -- | --   Std.Dev    -- | --     min      -- | --     max      -- | --    Vol
  0  2.1978495426163E-13  3.4901419057751E-12 -2.1850399571854E-11  2.4291637883546E-11  2.7371520000000E+07
  1 -2.4031668756931E-14  3.0286686448545E-12 -1.2122921015551E-11  9.7969360581239E-12  1.3824000000000E+05
  2 -2.1611269942571E-14  3.0401690788598E-12 -1.2346859298577E-11  9.9890820615247E-12  1.3824000000000E+05
  3 -1.7466908745456E-14  3.0765366063672E-12 -1.2907293544628E-11  1.0127922374351E-11  1.3824000000000E+05
  4 -1.4635322638533E-14  3.0724170207304E-12 -1.3195948583119E-11  1.0232638385672E-11  1.3824000000000E+05
  5 -9.3902591745854E-15  3.0921875314340E-12 -1.3569924111715E-11  1.0321983934291E-11  1.3824000000000E+05
  6 -4.9475206814649E-15  3.1145639986915E-12 -1.3893270147004E-11  1.0492418568867E-11  1.3824000000000E+05
  7 -1.6661989029222E-15  3.1029590887205E-12 -1.4171515354740E-11  1.0484460240178E-11  1.3824000000000E+05
  8  2.6577208712275E-15  3.1447764823611E-12 -1.4725445758341E-11  1.0562333548227E-11  1.3824000000000E+05
  9  5.9860878527753E-15  3.1521556086380E-12 -1.4991465526002E-11  1.0695154574185E-11  1.3824000000000E+05
 10  9.9829684495118E-15  3.1018977040624E-12 -1.4959953904212E-11  1.0548718346011E-11  1.3824000000000E+05
 11  1.6102544907344E-14  3.1124838942158E-12 -1.5166934862937E-11  1.0505199911144E-11  1.3824000000000E+05
 12  2.0013288998506E-14  3.1351212430356E-12 -1.5589618125728E-11  1.0568038242266E-11  1.3824000000000E+05
 13  2.1666151558242E-14  3.0755372213012E-12 -1.5557818222502E-11  1.0413232194424E-11  1.3824000000000E+05
 14  2.6059774453005E-14  3.0039535823206E-12 -1.5489816020699E-11  1.0120808904423E-11  1.3824000000000E+05
 15  3.1318397562334E-14  2.9882495113759E-12 -1.5651908028676E-11  9.9813806017299E-12  1.3824000000000E+05
 16  3.4514125263264E-14  2.9705377296618E-12 -1.5744367845752E-11  9.8726516528035E-12  1.3824000000000E+05
 17  3.7370614803434E-14  2.8810384012344E-12 -1.5520316992848E-11  9.5636159619571E-12  1.3824000000000E+05
 18  4.0269749101283E-14  2.7358019421392E-12 -1.5200652994537E-11  9.0131492310597E-12  1.3824000000000E+05
 19  4.3121548338320E-14  2.6082709058439E-12 -1.4826653710757E-11  8.4298464232836E-12  1.3824000000000E+05
 20  4.7237433488342E-14  2.5395517817265E-12 -1.4681203944960E-11  8.4522747759548E-12  1.3824000000000E+05
 21  5.1106697023217E-14  2.4879136764357E-12 -1.4602383691060E-11  8.4989108463815E-12  1.3824000000000E+05
 22  5.2193600390846E-14  2.3777046017503E-12 -1.4183445488133E-11  8.3840750822948E-12  1.3824000000000E+05
 23  5.2439738566691E-14  2.1806191184452E-12 -1.3291710679233E-11  8.0493384943916E-12  1.3824000000000E+05
 24  5.4418906249002E-14  1.9377386232269E-12 -1.2043470471212E-11  7.8647942253421E-12  1.3824000000000E+05
 25  5.6638964152729E-14  1.7234264029935E-12 -1.0748512204505E-11  7.8901295600857E-12  1.3824000000000E+05
 26  5.7836592541928E-14  1.5852372360684E-12 -9.5147365264533E-12  7.8984777172824E-12  1.3824000000000E+05
 27  5.9140532944988E-14  1.5220319912998E-12 -8.4129301360341E-12  7.7901921245607E-12  1.3824000000000E+05
 28  6.0865019803108E-14  1.5137822768188E-12 -7.5756248661012E-12  7.6153275356816E-12  1.3824000000000E+05
 29  6.2289769858720E-14  1.5353712559037E-12 -7.4482506828141E-12  7.4210427386429E-12  1.3824000000000E+05
 30  6.3107941870578E-14  1.5593419646782E-12 -7.3719832626059E-12  7.1782737560110E-12  1.3824000000000E+05
 31  6.3638092854708E-14  1.5729573188928E-12 -7.3231098303967E-12  6.9006882424658E-12  1.3824000000000E+05
 32  6.4815027505902E-14  1.5832323150548E-12 -7.2910414984068E-12  6.6734582731442E-12  1.3824000000000E+05
 33  6.7001213175922E-14  1.5983560976491E-12 -7.3225812511810E-12  6.5192300716876E-12  1.3824000000000E+05
 34  6.9064662090962E-14  1.6139700584572E-12 -7.3245163217937E-12  6.3610390116652E-12  1.3824000000000E+05
 35  7.0140331183434E-14  1.6216162608005E-12 -7.2502707406812E-12  6.1554165970480E-12  1.3824000000000E+05
 36  7.1141139870906E-14  1.6214791445800E-12 -7.1470363343945E-12  5.9188862855411E-12  1.3824000000000E+05
 37  7.3411007391327E-14  1.6221671549602E-12 -7.0974642774031E-12  5.7509648792270E-12  1.3824000000000E+05
 38  7.6979490776558E-14  1.6307120667511E-12 -7.0707698938847E-12  5.7198128085083E-12  1.3824000000000E+05
 39  8.0666494635958E-14  1.6451216379455E-12 -7.0467029641713E-12  5.6673981902269E-12  1.3824000000000E+05
 40  8.3354886517003E-14  1.6563257445041E-12 -7.0128802907992E-12  5.5824611868176E-12  1.3824000000000E+05
 41  8.5069513771236E-14  1.6566965912267E-12 -6.9073093860111E-12  5.5451922512876E-12  1.3824000000000E+05
 42  8.6776992287113E-14  1.6466510478547E-12 -6.7704164517346E-12  5.5387572710045E-12  1.3824000000000E+05
 43  8.9171269209497E-14  1.6339916846040E-12 -6.5696742157889E-12  5.5146514007052E-12  1.3824000000000E+05
 44  9.2256406801255E-14  1.6270456902527E-12 -6.3973758593365E-12  5.5538979022692E-12  1.3824000000000E+05
 45  9.5906215674588E-14  1.6283909743660E-12 -6.1976341290179E-12  5.7076051058472E-12  1.3824000000000E+05
 46  9.9828347223238E-14  1.6341952701529E-12 -6.0457705536615E-12  5.8778433837642E-12  1.3824000000000E+05
 47  1.0320694803396E-13  1.6376193996649E-12 -5.8416135779344E-12  6.0225531067241E-12  1.3824000000000E+05
 48  1.0519084310980E-13  1.6330366889016E-12 -5.6218244170149E-12  6.0986986456679E-12  1.3824000000000E+05
 49  1.0561141299009E-13  1.6191910554291E-12 -5.3598976346649E-12  6.0454962859534E-12  1.3824000000000E+05
 50  1.0493312173791E-13  1.6000913915882E-12 -5.1733284787030E-12  5.8214225754157E-12  1.3824000000000E+05
 51  1.0365881026730E-13  1.5828189725262E-12 -4.9442390823099E-12  5.4822224947704E-12  1.3824000000000E+05
 52  1.0196497608912E-13  1.5734514500321E-12 -4.7061927494555E-12  5.0708107355554E-12  1.3824000000000E+05
 53  9.9961365795809E-14  1.5743918507059E-12 -4.5029996012578E-12  4.9406860629105E-12  1.3824000000000E+05
 54  9.8140409299897E-14  1.5846405815061E-12 -4.6426871354975E-12  4.8375657142226E-12  1.3824000000000E+05
 55  9.7196119807028E-14  1.6018308859144E-12 -4.7617189930236E-12  4.7791680722314E-12  1.3824000000000E+05
 56  9.7343134999525E-14  1.6237688758218E-12 -4.8599799308638E-12  4.7543390096577E-12  1.3824000000000E+05
 57  9.8139010872319E-14  1.6486259974168E-12 -4.9423015996360E-12  4.7573021512685E-12  1.3824000000000E+05
 58  9.9077933663427E-14  1.6745397614697E-12 -5.0151910416001E-12  5.0595581741336E-12  1.3824000000000E+05
 59  1.0009240640765E-13  1.6998164425497E-12 -5.0868516900438E-12  5.4015688518125E-12  1.3824000000000E+05
 60  1.0144572087933E-13  1.7237656249117E-12 -5.1478528490670E-12  5.7008194882671E-12  1.3824000000000E+05
 61  1.0333628267771E-13  1.7470117845718E-12 -5.1978438087444E-12  5.9080744449409E-12  1.3824000000000E+05
 62  1.0569456539891E-13  1.7708155568293E-12 -5.2541745624587E-12  6.1615770248900E-12  1.3824000000000E+05
 63  1.0835382913908E-13  1.7960024115166E-12 -5.3147974785018E-12  6.3715930546237E-12  1.3824000000000E+05
 64  1.1116469038992E-13  1.8222688299464E-12 -5.3662367380136E-12  6.6152570760943E-12  1.3824000000000E+05
 65  1.1389263007776E-13  1.8484403573891E-12 -5.4163238206791E-12  6.8084614401652E-12  1.3824000000000E+05
 66  1.1631467742816E-13  1.8732435332160E-12 -5.4671363749706E-12  6.9415086190644E-12  1.3824000000000E+05
 67  1.1853557722843E-13  1.8961662519484E-12 -5.5178506458007E-12  6.9972422562946E-12  1.3824000000000E+05
 68  1.2094509917459E-13  1.9177422097339E-12 -5.5471664333226E-12  7.0001177085222E-12  1.3824000000000E+05
 69  1.2382170348038E-13  1.9391570568888E-12 -5.5739381215090E-12  6.9544859141710E-12  1.3824000000000E+05
 70  1.2719726766762E-13  1.9615169917908E-12 -5.5993443272836E-12  6.9625795687652E-12  1.3824000000000E+05
 71  1.3091907552400E-13  1.9852543444328E-12 -5.6178288173520E-12  6.9940792305588E-12  1.3824000000000E+05
 72  1.3479510290990E-13  2.0100675171896E-12 -5.6563638942649E-12  7.0541460318710E-12  1.3824000000000E+05
 73  1.3870644078910E-13  2.0351223952461E-12 -5.7386899267996E-12  7.1093760045131E-12  1.3824000000000E+05
 74  1.4242447519088E-13  2.0594722526042E-12 -5.8260450398067E-12  7.1189666313223E-12  1.3824000000000E+05
 75  1.4553917884039E-13  2.0825975908027E-12 -5.9175391429727E-12  7.0877256124493E-12  1.3824000000000E+05
 76  1.4777790260601E-13  2.1046386213332E-12 -6.0071953087909E-12  6.9348306659954E-12  1.3824000000000E+05
 77  1.4923851795153E-13  2.1262930988820E-12 -6.1006164600137E-12  6.6945203346092E-12  1.3824000000000E+05
 78  1.5025580139006E-13  2.1484146465826E-12 -6.1804058032821E-12  6.3562511784451E-12  1.3824000000000E+05
 79  1.5122378751056E-13  2.1717135469811E-12 -6.2524252902986E-12  5.9586335617762E-12  1.3824000000000E+05
 80  1.5243658702171E-13  2.1965788683685E-12 -6.4573714055017E-12  5.5870158154931E-12  1.3824000000000E+05
 81  1.5396819960324E-13  2.2230738055071E-12 -6.6722145546894E-12  5.7618273118861E-12  1.3824000000000E+05
 82  1.5581455634044E-13  2.2510471517771E-12 -6.9336472084678E-12  5.9252242004846E-12  1.3824000000000E+05
 83  1.5801011763393E-13  2.2801343715108E-12 -7.1802233064447E-12  6.0997705256186E-12  1.3824000000000E+05
 84  1.6058105824677E-13  2.3097891758151E-12 -7.4218367328951E-12  6.2589105164823E-12  1.3824000000000E+05
 85  1.6358277036377E-13  2.3395375900964E-12 -7.6577282141635E-12  6.4232264331231E-12  1.3824000000000E+05
 86  1.6714967168603E-13  2.3691625096507E-12 -7.8808462115320E-12  6.5588559261557E-12  1.3824000000000E+05
 87  1.7129961527675E-13  2.3986127949210E-12 -8.0658136951404E-12  6.7177137472623E-12  1.3824000000000E+05
 88  1.7578498307043E-13  2.4279284053125E-12 -8.2451352541937E-12  6.8406780581987E-12  1.3824000000000E+05
 89  1.8032822110780E-13  2.4572174206172E-12 -8.4174778694823E-12  6.9714738799000E-12  1.3824000000000E+05
 90  1.8476150232881E-13  2.4865214717409E-12 -8.5736109998201E-12  7.0917042944214E-12  1.3824000000000E+05
 91  1.8901120563666E-13  2.5157998179424E-12 -8.7201198399429E-12  7.2011622420619E-12  1.3824000000000E+05
 92  1.9312316492950E-13  2.5449978542004E-12 -8.8550757431343E-12  7.3047670863864E-12  1.3824000000000E+05
 93  1.9713146763575E-13  2.5740287700468E-12 -8.9705943925274E-12  7.4124311150451E-12  1.3824000000000E+05
 94  2.0099490194556E-13  2.6028231659266E-12 -9.0716599829021E-12  7.4797976327440E-12  1.3824000000000E+05
 95  2.0473168341202E-13  2.6313924089923E-12 -9.1784735852447E-12  7.5218067547615E-12  1.3824000000000E+05
 96  2.0844108647777E-13  2.6597615631653E-12 -9.2770941353244E-12  7.5295505595041E-12  1.3824000000000E+05
 97  2.1218893613508E-13  2.6879011308557E-12 -9.3477113748439E-12  7.5355472919934E-12  1.3824000000000E+05
 98  2.1596042668221E-13  2.7157614373995E-12 -9.4161135662958E-12  7.5008962389159E-12  1.3824000000000E+05
 99  2.1967201136037E-13  2.7433744163879E-12 -9.5368717704678E-12  7.4325608874781E-12  1.3824000000000E+05
100  2.2314236457658E-13  2.7707449751768E-12 -9.8042243868423E-12  7.3545265360325E-12  1.3824000000000E+05
101  2.2614985182755E-13  2.7978472424583E-12 -1.0069022908054E-11  7.2625297004610E-12  1.3824000000000E+05
102  2.2860708848714E-13  2.8247372800499E-12 -1.0324916914868E-11  7.1241578823189E-12  1.3824000000000E+05
103  2.3056293980614E-13  2.8514954310255E-12 -1.0584419125622E-11  6.9786859322859E-12  1.3824000000000E+05
104  2.3213933163983E-13  2.8781660327879E-12 -1.0847592622431E-11  6.7913892030100E-12  1.3824000000000E+05
105  2.3353809376514E-13  2.9048728551731E-12 -1.1108979831810E-11  6.5862788257970E-12  1.3824000000000E+05
106  2.3490354627233E-13  2.9317625228676E-12 -1.1349913582181E-11  6.8151999541292E-12  1.3824000000000E+05
107  2.3623036299916E-13  2.9588764146466E-12 -1.1575316011520E-11  7.2329590173068E-12  1.3824000000000E+05
108  2.3750841902699E-13  2.9862537317347E-12 -1.1808706069182E-11  7.6498501785538E-12  1.3824000000000E+05
109  2.3883501720392E-13  3.0139312812315E-12 -1.2044817853010E-11  8.0485059164654E-12  1.3824000000000E+05
110  2.4033400501441E-13  3.0418956667730E-12 -1.2242977678168E-11  8.4349540242516E-12  1.3824000000000E+05
111  2.4206994365790E-13  3.0701170857477E-12 -1.2434784748756E-11  8.7991938115211E-12  1.3824000000000E+05
112  2.4410114251364E-13  3.0985601353376E-12 -1.2585932061314E-11  9.1417090804817E-12  1.3824000000000E+05
113  2.4643738854827E-13  3.1272375244766E-12 -1.2757308626419E-11  9.4619646323989E-12  1.3824000000000E+05
114  2.4897239050865E-13  3.1561585067058E-12 -1.2909798549584E-11  9.7866062989890E-12  1.3824000000000E+05
115  2.5163039461539E-13  3.1854060896411E-12 -1.3058986635787E-11  1.0070199598970E-11  1.3824000000000E+05
116  2.5433537696293E-13  3.2151184552362E-12 -1.3158865190709E-11  1.0330781059422E-11  1.3824000000000E+05
117  2.5693229477763E-13  3.2452712602526E-12 -1.3254434337070E-11  1.0588151916426E-11  1.3824000000000E+05
118  2.5933545661455E-13  3.2759156825327E-12 -1.3324778376740E-11  1.0823812672008E-11  1.3824000000000E+05
119  2.6151851182353E-13  3.3071491095086E-12 -1.3416934481892E-11  1.1069924997683E-11  1.3824000000000E+05
120  2.6343698638821E-13  3.3388852531190E-12 -1.3476575890093E-11  1.1293847090967E-11  1.3824000000000E+05
121  2.6512667302421E-13  3.3710171871731E-12 -1.3552412330000E-11  1.1528679720020E-11  1.3824000000000E+05
122  2.6674936899521E-13  3.4034834803239E-12 -1.3579325107796E-11  1.1672017906407E-11  1.3824000000000E+05
123  2.6844668124912E-13  3.4362654168911E-12 -1.3609773530275E-11  1.1815043798711E-11  1.3824000000000E+05
124  2.7022243893841E-13  3.4693175135912E-12 -1.3610754267248E-11  1.1980079430595E-11  1.3824000000000E+05
125  2.7204587553528E-13  3.5026345799427E-12 -1.3617910079840E-11  1.2120081466908E-11  1.3824000000000E+05
126  2.7386595863132E-13  3.5362947717683E-12 -1.3585963955498E-11  1.2249783558416E-11  1.3824000000000E+05
127  2.7557595024873E-13  3.5703174094873E-12 -1.3559933223864E-11  1.2326217331493E-11  1.3824000000000E+05
128  2.7713703387500E-13  3.6047306812765E-12 -1.3504357358843E-11  1.2406382020357E-11  1.3824000000000E+05
129  2.7858106564750E-13  3.6394677903652E-12 -1.3439208833775E-11  1.2460269045284E-11  1.3824000000000E+05
130  2.7992209827294E-13  3.6744484470325E-12 -1.3341607756382E-11  1.2517425179587E-11  1.3824000000000E+05
131  2.8121055141032E-13  3.7097119467124E-12 -1.3251259956410E-11  1.2567456254878E-11  1.3824000000000E+05
132  2.8253543061250E-13  3.7452509085766E-12 -1.3133122130700E-11  1.2642503719234E-11  1.3824000000000E+05
133  2.8391729429588E-13  3.7810518350005E-12 -1.3016589214714E-11  1.2689054778679E-11  1.3824000000000E+05
134  2.8539154580318E-13  3.8171269280402E-12 -1.2882431782249E-11  1.2730597113100E-11  1.3824000000000E+05
135  2.8710152383739E-13  3.8535034267167E-12 -1.2740305118450E-11  1.2765934607320E-11  1.3824000000000E+05
136  2.8915272813542E-13  3.8901940034194E-12 -1.2611907578912E-11  1.2809660999964E-11  1.3824000000000E+05
137  2.9159247934086E-13  3.9271681897266E-12 -1.2482585246591E-11  1.2813740399668E-11  1.3824000000000E+05
138  2.9448852646225E-13  3.9644411999858E-12 -1.2343402398074E-11  1.2821770789592E-11  1.3824000000000E+05
139  2.9785290373511E-13  4.0019986995502E-12 -1.2194577867852E-11  1.2812149822922E-11  1.3824000000000E+05
140  3.0162919321064E-13  4.0396960417345E-12 -1.2067451659574E-11  1.2810647499386E-11  1.3824000000000E+05
141  3.0578407649553E-13  4.0774108578419E-12 -1.1991375005077E-11  1.2787193404489E-11  1.3824000000000E+05
142  3.1029995042172E-13  4.1151132790905E-12 -1.2075461300396E-11  1.2970167281791E-11  1.3824000000000E+05
143  3.1511338198061E-13  4.1527820994998E-12 -1.2158822395486E-11  1.3720135531707E-11  1.3824000000000E+05
144  3.2014086413884E-13  4.1903273026833E-12 -1.2243789561953E-11  1.4472510415050E-11  1.3824000000000E+05
145  3.2532581226184E-13  4.2276199548329E-12 -1.2325448355384E-11  1.5247695134157E-11  1.3824000000000E+05
146  3.3060515068653E-13  4.2645823709218E-12 -1.2396114546809E-11  1.5983530325330E-11  1.3824000000000E+05
147  3.3590499914797E-13  4.3011439998516E-12 -1.2471800421348E-11  1.6711499036627E-11  1.3824000000000E+05
148  3.4118253307953E-13  4.3372509893956E-12 -1.2532995304078E-11  1.7416586766476E-11  1.3824000000000E+05
149  3.4635901214820E-13  4.3728765975136E-12 -1.2584131487899E-11  1.8143669027416E-11  1.3824000000000E+05
150  3.5136683120751E-13  4.4080963570435E-12 -1.2636196263372E-11  1.8896135420183E-11  1.3824000000000E+05
151  3.5621233087012E-13  4.4430307403405E-12 -1.2690583119569E-11  1.9615010470244E-11  1.3824000000000E+05
152  3.6085976142769E-13  4.4776808936308E-12 -1.2728296108336E-11  2.0248361670908E-11  1.3824000000000E+05
153  3.6528536259565E-13  4.5120319393900E-12 -1.2762859858542E-11  2.0851752255178E-11  1.3824000000000E+05
154  3.6954955500719E-13  4.5461015267023E-12 -1.2784884871330E-11  2.1415525922249E-11  1.3824000000000E+05
155  3.7368808366804E-13  4.5798835079897E-12 -1.2792888748380E-11  2.1959132230919E-11  1.3824000000000E+05
156  3.7765637600271E-13  4.6133044825172E-12 -1.2797270517299E-11  2.2473927741239E-11  1.3824000000000E+05
157  3.8142191581194E-13  4.6462674249541E-12 -1.2798222416199E-11  2.2939715644514E-11  1.3824000000000E+05
158  3.8499504731147E-13  4.6787861784589E-12 -1.2793321937565E-11  2.3272370250052E-11  1.3824000000000E+05
159  3.8838420641401E-13  4.7108273309786E-12 -1.2771083218738E-11  2.3561406992622E-11  1.3824000000000E+05
160  3.9165149163234E-13  4.7423645350749E-12 -1.2740276131788E-11  2.3779700682043E-11  1.3824000000000E+05
161  3.9483086861018E-13  4.7735121909477E-12 -1.2708782190432E-11  2.3992314383923E-11  1.3824000000000E+05
162  3.9787189732730E-13  4.8042942861799E-12 -1.2669779028774E-11  2.4152944255821E-11  1.3824000000000E+05
163  4.0080887680228E-13  4.8346726645008E-12 -1.2609139028797E-11  2.4263705043069E-11  1.3824000000000E+05
164  4.0371794480926E-13  4.8646712450596E-12 -1.2547736937457E-11  2.4291637883546E-11  1.3824000000000E+05
165  4.0662835654384E-13  4.8943244522745E-12 -1.2529019696383E-11  2.4287022222972E-11  1.3824000000000E+05
166  4.0954676888494E-13  4.9236781562933E-12 -1.2701044644495E-11  2.4269518333969E-11  1.3824000000000E+05
167  4.1243250398790E-13  4.9526888971610E-12 -1.2860511118245E-11  2.4215754537088E-11  1.3824000000000E+05
168  4.1526489381423E-13  4.9813126040760E-12 -1.3007498399993E-11  2.4139014306586E-11  1.3824000000000E+05
169  4.1804938469442E-13  5.0095243508098E-12 -1.3140739114731E-11  2.4001060986747E-11  1.3824000000000E+05
170  4.2075113335206E-13  5.0372959502432E-12 -1.3264500715653E-11  2.3787961765732E-11  1.3824000000000E+05
171  4.2334971679131E-13  5.0646214254800E-12 -1.3391159286756E-11  2.3597111510997E-11  1.3824000000000E+05
172  4.2586289685044E-13  5.0914634602762E-12 -1.3493125459824E-11  2.3392688027031E-11  1.3824000000000E+05
173  4.2829150369380E-13  5.1178368735526E-12 -1.3586194334781E-11  2.3188629235618E-11  1.3824000000000E+05
174  4.3057873806763E-13  5.1438372842399E-12 -1.3654475339192E-11  2.2968653218977E-11  1.3824000000000E+05
175  4.3263933261091E-13  5.1695037960263E-12 -1.3711922202418E-11  2.2681836916719E-11  1.3824000000000E+05
176  4.3441334708391E-13  5.1948871906637E-12 -1.3759167351778E-11  2.2444656983502E-11  1.3824000000000E+05
177  4.3588800581676E-13  5.2201433224371E-12 -1.3794644076893E-11  2.2218524547107E-11  1.3824000000000E+05
178  4.3712083276780E-13  5.2454073329135E-12 -1.3949001602441E-11  2.1972489980442E-11  1.3824000000000E+05
179  4.3812588049845E-13  5.2707536991984E-12 -1.4505306938925E-11  2.1783015769514E-11  1.3824000000000E+05
180  4.3881195222384E-13  5.2961748569130E-12 -1.5055465284285E-11  2.1576345388477E-11  1.3824000000000E+05
181  4.3915656792249E-13  5.3216095067102E-12 -1.5625085911192E-11  2.1402771003462E-11  1.3824000000000E+05
182  4.3922343328659E-13  5.3470108419162E-12 -1.6211105971414E-11  2.1208091597491E-11  1.3824000000000E+05
183  4.3901745164516E-13  5.3722739733687E-12 -1.6780728196640E-11  2.1045609757760E-11  1.3824000000000E+05
184  4.3852108089006E-13  5.3973195282156E-12 -1.7329953556024E-11  2.0922068590150E-11  1.3824000000000E+05
185  4.3777124415153E-13  5.4220526926920E-12 -1.7860316296293E-11  2.0801369888107E-11  1.3824000000000E+05
186  4.3680078292539E-13  5.4463008584701E-12 -1.8385312098153E-11  2.0676919716048E-11  1.3824000000000E+05
187  4.3564899960969E-13  5.4699497840360E-12 -1.8899419394975E-11  2.0600439078212E-11  1.3824000000000E+05
188  4.3438684998164E-13  5.4928848977504E-12 -1.9378828597220E-11  2.0533668505240E-11  1.3824000000000E+05
189  4.3302480147624E-13  5.5149017824713E-12 -1.9830406448717E-11  2.0496787464316E-11  1.3824000000000E+05
190  4.3153220990880E-13  5.5356939448821E-12 -2.0239240646884E-11  2.0471437989463E-11  1.3824000000000E+05
191  4.2996195097018E-13  5.5549307752599E-12 -2.0610133995319E-11  2.0466310278222E-11  1.3824000000000E+05
192  4.2835190302575E-13  5.5723769266242E-12 -2.0941978541078E-11  2.0426443281244E-11  1.3824000000000E+05
193  4.2668509204706E-13  5.5878642675681E-12 -2.1217023196517E-11  2.0363853879877E-11  1.3824000000000E+05
194  4.2508215641953E-13  5.6012539463995E-12 -2.1425533834803E-11  2.0344497919724E-11  1.3824000000000E+05
195  4.2367610419626E-13  5.6123605594937E-12 -2.1599357671066E-11  2.0333413195579E-11  1.3824000000000E+05
196  4.2252954948166E-13  5.6209904944471E-12 -2.1751393230953E-11  2.0351832354282E-11  1.3824000000000E+05
197  4.2175145645676E-13  5.6269489547108E-12 -2.1826379707884E-11  2.0299628120801E-11  1.3824000000000E+05
198  4.2138040617749E-13  5.6300271091891E-12 -2.1850399571854E-11  2.0308544545581E-11  1.3824000000000E+05
 
